identifiant,categorie,domaine,fonctionnalite,route,preconditions,environnement,version,langue,navigateur,format,attendu,observe,statut,preuve,anomalie,acces_ou_autorisation_manquante
SCN-0001,Rendu,Navigation et contenus,Accès direct et rendu de la route,/en,Visiteur ; session dédiée sans compte,production,575af4390efbe9b658d1b3d9b47f2a9932b1fc03,en,Chromium 149,1440 × 900,"Réponse 200 et contenu, ou 404 prévue pour profil inexistant ; pas d’exception JS",HTTP 200; titre: Lunidex — Pokémon TCG Card Catalog & Collection Tracker; destination: https://lunidex.app/en,réussi,routes-en-01.json,,
SCN-0002,Rendu,Références Pokémon,Accès direct et rendu de la route,/en/pokedex,Visiteur ; session dédiée sans compte,production,575af4390efbe9b658d1b3d9b47f2a9932b1fc03,en,Chromium 149,1440 × 900,"Réponse 200 et contenu, ou 404 prévue pour profil inexistant ; pas d’exception JS","HTTP 200; titre: Online Pokémon Pokédex — Stats, Moves & Forms | Lunidex; destination: https://lunidex.app/en/pokedex",réussi,routes-en-01.json,,
SCN-0003,Rendu,Références Pokémon,Accès direct et rendu de la route,/en/pokemon/pikachu,Visiteur ; session dédiée sans compte,production,575af4390efbe9b658d1b3d9b47f2a9932b1fc03,en,Chromium 149,1440 × 900,"Réponse 200 et contenu, ou 404 prévue pour profil inexistant ; pas d’exception JS","HTTP 200; titre: Pikachu — Stats, Evolutions, Moves & Suggested Sets | Lunidex; destination: https://lunidex.app/en/pokemon/pikachu",réussi,routes-en-01.json,,
SCN-0004,Rendu,Outils et jeux,Accès direct et rendu de la route,/en/team,Visiteur ; session dédiée sans compte,production,575af4390efbe9b658d1b3d9b47f2a9932b1fc03,en,Chromium 149,1440 × 900,"Réponse 200 et contenu, ou 404 prévue pour profil inexistant ; pas d’exception JS",HTTP 200; titre: Pokémon Team Builder — Coverage & Sharing | Lunidex; destination: https://lunidex.app/en/team,réussi,routes-en-01.json,,
SCN-0005,Rendu,Références Pokémon,Accès direct et rendu de la route,/en/types,Visiteur ; session dédiée sans compte,production,575af4390efbe9b658d1b3d9b47f2a9932b1fc03,en,Chromium 149,1440 × 900,"Réponse 200 et contenu, ou 404 prévue pour profil inexistant ; pas d’exception JS","HTTP 200; titre: Pokémon Type Chart — Strengths, Weaknesses & Matchups | Lunidex; destination: https://lunidex.app/en/types",réussi,routes-en-01.json,,
SCN-0006,Rendu,Outils et jeux,Accès direct et rendu de la route,/en/quiz,Visiteur ; session dédiée sans compte,production,575af4390efbe9b658d1b3d9b47f2a9932b1fc03,en,Chromium 149,1440 × 900,"Réponse 200 et contenu, ou 404 prévue pour profil inexistant ; pas d’exception JS",HTTP 200; titre: Who's That Pokémon? — Pokémon Quiz & Trivia Game | Lunidex; destination: https://lunidex.app/en/quiz,réussi,routes-en-01.json,,
SCN-0007,Rendu,Outils et jeux,Accès direct et rendu de la route,/en/battle,Visiteur ; session dédiée sans compte,production,575af4390efbe9b658d1b3d9b47f2a9932b1fc03,en,Chromium 149,1440 × 900,"Réponse 200 et contenu, ou 404 prévue pour profil inexistant ; pas d’exception JS",HTTP 200; titre: Battle Simulator | Lunidex; destination: https://lunidex.app/en/battle,réussi,routes-en-01.json,,
SCN-0008,Rendu,Outils et jeux,Accès direct et rendu de la route,/en/compare,Visiteur ; session dédiée sans compte,production,575af4390efbe9b658d1b3d9b47f2a9932b1fc03,en,Chromium 149,1440 × 900,"Réponse 200 et contenu, ou 404 prévue pour profil inexistant ; pas d’exception JS","HTTP 200; titre: Compare Pokémon Side-by-Side — Stats, Types & Abilities | Lunidex; destination: https://lunidex.app/en/compare",réussi,routes-en-01.json,,
SCN-0009,Rendu,Outils et jeux,Accès direct et rendu de la route,/en/breeding,Visiteur ; session dédiée sans compte,production,575af4390efbe9b658d1b3d9b47f2a9932b1fc03,en,Chromium 149,1440 × 900,"Réponse 200 et contenu, ou 404 prévue pour profil inexistant ; pas d’exception JS",HTTP 200; titre: Breeding Calculator | Lunidex; destination: https://lunidex.app/en/breeding,réussi,routes-en-01.json,,
SCN-0010,Rendu,Outils et jeux,Accès direct et rendu de la route,/en/ev-iv,Visiteur ; session dédiée sans compte,production,575af4390efbe9b658d1b3d9b47f2a9932b1fc03,en,Chromium 149,1440 × 900,"Réponse 200 et contenu, ou 404 prévue pour profil inexistant ; pas d’exception JS",HTTP 200; titre: EV/IV Calculator — Competitive Stat Tool | Lunidex; destination: https://lunidex.app/en/ev-iv,réussi,routes-en-01.json,,
SCN-0011,Rendu,Outils et jeux,Accès direct et rendu de la route,/en/nuzlocke,Visiteur ; session dédiée sans compte,production,575af4390efbe9b658d1b3d9b47f2a9932b1fc03,en,Chromium 149,1440 × 900,"Réponse 200 et contenu, ou 404 prévue pour profil inexistant ; pas d’exception JS",HTTP 200; titre: Nuzlocke Tracker | Lunidex; destination: https://lunidex.app/en/nuzlocke,réussi,routes-en-01.json,,
SCN-0012,Rendu,Compte et espace personnel,Accès direct et rendu de la route,/en/favorites,Visiteur ; session dédiée sans compte,production,575af4390efbe9b658d1b3d9b47f2a9932b1fc03,en,Chromium 149,1440 × 900,"Réponse 200 et contenu, ou 404 prévue pour profil inexistant ; pas d’exception JS",HTTP 200; titre: My Favorite Pokémon Collection | Lunidex; destination: https://lunidex.app/en/favorites,réussi,routes-en-01.json,,
SCN-0013,Rendu,Compte et espace personnel,Accès direct et rendu de la route,/en/dashboard,Visiteur ; session dédiée sans compte,production,575af4390efbe9b658d1b3d9b47f2a9932b1fc03,en,Chromium 149,1440 × 900,"Réponse 200 et contenu, ou 404 prévue pour profil inexistant ; pas d’exception JS",HTTP 200; titre: Dashboard | Lunidex; destination: https://lunidex.app/en/dashboard,réussi,routes-en-01.json,,
SCN-0014,Rendu,Compte et espace personnel,Accès direct et rendu de la route,/en/friends,Visiteur ; session dédiée sans compte,production,575af4390efbe9b658d1b3d9b47f2a9932b1fc03,en,Chromium 149,1440 × 900,"Réponse 200 et contenu, ou 404 prévue pour profil inexistant ; pas d’exception JS",HTTP 200; titre: Friends | Lunidex; destination: https://lunidex.app/en/friends,réussi,routes-en-01.json,,
SCN-0015,Rendu,Compte et espace personnel,Accès direct et rendu de la route,/en/friends/00000000-0000-0000-0000-000000000000,Visiteur ; session dédiée sans compte,production,575af4390efbe9b658d1b3d9b47f2a9932b1fc03,en,Chromium 149,1440 × 900,"Réponse 200 et contenu, ou 404 prévue pour profil inexistant ; pas d’exception JS",HTTP 200; titre: Friend profile | Lunidex; destination: https://lunidex.app/en/friends/00000000-0000-0000-0000-000000000000,réussi,routes-en-01.json,,
SCN-0016,Rendu,Compte et espace personnel,Accès direct et rendu de la route,/en/u/audit-inexistant,Visiteur ; session dédiée sans compte,production,575af4390efbe9b658d1b3d9b47f2a9932b1fc03,en,Chromium 149,1440 × 900,"Réponse 200 et contenu, ou 404 prévue pour profil inexistant ; pas d’exception JS",HTTP 404; titre: Profile Not Found | Lunidex; destination: https://lunidex.app/en/u/audit-inexistant,réussi,routes-en-01.json,,
SCN-0017,Rendu,Références Pokémon,Accès direct et rendu de la route,/en/moves,Visiteur ; session dédiée sans compte,production,575af4390efbe9b658d1b3d9b47f2a9932b1fc03,en,Chromium 149,1440 × 900,"Réponse 200 et contenu, ou 404 prévue pour profil inexistant ; pas d’exception JS",HTTP 200; titre: Moves | Lunidex; destination: https://lunidex.app/en/moves,réussi,routes-en-01.json,,
SCN-0018,Rendu,Références Pokémon,Accès direct et rendu de la route,/en/moves/thunderbolt,Visiteur ; session dédiée sans compte,production,575af4390efbe9b658d1b3d9b47f2a9932b1fc03,en,Chromium 149,1440 × 900,"Réponse 200 et contenu, ou 404 prévue pour profil inexistant ; pas d’exception JS",HTTP 200; titre: Thunderbolt — Move | Lunidex; destination: https://lunidex.app/en/moves/thunderbolt,réussi,routes-en-01.json,,
SCN-0019,Rendu,Références Pokémon,Accès direct et rendu de la route,/en/abilities,Visiteur ; session dédiée sans compte,production,575af4390efbe9b658d1b3d9b47f2a9932b1fc03,en,Chromium 149,1440 × 900,"Réponse 200 et contenu, ou 404 prévue pour profil inexistant ; pas d’exception JS",HTTP 200; titre: Abilities | Lunidex; destination: https://lunidex.app/en/abilities,réussi,routes-en-02.json,,
SCN-0020,Rendu,Références Pokémon,Accès direct et rendu de la route,/en/abilities/static,Visiteur ; session dédiée sans compte,production,575af4390efbe9b658d1b3d9b47f2a9932b1fc03,en,Chromium 149,1440 × 900,"Réponse 200 et contenu, ou 404 prévue pour profil inexistant ; pas d’exception JS",HTTP 200; titre: Static — Ability | Lunidex; destination: https://lunidex.app/en/abilities/static,réussi,routes-en-02.json,,
SCN-0021,Rendu,Références Pokémon,Accès direct et rendu de la route,/en/items,Visiteur ; session dédiée sans compte,production,575af4390efbe9b658d1b3d9b47f2a9932b1fc03,en,Chromium 149,1440 × 900,"Réponse 200 et contenu, ou 404 prévue pour profil inexistant ; pas d’exception JS",HTTP 200; titre: Items | Lunidex; destination: https://lunidex.app/en/items,réussi,routes-en-02.json,,
SCN-0022,Rendu,Références Pokémon,Accès direct et rendu de la route,/en/items/potion,Visiteur ; session dédiée sans compte,production,575af4390efbe9b658d1b3d9b47f2a9932b1fc03,en,Chromium 149,1440 × 900,"Réponse 200 et contenu, ou 404 prévue pour profil inexistant ; pas d’exception JS",HTTP 200; titre: Potion — Item | Lunidex; destination: https://lunidex.app/en/items/potion,réussi,routes-en-02.json,,
SCN-0023,Rendu,TCG,Accès direct et rendu de la route,/en/tcg,Visiteur ; session dédiée sans compte,production,575af4390efbe9b658d1b3d9b47f2a9932b1fc03,en,Chromium 149,1440 × 900,"Réponse 200 et contenu, ou 404 prévue pour profil inexistant ; pas d’exception JS",HTTP 200; titre: Pokémon TCG Catalog | Lunidex; destination: https://lunidex.app/en/tcg,réussi,routes-en-02.json,,
SCN-0024,Rendu,TCG,Accès direct et rendu de la route,/en/tcg/cards/sv03.5-199,Visiteur ; session dédiée sans compte,production,575af4390efbe9b658d1b3d9b47f2a9932b1fc03,en,Chromium 149,1440 × 900,"Réponse 200 et contenu, ou 404 prévue pour profil inexistant ; pas d’exception JS",HTTP 200; titre: Charizard ex — Pokémon TCG card from 151 | Lunidex; destination: https://lunidex.app/en/tcg/cards/sv03.5-199; exception React #418,échoué,routes-en-02.json,BUG-006,
SCN-0025,Rendu,TCG,Accès direct et rendu de la route,/en/tcg/sets/sv03.5,Visiteur ; session dédiée sans compte,production,575af4390efbe9b658d1b3d9b47f2a9932b1fc03,en,Chromium 149,1440 × 900,"Réponse 200 et contenu, ou 404 prévue pour profil inexistant ; pas d’exception JS",HTTP 200; titre: 151 card list & checklist — Pokémon TCG | Lunidex; destination: https://lunidex.app/en/tcg/sets/sv03.5,réussi,routes-en-02.json,,
SCN-0026,Rendu,TCG,Accès direct et rendu de la route,/en/tcg/start,Visiteur ; session dédiée sans compte,production,575af4390efbe9b658d1b3d9b47f2a9932b1fc03,en,Chromium 149,1440 × 900,"Réponse 200 et contenu, ou 404 prévue pour profil inexistant ; pas d’exception JS",HTTP 200; titre: Start your collection | Lunidex; destination: https://lunidex.app/en/tcg/start,réussi,routes-en-02.json,,
SCN-0027,Rendu,TCG,Accès direct et rendu de la route,/en/tcg/collection,Visiteur ; session dédiée sans compte,production,575af4390efbe9b658d1b3d9b47f2a9932b1fc03,en,Chromium 149,1440 × 900,"Réponse 200 et contenu, ou 404 prévue pour profil inexistant ; pas d’exception JS",HTTP 200; titre: My Collection | Lunidex; destination: https://lunidex.app/en/tcg/collection,réussi,routes-en-02.json,,
SCN-0028,Rendu,TCG,Accès direct et rendu de la route,/en/tcg/collection/fr,Visiteur ; session dédiée sans compte,production,575af4390efbe9b658d1b3d9b47f2a9932b1fc03,en,Chromium 149,1440 × 900,"Réponse 200 et contenu, ou 404 prévue pour profil inexistant ; pas d’exception JS",HTTP 200; titre: fr — My Collection; destination: https://lunidex.app/en/tcg/collection/fr,réussi,routes-en-02.json,,
SCN-0029,Rendu,TCG,Accès direct et rendu de la route,/en/tcg/collection/fr/sv03.5,Visiteur ; session dédiée sans compte,production,575af4390efbe9b658d1b3d9b47f2a9932b1fc03,en,Chromium 149,1440 × 900,"Réponse 200 et contenu, ou 404 prévue pour profil inexistant ; pas d’exception JS",HTTP 200; titre: sv03.5 — My Collection; destination: https://lunidex.app/en/tcg/collection/fr/sv03.5,réussi,routes-en-02.json,,
SCN-0030,Rendu,TCG,Accès direct et rendu de la route,/en/tcg/wishlist,Visiteur ; session dédiée sans compte,production,575af4390efbe9b658d1b3d9b47f2a9932b1fc03,en,Chromium 149,1440 × 900,"Réponse 200 et contenu, ou 404 prévue pour profil inexistant ; pas d’exception JS",HTTP 200; titre: Wishlist | Lunidex; destination: https://lunidex.app/en/tcg/wishlist,réussi,routes-en-02.json,,
SCN-0031,Rendu,TCG,Accès direct et rendu de la route,/en/tcg/deck-builder,Visiteur ; session dédiée sans compte,production,575af4390efbe9b658d1b3d9b47f2a9932b1fc03,en,Chromium 149,1440 × 900,"Réponse 200 et contenu, ou 404 prévue pour profil inexistant ; pas d’exception JS",HTTP 200; titre: Deck Builder | Lunidex; destination: https://lunidex.app/en/tcg/deck-builder,réussi,routes-en-02.json,,
SCN-0032,Rendu,TCG,Accès direct et rendu de la route,/en/tcg/pull-rates,Visiteur ; session dédiée sans compte,production,575af4390efbe9b658d1b3d9b47f2a9932b1fc03,en,Chromium 149,1440 × 900,"Réponse 200 et contenu, ou 404 prévue pour profil inexistant ; pas d’exception JS",HTTP 200; titre: Pokémon TCG booster pull rates | Lunidex; destination: https://lunidex.app/en/tcg/pull-rates,réussi,routes-en-02.json,,
SCN-0033,Rendu,TCG,Accès direct et rendu de la route,/en/tcg/booster-value,Visiteur ; session dédiée sans compte,production,575af4390efbe9b658d1b3d9b47f2a9932b1fc03,en,Chromium 149,1440 × 900,"Réponse 200 et contenu, ou 404 prévue pour profil inexistant ; pas d’exception JS",HTTP 200; titre: Pokémon TCG booster expected value | Lunidex; destination: https://lunidex.app/en/tcg/booster-value,réussi,routes-en-02.json,,
SCN-0034,Rendu,Scellés,Accès direct et rendu de la route,/en/tcg/sealed,Visiteur ; session dédiée sans compte,production,575af4390efbe9b658d1b3d9b47f2a9932b1fc03,en,Chromium 149,1440 × 900,"Réponse 200 et contenu, ou 404 prévue pour profil inexistant ; pas d’exception JS",HTTP 200; titre: Sealed portfolio | Lunidex; destination: https://lunidex.app/en/tcg/sealed,réussi,routes-en-02.json,,
SCN-0035,Rendu,Scellés,Accès direct et rendu de la route,/en/tcg/sealed/market,Visiteur ; session dédiée sans compte,production,575af4390efbe9b658d1b3d9b47f2a9932b1fc03,en,Chromium 149,1440 × 900,"Réponse 200 et contenu, ou 404 prévue pour profil inexistant ; pas d’exception JS",HTTP 200; titre: Sealed product market | Lunidex; destination: https://lunidex.app/en/tcg/sealed/market,réussi,routes-en-02.json,,
SCN-0036,Rendu,Scellés,Accès direct et rendu de la route,/en/tcg/sealed/market/611877,Visiteur ; session dédiée sans compte,production,575af4390efbe9b658d1b3d9b47f2a9932b1fc03,en,Chromium 149,1440 × 900,"Réponse 200 et contenu, ou 404 prévue pour profil inexistant ; pas d’exception JS",HTTP 200; titre: 10th Movie Commemoration Set — Sealed product market | Lunidex; destination: https://lunidex.app/en/tcg/sealed/market/611877,réussi,routes-en-02.json,,
SCN-0037,Rendu,Scellés,Accès direct et rendu de la route,/en/tcg/sealed/market/products/611877,Visiteur ; session dédiée sans compte,production,575af4390efbe9b658d1b3d9b47f2a9932b1fc03,en,Chromium 149,1440 × 900,"Réponse 200 et contenu, ou 404 prévue pour profil inexistant ; pas d’exception JS",HTTP 200; titre: 10th Movie Commemoration Set — Sealed product market | Lunidex; destination: https://lunidex.app/en/tcg/sealed/market/products/611877,réussi,routes-en-03.json,,
SCN-0038,Rendu,Scellés,Accès direct et rendu de la route,/en/tcg/sealed/buy-safely,Visiteur ; session dédiée sans compte,production,575af4390efbe9b658d1b3d9b47f2a9932b1fc03,en,Chromium 149,1440 × 900,"Réponse 200 et contenu, ou 404 prévue pour profil inexistant ; pas d’exception JS",HTTP 200; titre: Buy cards and sealed products with care | Lunidex; destination: https://lunidex.app/en/tcg/sealed/buy-safely,réussi,routes-en-03.json,,
SCN-0039,Rendu,Scellés,Accès direct et rendu de la route,/en/tcg/sealed/releases,Visiteur ; session dédiée sans compte,production,575af4390efbe9b658d1b3d9b47f2a9932b1fc03,en,Chromium 149,1440 × 900,"Réponse 200 et contenu, ou 404 prévue pour profil inexistant ; pas d’exception JS",HTTP 200; titre: Sealed release calendar | Lunidex; destination: https://lunidex.app/en/tcg/sealed/releases,réussi,routes-en-03.json,,
SCN-0040,Rendu,Scellés,Accès direct et rendu de la route,/en/tcg/sealed/collection,Visiteur ; session dédiée sans compte,production,575af4390efbe9b658d1b3d9b47f2a9932b1fc03,en,Chromium 149,1440 × 900,"Réponse 200 et contenu, ou 404 prévue pour profil inexistant ; pas d’exception JS",HTTP 200; titre: Sealed portfolio | Lunidex; destination: https://lunidex.app/en/tcg/sealed/collection,réussi,routes-en-03.json,,
SCN-0041,Rendu,Scellés,Accès direct et rendu de la route,/en/tcg/sealed/journal,Visiteur ; session dédiée sans compte,production,575af4390efbe9b658d1b3d9b47f2a9932b1fc03,en,Chromium 149,1440 × 900,"Réponse 200 et contenu, ou 404 prévue pour profil inexistant ; pas d’exception JS",HTTP 200; titre: Sealed portfolio | Lunidex; destination: https://lunidex.app/en/tcg/sealed/journal,réussi,routes-en-03.json,,
SCN-0042,Rendu,Scellés,Accès direct et rendu de la route,/en/tcg/sealed/sales,Visiteur ; session dédiée sans compte,production,575af4390efbe9b658d1b3d9b47f2a9932b1fc03,en,Chromium 149,1440 × 900,"Réponse 200 et contenu, ou 404 prévue pour profil inexistant ; pas d’exception JS",HTTP 200; titre: Sealed portfolio | Lunidex; destination: https://lunidex.app/en/tcg/sealed/sales,réussi,routes-en-03.json,,
SCN-0043,Rendu,Scellés,Accès direct et rendu de la route,/en/tcg/sealed/cashflow,Visiteur ; session dédiée sans compte,production,575af4390efbe9b658d1b3d9b47f2a9932b1fc03,en,Chromium 149,1440 × 900,"Réponse 200 et contenu, ou 404 prévue pour profil inexistant ; pas d’exception JS",HTTP 200; titre: Sealed portfolio | Lunidex; destination: https://lunidex.app/en/tcg/sealed/cashflow,réussi,routes-en-03.json,,
SCN-0044,Rendu,Scellés,Accès direct et rendu de la route,/en/tcg/sealed/analytics,Visiteur ; session dédiée sans compte,production,575af4390efbe9b658d1b3d9b47f2a9932b1fc03,en,Chromium 149,1440 × 900,"Réponse 200 et contenu, ou 404 prévue pour profil inexistant ; pas d’exception JS",HTTP 200; titre: Sealed portfolio | Lunidex; destination: https://lunidex.app/en/tcg/sealed/analytics,réussi,routes-en-03.json,,
SCN-0045,Rendu,Scellés,Accès direct et rendu de la route,/en/tcg/sealed/catalogue,Visiteur ; session dédiée sans compte,production,575af4390efbe9b658d1b3d9b47f2a9932b1fc03,en,Chromium 149,1440 × 900,"Réponse 200 et contenu, ou 404 prévue pour profil inexistant ; pas d’exception JS",HTTP 200; titre: Sealed portfolio | Lunidex; destination: https://lunidex.app/en/tcg/sealed/catalogue,réussi,routes-en-03.json,,
SCN-0046,Rendu,Scellés,Accès direct et rendu de la route,/en/tcg/sealed/sources,Visiteur ; session dédiée sans compte,production,575af4390efbe9b658d1b3d9b47f2a9932b1fc03,en,Chromium 149,1440 × 900,"Réponse 200 et contenu, ou 404 prévue pour profil inexistant ; pas d’exception JS",HTTP 200; titre: Sealed portfolio | Lunidex; destination: https://lunidex.app/en/tcg/sealed/sources,réussi,routes-en-03.json,,
SCN-0047,Rendu,Scellés,Accès direct et rendu de la route,/en/tcg/sealed/products/1,Visiteur ; session dédiée sans compte,production,575af4390efbe9b658d1b3d9b47f2a9932b1fc03,en,Chromium 149,1440 × 900,"Réponse 200 et contenu, ou 404 prévue pour profil inexistant ; pas d’exception JS",HTTP 200; titre: Sealed portfolio | Lunidex; destination: https://lunidex.app/en/tcg/sealed/products/1,réussi,routes-en-03.json,,
SCN-0048,Rendu,Navigation et contenus,Accès direct et rendu de la route,/en/about,Visiteur ; session dédiée sans compte,production,575af4390efbe9b658d1b3d9b47f2a9932b1fc03,en,Chromium 149,1440 × 900,"Réponse 200 et contenu, ou 404 prévue pour profil inexistant ; pas d’exception JS",HTTP 200; titre: About Lunidex — Pokémon TCG collection tracker | Lunidex; destination: https://lunidex.app/en/about,réussi,routes-en-03.json,,
SCN-0049,Rendu,Navigation et contenus,Accès direct et rendu de la route,/en/faq,Visiteur ; session dédiée sans compte,production,575af4390efbe9b658d1b3d9b47f2a9932b1fc03,en,Chromium 149,1440 × 900,"Réponse 200 et contenu, ou 404 prévue pour profil inexistant ; pas d’exception JS",HTTP 200; titre: Lunidex FAQ — Questions and Answers | Lunidex; destination: https://lunidex.app/en/faq,réussi,routes-en-03.json,,
SCN-0050,Rendu,Navigation et contenus,Accès direct et rendu de la route,/en/contact,Visiteur ; session dédiée sans compte,production,575af4390efbe9b658d1b3d9b47f2a9932b1fc03,en,Chromium 149,1440 × 900,"Réponse 200 et contenu, ou 404 prévue pour profil inexistant ; pas d’exception JS",HTTP 200; titre: Contact | Lunidex; destination: https://lunidex.app/en/contact,réussi,routes-en-03.json,,
SCN-0051,Rendu,Navigation et contenus,Accès direct et rendu de la route,/en/docs,Visiteur ; session dédiée sans compte,production,575af4390efbe9b658d1b3d9b47f2a9932b1fc03,en,Chromium 149,1440 × 900,"Réponse 200 et contenu, ou 404 prévue pour profil inexistant ; pas d’exception JS",HTTP 200; titre: Lunidex documentation — Pokémon tools and API; destination: https://lunidex.app/en/docs,réussi,routes-en-03.json,,
SCN-0052,Rendu,Navigation et contenus,Accès direct et rendu de la route,/en/docs/api,Visiteur ; session dédiée sans compte,production,575af4390efbe9b658d1b3d9b47f2a9932b1fc03,en,Chromium 149,1440 × 900,"Réponse 200 et contenu, ou 404 prévue pour profil inexistant ; pas d’exception JS",HTTP 200; titre: Lunidex Public API v1 — Developer guide; destination: https://lunidex.app/en/docs/api,réussi,routes-en-03.json,,
SCN-0053,Rendu,Navigation et contenus,Accès direct et rendu de la route,/en/blog,Visiteur ; session dédiée sans compte,production,575af4390efbe9b658d1b3d9b47f2a9932b1fc03,en,Chromium 149,1440 × 900,"Réponse 200 et contenu, ou 404 prévue pour profil inexistant ; pas d’exception JS",HTTP 200; titre: Lunidex Blog — Guides and comparisons | Lunidex; destination: https://lunidex.app/en/blog,réussi,routes-en-03.json,,
SCN-0054,Rendu,Navigation et contenus,Accès direct et rendu de la route,/en/privacy,Visiteur ; session dédiée sans compte,production,575af4390efbe9b658d1b3d9b47f2a9932b1fc03,en,Chromium 149,1440 × 900,"Réponse 200 et contenu, ou 404 prévue pour profil inexistant ; pas d’exception JS",HTTP 200; titre: Privacy Policy | Lunidex; destination: https://lunidex.app/en/privacy,réussi,routes-en-03.json,,
SCN-0055,Rendu,Navigation et contenus,Accès direct et rendu de la route,/en/cookies,Visiteur ; session dédiée sans compte,production,575af4390efbe9b658d1b3d9b47f2a9932b1fc03,en,Chromium 149,1440 × 900,"Réponse 200 et contenu, ou 404 prévue pour profil inexistant ; pas d’exception JS",HTTP 200; titre: Cookie Policy | Lunidex; destination: https://lunidex.app/en/cookies,réussi,routes-en-04.json,,
SCN-0056,Rendu,Navigation et contenus,Accès direct et rendu de la route,/en/terms,Visiteur ; session dédiée sans compte,production,575af4390efbe9b658d1b3d9b47f2a9932b1fc03,en,Chromium 149,1440 × 900,"Réponse 200 et contenu, ou 404 prévue pour profil inexistant ; pas d’exception JS",HTTP 200; titre: Terms of Service | Lunidex; destination: https://lunidex.app/en/terms,réussi,routes-en-04.json,,
SCN-0057,Rendu,Navigation et contenus,Accès direct et rendu de la route,/en/legal,Visiteur ; session dédiée sans compte,production,575af4390efbe9b658d1b3d9b47f2a9932b1fc03,en,Chromium 149,1440 × 900,"Réponse 200 et contenu, ou 404 prévue pour profil inexistant ; pas d’exception JS",HTTP 200; titre: Legal Notice | Lunidex; destination: https://lunidex.app/en/legal,réussi,routes-en-04.json,,
SCN-0058,Rendu,Navigation et contenus,Accès direct et rendu de la route,/en/30e-anniversaire,Visiteur ; session dédiée sans compte,production,575af4390efbe9b658d1b3d9b47f2a9932b1fc03,en,Chromium 149,1440 × 900,"Réponse 200 et contenu, ou 404 prévue pour profil inexistant ; pas d’exception JS",HTTP 200; titre: Pokémon TCG 30th Anniversary | Pikachu cards | Lunidex; destination: https://lunidex.app/en/30e-anniversaire,réussi,routes-en-04.json,,
SCN-0059,Rendu,Navigation et contenus,Accès direct et rendu de la route,/en/offline,Visiteur ; session dédiée sans compte,production,575af4390efbe9b658d1b3d9b47f2a9932b1fc03,en,Chromium 149,1440 × 900,"Réponse 200 et contenu, ou 404 prévue pour profil inexistant ; pas d’exception JS",HTTP 200; titre: Lunidex — Pokémon TCG Card Catalog & Collection Tracker; destination: https://lunidex.app/en/offline,réussi,routes-en-04.json,,
SCN-0060,Rendu,Compte et espace personnel,Accès direct et rendu de la route,/en/auth/reset-password,Visiteur ; session dédiée sans compte,production,575af4390efbe9b658d1b3d9b47f2a9932b1fc03,en,Chromium 149,1440 × 900,"Réponse 200 et contenu, ou 404 prévue pour profil inexistant ; pas d’exception JS",HTTP 200; titre: Change your password | Lunidex; destination: https://lunidex.app/en/auth/reset-password,réussi,routes-en-04.json,,
SCN-0061,Rendu,Outils et jeux,Accès direct et rendu de la route,/en/team/share?code=25-6-9&lang=en,Visiteur ; session dédiée sans compte,production,575af4390efbe9b658d1b3d9b47f2a9932b1fc03,en,Chromium 149,1440 × 900,"Réponse 200 et contenu, ou 404 prévue pour profil inexistant ; pas d’exception JS",HTTP 200; titre: Pokémon Team Builder — Coverage & Sharing | Lunidex; destination: https://lunidex.app/en/team,réussi,routes-en-04.json,,
SCN-0062,Rendu,Navigation et contenus,Accès direct et rendu de la route,/en/guides/team-builder-guide,Visiteur ; session dédiée sans compte,production,575af4390efbe9b658d1b3d9b47f2a9932b1fc03,en,Chromium 149,1440 × 900,"Réponse 200 et contenu, ou 404 prévue pour profil inexistant ; pas d’exception JS",HTTP 200; titre: Team Builder Guide — Build balanced Pokémon teams | Lunidex; destination: https://lunidex.app/en/guides/team-builder-guide,réussi,routes-en-04.json,,
SCN-0063,Rendu,Navigation et contenus,Accès direct et rendu de la route,/en/guides/quiz-guide,Visiteur ; session dédiée sans compte,production,575af4390efbe9b658d1b3d9b47f2a9932b1fc03,en,Chromium 149,1440 × 900,"Réponse 200 et contenu, ou 404 prévue pour profil inexistant ; pas d’exception JS","HTTP 200; titre: Pokémon Quiz Guide — Modes, challenges and badges | Lunidex; destination: https://lunidex.app/en/guides/quiz-guide",réussi,routes-en-04.json,,
SCN-0064,Rendu,Navigation et contenus,Accès direct et rendu de la route,/en/guides/nuzlocke-guide,Visiteur ; session dédiée sans compte,production,575af4390efbe9b658d1b3d9b47f2a9932b1fc03,en,Chromium 149,1440 × 900,"Réponse 200 et contenu, ou 404 prévue pour profil inexistant ; pas d’exception JS",HTTP 200; titre: Nuzlocke Tracker — Track your challenge runs | Lunidex; destination: https://lunidex.app/en/guides/nuzlocke-guide,réussi,routes-en-04.json,,
SCN-0065,Rendu,Navigation et contenus,Accès direct et rendu de la route,/en/guides/pokemon-card-collection-tracker,Visiteur ; session dédiée sans compte,production,575af4390efbe9b658d1b3d9b47f2a9932b1fc03,en,Chromium 149,1440 × 900,"Réponse 200 et contenu, ou 404 prévue pour profil inexistant ; pas d’exception JS",HTTP 200; titre: Free Pokémon Card Collection Tracker | Lunidex; destination: https://lunidex.app/en/guides/pokemon-card-collection-tracker,réussi,routes-en-04.json,,
SCN-0066,Rendu,Navigation et contenus,Accès direct et rendu de la route,/en/guides/organize-pokemon-card-collection,Visiteur ; session dédiée sans compte,production,575af4390efbe9b658d1b3d9b47f2a9932b1fc03,en,Chromium 149,1440 × 900,"Réponse 200 et contenu, ou 404 prévue pour profil inexistant ; pas d’exception JS",HTTP 200; titre: How to Organize a Pokémon Card Collection; destination: https://lunidex.app/en/guides/organize-pokemon-card-collection,réussi,routes-en-04.json,,
SCN-0067,Rendu,Navigation et contenus,Accès direct et rendu de la route,/en/guides/pokemon-reference-guide,Visiteur ; session dédiée sans compte,production,575af4390efbe9b658d1b3d9b47f2a9932b1fc03,en,Chromium 149,1440 × 900,"Réponse 200 et contenu, ou 404 prévue pour profil inexistant ; pas d’exception JS",HTTP 200; titre: Free Pokémon Pokédex & Online Reference Guide — PokéAPI | Lunidex; destination: https://lunidex.app/en/guides/pokemon-reference-guide,réussi,routes-en-04.json,,
SCN-0068,Rendu,Navigation et contenus,Accès direct et rendu de la route,/en/guides/team-tools-guide,Visiteur ; session dédiée sans compte,production,575af4390efbe9b658d1b3d9b47f2a9932b1fc03,en,Chromium 149,1440 × 900,"Réponse 200 et contenu, ou 404 prévue pour profil inexistant ; pas d’exception JS","HTTP 200; titre: Pokémon Team Planning Tools — Compare, EV/IV and Battle | Lunidex; destination: https://lunidex.app/en/guides/team-tools-guide",réussi,routes-en-04.json,,
SCN-0069,Rendu,TCG,Accès direct et rendu de la route,/en/guides/tcg-workspace-guide,Visiteur ; session dédiée sans compte,production,575af4390efbe9b658d1b3d9b47f2a9932b1fc03,en,Chromium 149,1440 × 900,"Réponse 200 et contenu, ou 404 prévue pour profil inexistant ; pas d’exception JS","HTTP 200; titre: Pokémon TCG Collection App & Workspace Guide — Cards, Wishlist and Decks | Lunidex; destination: https://lunidex.app/en/guides/tcg-workspace-guide",réussi,routes-en-04.json,,
SCN-0070,Rendu,Navigation et contenus,Accès direct et rendu de la route,/en/guides/progress-account-guide,Visiteur ; session dédiée sans compte,production,575af4390efbe9b658d1b3d9b47f2a9932b1fc03,en,Chromium 149,1440 × 900,"Réponse 200 et contenu, ou 404 prévue pour profil inexistant ; pas d’exception JS","HTTP 200; titre: Lunidex Progress Guide — Dashboard, favorites, friends and sync; destination: https://lunidex.app/en/guides/progress-account-guide",réussi,routes-en-04.json,,
SCN-0071,Rendu,Navigation et contenus,Accès direct et rendu de la route,/en/guides/pokemon-card-collection-value,Visiteur ; session dédiée sans compte,production,575af4390efbe9b658d1b3d9b47f2a9932b1fc03,en,Chromium 149,1440 × 900,"Réponse 200 et contenu, ou 404 prévue pour profil inexistant ; pas d’exception JS","HTTP 200; titre: Pokémon Card Collection Value Guide — Estimates, sealed products and limits | Lunidex; destination: https://lunidex.app/en/guides/pokemon-card-collection-value",réussi,routes-en-05.json,,
SCN-0072,Rendu,Navigation et contenus,Accès direct et rendu de la route,/en/compare/lunidex-vs-pokecardex-zebradex,Visiteur ; session dédiée sans compte,production,575af4390efbe9b658d1b3d9b47f2a9932b1fc03,en,Chromium 149,1440 × 900,"Réponse 200 et contenu, ou 404 prévue pour profil inexistant ; pas d’exception JS",HTTP 200; titre: Lunidex vs PokéCardex vs ZebraDex — Pokémon collection comparison; destination: https://lunidex.app/en/compare/lunidex-vs-pokecardex-zebradex,réussi,routes-en-05.json,,
SCN-0073,Rendu,Navigation et contenus,Accès direct et rendu de la route,/en/compare/lunidex-vs-pokemon-database,Visiteur ; session dédiée sans compte,production,575af4390efbe9b658d1b3d9b47f2a9932b1fc03,en,Chromium 149,1440 × 900,"Réponse 200 et contenu, ou 404 prévue pour profil inexistant ; pas d’exception JS",HTTP 200; titre: Lunidex vs Pokémon Database — Pokémon reference comparison; destination: https://lunidex.app/en/compare/lunidex-vs-pokemon-database,réussi,routes-en-05.json,,
SCN-0074,Rendu,Navigation et contenus,Accès direct et rendu de la route,/en/compare/lunidex-vs-bulbapedia,Visiteur ; session dédiée sans compte,production,575af4390efbe9b658d1b3d9b47f2a9932b1fc03,en,Chromium 149,1440 × 900,"Réponse 200 et contenu, ou 404 prévue pour profil inexistant ; pas d’exception JS",HTTP 200; titre: Lunidex vs Bulbapedia — Pokémon encyclopedia alternative; destination: https://lunidex.app/en/compare/lunidex-vs-bulbapedia,réussi,routes-en-05.json,,
SCN-0075,Rendu,Navigation et contenus,Accès direct et rendu de la route,/en/compare/lunidex-vs-pokemon-showdown,Visiteur ; session dédiée sans compte,production,575af4390efbe9b658d1b3d9b47f2a9932b1fc03,en,Chromium 149,1440 × 900,"Réponse 200 et contenu, ou 404 prévue pour profil inexistant ; pas d’exception JS",HTTP 200; titre: Lunidex vs Pokémon Showdown — Team builder comparison; destination: https://lunidex.app/en/compare/lunidex-vs-pokemon-showdown,réussi,routes-en-05.json,,
SCN-0076,Rendu,Navigation et contenus,Accès direct et rendu de la route,/en/compare/lunidex-vs-pokecardex,Visiteur ; session dédiée sans compte,production,575af4390efbe9b658d1b3d9b47f2a9932b1fc03,en,Chromium 149,1440 × 900,"Réponse 200 et contenu, ou 404 prévue pour profil inexistant ; pas d’exception JS",HTTP 200; titre: Lunidex vs PokéCardex — Pokémon TCG collection comparison; destination: https://lunidex.app/en/compare/lunidex-vs-pokecardex,réussi,routes-en-05.json,,
SCN-0077,Rendu,Navigation et contenus,Accès direct et rendu de la route,/en/compare/lunidex-vs-zebradex,Visiteur ; session dédiée sans compte,production,575af4390efbe9b658d1b3d9b47f2a9932b1fc03,en,Chromium 149,1440 × 900,"Réponse 200 et contenu, ou 404 prévue pour profil inexistant ; pas d’exception JS",HTTP 200; titre: Lunidex vs ZebraDex — Pokémon TCG collection comparison; destination: https://lunidex.app/en/compare/lunidex-vs-zebradex,réussi,routes-en-05.json,,
SCN-0078,Rendu,Navigation et contenus,Accès direct et rendu de la route,/en/compare/lunidex-vs-collectr,Visiteur ; session dédiée sans compte,production,575af4390efbe9b658d1b3d9b47f2a9932b1fc03,en,Chromium 149,1440 × 900,"Réponse 200 et contenu, ou 404 prévue pour profil inexistant ; pas d’exception JS",HTTP 200; titre: Lunidex vs Collectr — Pokémon card collection comparison; destination: https://lunidex.app/en/compare/lunidex-vs-collectr,réussi,routes-en-05.json,,
SCN-0079,Rendu,Navigation et contenus,Accès direct et rendu de la route,/en/compare/lunidex-vs-pokellector,Visiteur ; session dédiée sans compte,production,575af4390efbe9b658d1b3d9b47f2a9932b1fc03,en,Chromium 149,1440 × 900,"Réponse 200 et contenu, ou 404 prévue pour profil inexistant ; pas d’exception JS",HTTP 200; titre: Lunidex vs Pokéllector — Pokémon TCG card index comparison; destination: https://lunidex.app/en/compare/lunidex-vs-pokellector,réussi,routes-en-05.json,,
SCN-0080,Rendu,Navigation et contenus,Accès direct et rendu de la route,/en/compare/lunidex-vs-cardzia,Visiteur ; session dédiée sans compte,production,575af4390efbe9b658d1b3d9b47f2a9932b1fc03,en,Chromium 149,1440 × 900,"Réponse 200 et contenu, ou 404 prévue pour profil inexistant ; pas d’exception JS",HTTP 200; titre: Lunidex vs Cardzia — Pokémon TCG collection app comparison; destination: https://lunidex.app/en/compare/lunidex-vs-cardzia,réussi,routes-en-05.json,,
SCN-0081,Rendu,Navigation et contenus,Accès direct et rendu de la route,/en/compare/lunidex-vs-cardmarket,Visiteur ; session dédiée sans compte,production,575af4390efbe9b658d1b3d9b47f2a9932b1fc03,en,Chromium 149,1440 × 900,"Réponse 200 et contenu, ou 404 prévue pour profil inexistant ; pas d’exception JS",HTTP 200; titre: Lunidex vs Cardmarket — Pokémon card collection comparison; destination: https://lunidex.app/en/compare/lunidex-vs-cardmarket,réussi,routes-en-05.json,,
SCN-0082,Rendu,Navigation et contenus,Accès direct et rendu de la route,/fr,Visiteur ; session dédiée sans compte,production,575af4390efbe9b658d1b3d9b47f2a9932b1fc03,fr,Chromium 149,1440 × 900,"Réponse 200 et contenu, ou 404 prévue pour profil inexistant ; pas d’exception JS",HTTP 200; titre: Lunidex — Catalogue Pokémon TCG et suivi de collection; destination: https://lunidex.app/fr,réussi,routes-fr-01.json,,
SCN-0083,Rendu,Références Pokémon,Accès direct et rendu de la route,/fr/pokedex,Visiteur ; session dédiée sans compte,production,575af4390efbe9b658d1b3d9b47f2a9932b1fc03,fr,Chromium 149,1440 × 900,"Réponse 200 et contenu, ou 404 prévue pour profil inexistant ; pas d’exception JS","HTTP 200; titre: Pokédex Pokémon en ligne — Stats, capacités et formes | Lunidex; destination: https://lunidex.app/fr/pokedex",réussi,routes-fr-01.json,,
SCN-0084,Rendu,Références Pokémon,Accès direct et rendu de la route,/fr/pokemon/pikachu,Visiteur ; session dédiée sans compte,production,575af4390efbe9b658d1b3d9b47f2a9932b1fc03,fr,Chromium 149,1440 × 900,"Réponse 200 et contenu, ou 404 prévue pour profil inexistant ; pas d’exception JS","HTTP 200; titre: Pikachu — Stats, évolutions, attaques et suggestions | Lunidex; destination: https://lunidex.app/fr/pokemon/pikachu",réussi,routes-fr-01.json,,
SCN-0085,Rendu,Outils et jeux,Accès direct et rendu de la route,/fr/team,Visiteur ; session dédiée sans compte,production,575af4390efbe9b658d1b3d9b47f2a9932b1fc03,fr,Chromium 149,1440 × 900,"Réponse 200 et contenu, ou 404 prévue pour profil inexistant ; pas d’exception JS",HTTP 200; titre: Créateur d’équipe Pokémon — Couverture et partage | Lunidex; destination: https://lunidex.app/fr/team,réussi,routes-fr-01.json,,
SCN-0086,Rendu,Références Pokémon,Accès direct et rendu de la route,/fr/types,Visiteur ; session dédiée sans compte,production,575af4390efbe9b658d1b3d9b47f2a9932b1fc03,fr,Chromium 149,1440 × 900,"Réponse 200 et contenu, ou 404 prévue pour profil inexistant ; pas d’exception JS","HTTP 200; titre: Tableau des types Pokémon — Forces, faiblesses et matchups | Lunidex; destination: https://lunidex.app/fr/types",réussi,routes-fr-01.json,,
SCN-0087,Rendu,Outils et jeux,Accès direct et rendu de la route,/fr/quiz,Visiteur ; session dédiée sans compte,production,575af4390efbe9b658d1b3d9b47f2a9932b1fc03,fr,Chromium 149,1440 × 900,"Réponse 200 et contenu, ou 404 prévue pour profil inexistant ; pas d’exception JS",HTTP 200; titre: Quiz Pokémon — Testez vos connaissances | Lunidex; destination: https://lunidex.app/fr/quiz,réussi,routes-fr-01.json,,
SCN-0088,Rendu,Outils et jeux,Accès direct et rendu de la route,/fr/battle,Visiteur ; session dédiée sans compte,production,575af4390efbe9b658d1b3d9b47f2a9932b1fc03,fr,Chromium 149,1440 × 900,"Réponse 200 et contenu, ou 404 prévue pour profil inexistant ; pas d’exception JS",HTTP 200; titre: Simulateur de combat | Lunidex; destination: https://lunidex.app/fr/battle,réussi,routes-fr-01.json,,
SCN-0089,Rendu,Outils et jeux,Accès direct et rendu de la route,/fr/compare,Visiteur ; session dédiée sans compte,production,575af4390efbe9b658d1b3d9b47f2a9932b1fc03,fr,Chromium 149,1440 × 900,"Réponse 200 et contenu, ou 404 prévue pour profil inexistant ; pas d’exception JS","HTTP 200; titre: Comparer les Pokémon — Stats, types et talents | Lunidex; destination: https://lunidex.app/fr/compare",réussi,routes-fr-01.json,,
SCN-0090,Rendu,Outils et jeux,Accès direct et rendu de la route,/fr/breeding,Visiteur ; session dédiée sans compte,production,575af4390efbe9b658d1b3d9b47f2a9932b1fc03,fr,Chromium 149,1440 × 900,"Réponse 200 et contenu, ou 404 prévue pour profil inexistant ; pas d’exception JS",HTTP 200; titre: Calculateur d'Élevage | Lunidex; destination: https://lunidex.app/fr/breeding,réussi,routes-fr-02.json,,
SCN-0091,Rendu,Outils et jeux,Accès direct et rendu de la route,/fr/ev-iv,Visiteur ; session dédiée sans compte,production,575af4390efbe9b658d1b3d9b47f2a9932b1fc03,fr,Chromium 149,1440 × 900,"Réponse 200 et contenu, ou 404 prévue pour profil inexistant ; pas d’exception JS",HTTP 200; titre: Calculateur EV/IV — Outil de statistiques compétitives | Lunidex; destination: https://lunidex.app/fr/ev-iv,réussi,routes-fr-02.json,,
SCN-0092,Rendu,Outils et jeux,Accès direct et rendu de la route,/fr/nuzlocke,Visiteur ; session dédiée sans compte,production,575af4390efbe9b658d1b3d9b47f2a9932b1fc03,fr,Chromium 149,1440 × 900,"Réponse 200 et contenu, ou 404 prévue pour profil inexistant ; pas d’exception JS",HTTP 200; titre: Suivi Nuzlocke | Lunidex; destination: https://lunidex.app/fr/nuzlocke,réussi,routes-fr-02.json,,
SCN-0093,Rendu,Compte et espace personnel,Accès direct et rendu de la route,/fr/favorites,Visiteur ; session dédiée sans compte,production,575af4390efbe9b658d1b3d9b47f2a9932b1fc03,fr,Chromium 149,1440 × 900,"Réponse 200 et contenu, ou 404 prévue pour profil inexistant ; pas d’exception JS",HTTP 200; titre: Mes Pokémon favoris — Gérer ma collection | Lunidex; destination: https://lunidex.app/fr/favorites,réussi,routes-fr-02.json,,
SCN-0094,Rendu,Compte et espace personnel,Accès direct et rendu de la route,/fr/dashboard,Visiteur ; session dédiée sans compte,production,575af4390efbe9b658d1b3d9b47f2a9932b1fc03,fr,Chromium 149,1440 × 900,"Réponse 200 et contenu, ou 404 prévue pour profil inexistant ; pas d’exception JS",HTTP 200; titre: Dashboard | Lunidex; destination: https://lunidex.app/fr/dashboard,réussi,routes-fr-02.json,,
SCN-0095,Rendu,Compte et espace personnel,Accès direct et rendu de la route,/fr/friends,Visiteur ; session dédiée sans compte,production,575af4390efbe9b658d1b3d9b47f2a9932b1fc03,fr,Chromium 149,1440 × 900,"Réponse 200 et contenu, ou 404 prévue pour profil inexistant ; pas d’exception JS",HTTP 200; titre: Amis | Lunidex; destination: https://lunidex.app/fr/friends,réussi,routes-fr-02.json,,
SCN-0096,Rendu,Compte et espace personnel,Accès direct et rendu de la route,/fr/friends/00000000-0000-0000-0000-000000000000,Visiteur ; session dédiée sans compte,production,575af4390efbe9b658d1b3d9b47f2a9932b1fc03,fr,Chromium 149,1440 × 900,"Réponse 200 et contenu, ou 404 prévue pour profil inexistant ; pas d’exception JS",HTTP 200; titre: Profil ami | Lunidex; destination: https://lunidex.app/fr/friends/00000000-0000-0000-0000-000000000000,réussi,routes-fr-02.json,,
SCN-0097,Rendu,Compte et espace personnel,Accès direct et rendu de la route,/fr/u/audit-inexistant,Visiteur ; session dédiée sans compte,production,575af4390efbe9b658d1b3d9b47f2a9932b1fc03,fr,Chromium 149,1440 × 900,"Réponse 200 et contenu, ou 404 prévue pour profil inexistant ; pas d’exception JS",HTTP 404; titre: Profil introuvable | Lunidex; destination: https://lunidex.app/fr/u/audit-inexistant,réussi,routes-fr-02.json,,
SCN-0098,Rendu,Références Pokémon,Accès direct et rendu de la route,/fr/moves,Visiteur ; session dédiée sans compte,production,575af4390efbe9b658d1b3d9b47f2a9932b1fc03,fr,Chromium 149,1440 × 900,"Réponse 200 et contenu, ou 404 prévue pour profil inexistant ; pas d’exception JS",HTTP 200; titre: Capacités | Lunidex; destination: https://lunidex.app/fr/moves,réussi,routes-fr-02.json,,
SCN-0099,Rendu,Références Pokémon,Accès direct et rendu de la route,/fr/moves/thunderbolt,Visiteur ; session dédiée sans compte,production,575af4390efbe9b658d1b3d9b47f2a9932b1fc03,fr,Chromium 149,1440 × 900,"Réponse 200 et contenu, ou 404 prévue pour profil inexistant ; pas d’exception JS",HTTP 200; titre: Tonnerre — Move | Lunidex; destination: https://lunidex.app/fr/moves/thunderbolt,réussi,routes-fr-02.json,,
SCN-0100,Rendu,Références Pokémon,Accès direct et rendu de la route,/fr/abilities,Visiteur ; session dédiée sans compte,production,575af4390efbe9b658d1b3d9b47f2a9932b1fc03,fr,Chromium 149,1440 × 900,"Réponse 200 et contenu, ou 404 prévue pour profil inexistant ; pas d’exception JS",HTTP 200; titre: Talents | Lunidex; destination: https://lunidex.app/fr/abilities,réussi,routes-fr-03.json,,
SCN-0101,Rendu,Références Pokémon,Accès direct et rendu de la route,/fr/abilities/static,Visiteur ; session dédiée sans compte,production,575af4390efbe9b658d1b3d9b47f2a9932b1fc03,fr,Chromium 149,1440 × 900,"Réponse 200 et contenu, ou 404 prévue pour profil inexistant ; pas d’exception JS",HTTP 200; titre: Statik — Ability | Lunidex; destination: https://lunidex.app/fr/abilities/static,réussi,routes-fr-03.json,,
SCN-0102,Rendu,Références Pokémon,Accès direct et rendu de la route,/fr/items,Visiteur ; session dédiée sans compte,production,575af4390efbe9b658d1b3d9b47f2a9932b1fc03,fr,Chromium 149,1440 × 900,"Réponse 200 et contenu, ou 404 prévue pour profil inexistant ; pas d’exception JS",HTTP 200; titre: Items | Lunidex; destination: https://lunidex.app/fr/items,réussi,routes-fr-03.json,,
SCN-0103,Rendu,Références Pokémon,Accès direct et rendu de la route,/fr/items/potion,Visiteur ; session dédiée sans compte,production,575af4390efbe9b658d1b3d9b47f2a9932b1fc03,fr,Chromium 149,1440 × 900,"Réponse 200 et contenu, ou 404 prévue pour profil inexistant ; pas d’exception JS",HTTP 200; titre: Potion — Item | Lunidex; destination: https://lunidex.app/fr/items/potion,réussi,routes-fr-03.json,,
SCN-0104,Rendu,TCG,Accès direct et rendu de la route,/fr/tcg,Visiteur ; session dédiée sans compte,production,575af4390efbe9b658d1b3d9b47f2a9932b1fc03,fr,Chromium 149,1440 × 900,"Réponse 200 et contenu, ou 404 prévue pour profil inexistant ; pas d’exception JS",HTTP 200; titre: Catalogue JCC Pokémon | Lunidex; destination: https://lunidex.app/fr/tcg,réussi,routes-fr-03.json,,
SCN-0105,Rendu,TCG,Accès direct et rendu de la route,/fr/tcg/cards/sv03.5-199,Visiteur ; session dédiée sans compte,production,575af4390efbe9b658d1b3d9b47f2a9932b1fc03,fr,Chromium 149,1440 × 900,"Réponse 200 et contenu, ou 404 prévue pour profil inexistant ; pas d’exception JS",HTTP 200; titre: Charizard ex — carte JCC Pokémon de 151 | Lunidex; destination: https://lunidex.app/fr/tcg/cards/sv03.5-199; exception React #418,échoué,routes-fr-03.json,BUG-006,
SCN-0106,Rendu,TCG,Accès direct et rendu de la route,/fr/tcg/sets/sv03.5,Visiteur ; session dédiée sans compte,production,575af4390efbe9b658d1b3d9b47f2a9932b1fc03,fr,Chromium 149,1440 × 900,"Réponse 200 et contenu, ou 404 prévue pour profil inexistant ; pas d’exception JS",HTTP 200; titre: 151 : liste des cartes et checklist JCC Pokémon | Lunidex; destination: https://lunidex.app/fr/tcg/sets/sv03.5,réussi,routes-fr-03.json,,
SCN-0107,Rendu,TCG,Accès direct et rendu de la route,/fr/tcg/start,Visiteur ; session dédiée sans compte,production,575af4390efbe9b658d1b3d9b47f2a9932b1fc03,fr,Chromium 149,1440 × 900,"Réponse 200 et contenu, ou 404 prévue pour profil inexistant ; pas d’exception JS",HTTP 200; titre: Commencez votre collection | Lunidex; destination: https://lunidex.app/fr/tcg/start,réussi,routes-fr-03.json,,
SCN-0108,Rendu,TCG,Accès direct et rendu de la route,/fr/tcg/collection,Visiteur ; session dédiée sans compte,production,575af4390efbe9b658d1b3d9b47f2a9932b1fc03,fr,Chromium 149,1440 × 900,"Réponse 200 et contenu, ou 404 prévue pour profil inexistant ; pas d’exception JS",HTTP 200; titre: Ma Collection | Lunidex; destination: https://lunidex.app/fr/tcg/collection,réussi,routes-fr-03.json,,
SCN-0109,Rendu,TCG,Accès direct et rendu de la route,/fr/tcg/collection/fr,Visiteur ; session dédiée sans compte,production,575af4390efbe9b658d1b3d9b47f2a9932b1fc03,fr,Chromium 149,1440 × 900,"Réponse 200 et contenu, ou 404 prévue pour profil inexistant ; pas d’exception JS",HTTP 200; titre: fr — Ma Collection; destination: https://lunidex.app/fr/tcg/collection/fr,réussi,routes-fr-03.json,,
SCN-0110,Rendu,TCG,Accès direct et rendu de la route,/fr/tcg/collection/fr/sv03.5,Visiteur ; session dédiée sans compte,production,575af4390efbe9b658d1b3d9b47f2a9932b1fc03,fr,Chromium 149,1440 × 900,"Réponse 200 et contenu, ou 404 prévue pour profil inexistant ; pas d’exception JS",HTTP 200; titre: sv03.5 — Ma Collection; destination: https://lunidex.app/fr/tcg/collection/fr/sv03.5,réussi,routes-fr-03.json,,
SCN-0111,Rendu,TCG,Accès direct et rendu de la route,/fr/tcg/wishlist,Visiteur ; session dédiée sans compte,production,575af4390efbe9b658d1b3d9b47f2a9932b1fc03,fr,Chromium 149,1440 × 900,"Réponse 200 et contenu, ou 404 prévue pour profil inexistant ; pas d’exception JS",HTTP 200; titre: Liste de souhaits | Lunidex; destination: https://lunidex.app/fr/tcg/wishlist,réussi,routes-fr-03.json,,
SCN-0112,Rendu,TCG,Accès direct et rendu de la route,/fr/tcg/deck-builder,Visiteur ; session dédiée sans compte,production,575af4390efbe9b658d1b3d9b47f2a9932b1fc03,fr,Chromium 149,1440 × 900,"Réponse 200 et contenu, ou 404 prévue pour profil inexistant ; pas d’exception JS",HTTP 200; titre: Constructeur de deck | Lunidex; destination: https://lunidex.app/fr/tcg/deck-builder,réussi,routes-fr-04.json,,
SCN-0113,Rendu,TCG,Accès direct et rendu de la route,/fr/tcg/pull-rates,Visiteur ; session dédiée sans compte,production,575af4390efbe9b658d1b3d9b47f2a9932b1fc03,fr,Chromium 149,1440 × 900,"Réponse 200 et contenu, ou 404 prévue pour profil inexistant ; pas d’exception JS",HTTP 200; titre: Fréquences de tirage des boosters Pokémon | Lunidex; destination: https://lunidex.app/fr/tcg/pull-rates,réussi,routes-fr-04.json,,
SCN-0114,Rendu,TCG,Accès direct et rendu de la route,/fr/tcg/booster-value,Visiteur ; session dédiée sans compte,production,575af4390efbe9b658d1b3d9b47f2a9932b1fc03,fr,Chromium 149,1440 × 900,"Réponse 200 et contenu, ou 404 prévue pour profil inexistant ; pas d’exception JS",HTTP 200; titre: Valeur attendue d’un booster Pokémon | Lunidex; destination: https://lunidex.app/fr/tcg/booster-value,réussi,routes-fr-04.json,,
SCN-0115,Rendu,Scellés,Accès direct et rendu de la route,/fr/tcg/sealed,Visiteur ; session dédiée sans compte,production,575af4390efbe9b658d1b3d9b47f2a9932b1fc03,fr,Chromium 149,1440 × 900,"Réponse 200 et contenu, ou 404 prévue pour profil inexistant ; pas d’exception JS",HTTP 200; titre: Portefeuille scellés | Lunidex; destination: https://lunidex.app/fr/tcg/sealed,réussi,routes-fr-04.json,,
SCN-0116,Rendu,Scellés,Accès direct et rendu de la route,/fr/tcg/sealed/market,Visiteur ; session dédiée sans compte,production,575af4390efbe9b658d1b3d9b47f2a9932b1fc03,fr,Chromium 149,1440 × 900,"Réponse 200 et contenu, ou 404 prévue pour profil inexistant ; pas d’exception JS",HTTP 200; titre: Marché des produits scellés | Lunidex; destination: https://lunidex.app/fr/tcg/sealed/market,réussi,routes-fr-04.json,,
SCN-0117,Rendu,Scellés,Accès direct et rendu de la route,/fr/tcg/sealed/market/611877,Visiteur ; session dédiée sans compte,production,575af4390efbe9b658d1b3d9b47f2a9932b1fc03,fr,Chromium 149,1440 × 900,"Réponse 200 et contenu, ou 404 prévue pour profil inexistant ; pas d’exception JS",HTTP 200; titre: 10th Movie Commemoration Set — Marché des produits scellés | Lunidex; destination: https://lunidex.app/fr/tcg/sealed/market/611877,réussi,routes-fr-04.json,,
SCN-0118,Rendu,Scellés,Accès direct et rendu de la route,/fr/tcg/sealed/market/products/611877,Visiteur ; session dédiée sans compte,production,575af4390efbe9b658d1b3d9b47f2a9932b1fc03,fr,Chromium 149,1440 × 900,"Réponse 200 et contenu, ou 404 prévue pour profil inexistant ; pas d’exception JS",HTTP 200; titre: 10th Movie Commemoration Set — Marché des produits scellés | Lunidex; destination: https://lunidex.app/fr/tcg/sealed/market/products/611877,réussi,routes-fr-04.json,,
SCN-0119,Rendu,Scellés,Accès direct et rendu de la route,/fr/tcg/sealed/buy-safely,Visiteur ; session dédiée sans compte,production,575af4390efbe9b658d1b3d9b47f2a9932b1fc03,fr,Chromium 149,1440 × 900,"Réponse 200 et contenu, ou 404 prévue pour profil inexistant ; pas d’exception JS",HTTP 200; titre: Acheter des cartes et produits scellés avec prudence | Lunidex; destination: https://lunidex.app/fr/tcg/sealed/buy-safely,réussi,routes-fr-04.json,,
SCN-0120,Rendu,Scellés,Accès direct et rendu de la route,/fr/tcg/sealed/releases,Visiteur ; session dédiée sans compte,production,575af4390efbe9b658d1b3d9b47f2a9932b1fc03,fr,Chromium 149,1440 × 900,"Réponse 200 et contenu, ou 404 prévue pour profil inexistant ; pas d’exception JS",HTTP 200; titre: Calendrier des sorties scellées | Lunidex; destination: https://lunidex.app/fr/tcg/sealed/releases,réussi,routes-fr-04.json,,
SCN-0121,Rendu,Scellés,Accès direct et rendu de la route,/fr/tcg/sealed/collection,Visiteur ; session dédiée sans compte,production,575af4390efbe9b658d1b3d9b47f2a9932b1fc03,fr,Chromium 149,1440 × 900,"Réponse 200 et contenu, ou 404 prévue pour profil inexistant ; pas d’exception JS",HTTP 200; titre: Portefeuille scellés | Lunidex; destination: https://lunidex.app/fr/tcg/sealed/collection,réussi,routes-fr-04.json,,
SCN-0122,Rendu,Scellés,Accès direct et rendu de la route,/fr/tcg/sealed/journal,Visiteur ; session dédiée sans compte,production,575af4390efbe9b658d1b3d9b47f2a9932b1fc03,fr,Chromium 149,1440 × 900,"Réponse 200 et contenu, ou 404 prévue pour profil inexistant ; pas d’exception JS",HTTP 200; titre: Portefeuille scellés | Lunidex; destination: https://lunidex.app/fr/tcg/sealed/journal,réussi,routes-fr-04.json,,
SCN-0123,Rendu,Scellés,Accès direct et rendu de la route,/fr/tcg/sealed/sales,Visiteur ; session dédiée sans compte,production,575af4390efbe9b658d1b3d9b47f2a9932b1fc03,fr,Chromium 149,1440 × 900,"Réponse 200 et contenu, ou 404 prévue pour profil inexistant ; pas d’exception JS",HTTP 200; titre: Portefeuille scellés | Lunidex; destination: https://lunidex.app/fr/tcg/sealed/sales,réussi,routes-fr-04.json,,
SCN-0124,Rendu,Scellés,Accès direct et rendu de la route,/fr/tcg/sealed/cashflow,Visiteur ; session dédiée sans compte,production,575af4390efbe9b658d1b3d9b47f2a9932b1fc03,fr,Chromium 149,1440 × 900,"Réponse 200 et contenu, ou 404 prévue pour profil inexistant ; pas d’exception JS",HTTP 200; titre: Portefeuille scellés | Lunidex; destination: https://lunidex.app/fr/tcg/sealed/cashflow,réussi,routes-fr-05.json,,
SCN-0125,Rendu,Scellés,Accès direct et rendu de la route,/fr/tcg/sealed/analytics,Visiteur ; session dédiée sans compte,production,575af4390efbe9b658d1b3d9b47f2a9932b1fc03,fr,Chromium 149,1440 × 900,"Réponse 200 et contenu, ou 404 prévue pour profil inexistant ; pas d’exception JS",HTTP 200; titre: Portefeuille scellés | Lunidex; destination: https://lunidex.app/fr/tcg/sealed/analytics,réussi,routes-fr-05.json,,
SCN-0126,Rendu,Scellés,Accès direct et rendu de la route,/fr/tcg/sealed/catalogue,Visiteur ; session dédiée sans compte,production,575af4390efbe9b658d1b3d9b47f2a9932b1fc03,fr,Chromium 149,1440 × 900,"Réponse 200 et contenu, ou 404 prévue pour profil inexistant ; pas d’exception JS",HTTP 200; titre: Portefeuille scellés | Lunidex; destination: https://lunidex.app/fr/tcg/sealed/catalogue,réussi,routes-fr-05.json,,
SCN-0127,Rendu,Scellés,Accès direct et rendu de la route,/fr/tcg/sealed/sources,Visiteur ; session dédiée sans compte,production,575af4390efbe9b658d1b3d9b47f2a9932b1fc03,fr,Chromium 149,1440 × 900,"Réponse 200 et contenu, ou 404 prévue pour profil inexistant ; pas d’exception JS",HTTP 200; titre: Portefeuille scellés | Lunidex; destination: https://lunidex.app/fr/tcg/sealed/sources,réussi,routes-fr-05.json,,
SCN-0128,Rendu,Scellés,Accès direct et rendu de la route,/fr/tcg/sealed/products/1,Visiteur ; session dédiée sans compte,production,575af4390efbe9b658d1b3d9b47f2a9932b1fc03,fr,Chromium 149,1440 × 900,"Réponse 200 et contenu, ou 404 prévue pour profil inexistant ; pas d’exception JS",HTTP 200; titre: Portefeuille scellés | Lunidex; destination: https://lunidex.app/fr/tcg/sealed/products/1,réussi,routes-fr-05.json,,
SCN-0129,Rendu,Navigation et contenus,Accès direct et rendu de la route,/fr/about,Visiteur ; session dédiée sans compte,production,575af4390efbe9b658d1b3d9b47f2a9932b1fc03,fr,Chromium 149,1440 × 900,"Réponse 200 et contenu, ou 404 prévue pour profil inexistant ; pas d’exception JS",HTTP 200; titre: À propos de Lunidex — Suivi de collection Pokémon TCG | Lunidex; destination: https://lunidex.app/fr/about,réussi,routes-fr-05.json,,
SCN-0130,Rendu,Navigation et contenus,Accès direct et rendu de la route,/fr/faq,Visiteur ; session dédiée sans compte,production,575af4390efbe9b658d1b3d9b47f2a9932b1fc03,fr,Chromium 149,1440 × 900,"Réponse 200 et contenu, ou 404 prévue pour profil inexistant ; pas d’exception JS",HTTP 200; titre: FAQ Lunidex — Questions et réponses | Lunidex; destination: https://lunidex.app/fr/faq,réussi,routes-fr-05.json,,
SCN-0131,Rendu,Navigation et contenus,Accès direct et rendu de la route,/fr/contact,Visiteur ; session dédiée sans compte,production,575af4390efbe9b658d1b3d9b47f2a9932b1fc03,fr,Chromium 149,1440 × 900,"Réponse 200 et contenu, ou 404 prévue pour profil inexistant ; pas d’exception JS",HTTP 200; titre: Contact | Lunidex; destination: https://lunidex.app/fr/contact,réussi,routes-fr-05.json,,
SCN-0132,Rendu,Navigation et contenus,Accès direct et rendu de la route,/fr/docs,Visiteur ; session dédiée sans compte,production,575af4390efbe9b658d1b3d9b47f2a9932b1fc03,fr,Chromium 149,1440 × 900,"Réponse 200 et contenu, ou 404 prévue pour profil inexistant ; pas d’exception JS",HTTP 200; titre: Documentation Lunidex — outils Pokémon et API; destination: https://lunidex.app/fr/docs,réussi,routes-fr-05.json,,
SCN-0133,Rendu,Navigation et contenus,Accès direct et rendu de la route,/fr/docs/api,Visiteur ; session dédiée sans compte,production,575af4390efbe9b658d1b3d9b47f2a9932b1fc03,fr,Chromium 149,1440 × 900,"Réponse 200 et contenu, ou 404 prévue pour profil inexistant ; pas d’exception JS",HTTP 200; titre: API publique Lunidex v1 — Guide développeur; destination: https://lunidex.app/fr/docs/api,réussi,routes-fr-05.json,,
SCN-0134,Rendu,Navigation et contenus,Accès direct et rendu de la route,/fr/blog,Visiteur ; session dédiée sans compte,production,575af4390efbe9b658d1b3d9b47f2a9932b1fc03,fr,Chromium 149,1440 × 900,"Réponse 200 et contenu, ou 404 prévue pour profil inexistant ; pas d’exception JS",HTTP 200; titre: Blog Lunidex — Guides et comparatifs | Lunidex; destination: https://lunidex.app/fr/blog,réussi,routes-fr-05.json,,
SCN-0135,Rendu,Navigation et contenus,Accès direct et rendu de la route,/fr/privacy,Visiteur ; session dédiée sans compte,production,575af4390efbe9b658d1b3d9b47f2a9932b1fc03,fr,Chromium 149,1440 × 900,"Réponse 200 et contenu, ou 404 prévue pour profil inexistant ; pas d’exception JS",HTTP 200; titre: Politique de confidentialité | Lunidex; destination: https://lunidex.app/fr/privacy,réussi,routes-fr-05.json,,
SCN-0136,Rendu,Navigation et contenus,Accès direct et rendu de la route,/fr/cookies,Visiteur ; session dédiée sans compte,production,575af4390efbe9b658d1b3d9b47f2a9932b1fc03,fr,Chromium 149,1440 × 900,"Réponse 200 et contenu, ou 404 prévue pour profil inexistant ; pas d’exception JS",HTTP 200; titre: Politique de cookies | Lunidex; destination: https://lunidex.app/fr/cookies,réussi,routes-fr-05.json,,
SCN-0137,Rendu,Navigation et contenus,Accès direct et rendu de la route,/fr/terms,Visiteur ; session dédiée sans compte,production,575af4390efbe9b658d1b3d9b47f2a9932b1fc03,fr,Chromium 149,1440 × 900,"Réponse 200 et contenu, ou 404 prévue pour profil inexistant ; pas d’exception JS",HTTP 200; titre: Conditions générales d'utilisation | Lunidex; destination: https://lunidex.app/fr/terms,réussi,routes-fr-05.json,,
SCN-0138,Rendu,Navigation et contenus,Accès direct et rendu de la route,/fr/legal,Visiteur ; session dédiée sans compte,production,575af4390efbe9b658d1b3d9b47f2a9932b1fc03,fr,Chromium 149,1440 × 900,"Réponse 200 et contenu, ou 404 prévue pour profil inexistant ; pas d’exception JS",HTTP 200; titre: Mentions légales | Lunidex; destination: https://lunidex.app/fr/legal,réussi,routes-fr-06.json,,
SCN-0139,Rendu,Navigation et contenus,Accès direct et rendu de la route,/fr/30e-anniversaire,Visiteur ; session dédiée sans compte,production,575af4390efbe9b658d1b3d9b47f2a9932b1fc03,fr,Chromium 149,1440 × 900,"Réponse 200 et contenu, ou 404 prévue pour profil inexistant ; pas d’exception JS",HTTP 200; titre: 30e anniversaire du JCC Pokémon | cartes Pikachu | Lunidex; destination: https://lunidex.app/fr/30e-anniversaire,réussi,routes-fr-06.json,,
SCN-0140,Rendu,Navigation et contenus,Accès direct et rendu de la route,/fr/offline,Visiteur ; session dédiée sans compte,production,575af4390efbe9b658d1b3d9b47f2a9932b1fc03,fr,Chromium 149,1440 × 900,"Réponse 200 et contenu, ou 404 prévue pour profil inexistant ; pas d’exception JS",HTTP 200; titre: Lunidex — Catalogue Pokémon TCG et suivi de collection; destination: https://lunidex.app/fr/offline,réussi,routes-fr-06.json,,
SCN-0141,Rendu,Compte et espace personnel,Accès direct et rendu de la route,/fr/auth/reset-password,Visiteur ; session dédiée sans compte,production,575af4390efbe9b658d1b3d9b47f2a9932b1fc03,fr,Chromium 149,1440 × 900,"Réponse 200 et contenu, ou 404 prévue pour profil inexistant ; pas d’exception JS",HTTP 200; titre: Modifier votre mot de passe | Lunidex; destination: https://lunidex.app/fr/auth/reset-password,réussi,routes-fr-06.json,,
SCN-0142,Rendu,Outils et jeux,Accès direct et rendu de la route,/fr/team/share?code=25-6-9&lang=fr,Visiteur ; session dédiée sans compte,production,575af4390efbe9b658d1b3d9b47f2a9932b1fc03,fr,Chromium 149,1440 × 900,"Réponse 200 et contenu, ou 404 prévue pour profil inexistant ; pas d’exception JS",HTTP 200; titre: Créateur d’équipe Pokémon — Couverture et partage | Lunidex; destination: https://lunidex.app/fr/team,réussi,routes-fr-06.json,,
SCN-0143,Rendu,Navigation et contenus,Accès direct et rendu de la route,/fr/guides/team-builder-guide,Visiteur ; session dédiée sans compte,production,575af4390efbe9b658d1b3d9b47f2a9932b1fc03,fr,Chromium 149,1440 × 900,"Réponse 200 et contenu, ou 404 prévue pour profil inexistant ; pas d’exception JS",HTTP 200; titre: Guide du créateur d’équipe — Composer des équipes Pokémon équilibrées | Lunidex; destination: https://lunidex.app/fr/guides/team-builder-guide,réussi,routes-fr-06.json,,
SCN-0144,Rendu,Navigation et contenus,Accès direct et rendu de la route,/fr/guides/quiz-guide,Visiteur ; session dédiée sans compte,production,575af4390efbe9b658d1b3d9b47f2a9932b1fc03,fr,Chromium 149,1440 × 900,"Réponse 200 et contenu, ou 404 prévue pour profil inexistant ; pas d’exception JS","HTTP 200; titre: Guide du quiz Pokémon — Modes, défis et badges | Lunidex; destination: https://lunidex.app/fr/guides/quiz-guide",réussi,routes-fr-06.json,,
SCN-0145,Rendu,Navigation et contenus,Accès direct et rendu de la route,/fr/guides/nuzlocke-guide,Visiteur ; session dédiée sans compte,production,575af4390efbe9b658d1b3d9b47f2a9932b1fc03,fr,Chromium 149,1440 × 900,"Réponse 200 et contenu, ou 404 prévue pour profil inexistant ; pas d’exception JS",HTTP 200; titre: Suivi Nuzlocke — Suivre vos parties challenge | Lunidex; destination: https://lunidex.app/fr/guides/nuzlocke-guide,réussi,routes-fr-06.json,,
SCN-0146,Rendu,Navigation et contenus,Accès direct et rendu de la route,/fr/guides/pokemon-card-collection-tracker,Visiteur ; session dédiée sans compte,production,575af4390efbe9b658d1b3d9b47f2a9932b1fc03,fr,Chromium 149,1440 × 900,"Réponse 200 et contenu, ou 404 prévue pour profil inexistant ; pas d’exception JS",HTTP 200; titre: Suivi gratuit de collection de cartes Pokémon | Lunidex; destination: https://lunidex.app/fr/guides/pokemon-card-collection-tracker,réussi,routes-fr-06.json,,
SCN-0147,Rendu,Navigation et contenus,Accès direct et rendu de la route,/fr/guides/organize-pokemon-card-collection,Visiteur ; session dédiée sans compte,production,575af4390efbe9b658d1b3d9b47f2a9932b1fc03,fr,Chromium 149,1440 × 900,"Réponse 200 et contenu, ou 404 prévue pour profil inexistant ; pas d’exception JS",HTTP 200; titre: Comment organiser une collection de cartes Pokémon; destination: https://lunidex.app/fr/guides/organize-pokemon-card-collection,réussi,routes-fr-06.json,,
SCN-0148,Rendu,Navigation et contenus,Accès direct et rendu de la route,/fr/guides/pokemon-reference-guide,Visiteur ; session dédiée sans compte,production,575af4390efbe9b658d1b3d9b47f2a9932b1fc03,fr,Chromium 149,1440 × 900,"Réponse 200 et contenu, ou 404 prévue pour profil inexistant ; pas d’exception JS",HTTP 200; titre: Pokédex Pokémon gratuit en ligne — Guide de référence PokéAPI | Lunidex; destination: https://lunidex.app/fr/guides/pokemon-reference-guide,réussi,routes-fr-06.json,,
SCN-0149,Rendu,Navigation et contenus,Accès direct et rendu de la route,/fr/guides/team-tools-guide,Visiteur ; session dédiée sans compte,production,575af4390efbe9b658d1b3d9b47f2a9932b1fc03,fr,Chromium 149,1440 × 900,"Réponse 200 et contenu, ou 404 prévue pour profil inexistant ; pas d’exception JS","HTTP 200; titre: Outils de préparation d’équipe Pokémon — Comparaison, EV/IV et combat | Lunidex; destination: https://lunidex.app/fr/guides/team-tools-guide",réussi,routes-fr-06.json,,
SCN-0150,Rendu,TCG,Accès direct et rendu de la route,/fr/guides/tcg-workspace-guide,Visiteur ; session dédiée sans compte,production,575af4390efbe9b658d1b3d9b47f2a9932b1fc03,fr,Chromium 149,1440 × 900,"Réponse 200 et contenu, ou 404 prévue pour profil inexistant ; pas d’exception JS","HTTP 200; titre: Application et espace de collection Pokémon TCG — Cartes, wishlist et decks | Lunidex; destination: https://lunidex.app/fr/guides/tcg-workspace-guide",réussi,routes-fr-06.json,,
SCN-0151,Rendu,Navigation et contenus,Accès direct et rendu de la route,/fr/guides/progress-account-guide,Visiteur ; session dédiée sans compte,production,575af4390efbe9b658d1b3d9b47f2a9932b1fc03,fr,Chromium 149,1440 × 900,"Réponse 200 et contenu, ou 404 prévue pour profil inexistant ; pas d’exception JS","HTTP 200; titre: Guide de progression Lunidex — Tableau de bord, favoris, amis et synchronisation; destination: https://lunidex.app/fr/guides/progress-account-guide",réussi,routes-fr-06.json,,
SCN-0152,Rendu,Navigation et contenus,Accès direct et rendu de la route,/fr/guides/pokemon-card-collection-value,Visiteur ; session dédiée sans compte,production,575af4390efbe9b658d1b3d9b47f2a9932b1fc03,fr,Chromium 149,1440 × 900,"Réponse 200 et contenu, ou 404 prévue pour profil inexistant ; pas d’exception JS","HTTP 200; titre: Guide de la valeur d’une collection Pokémon — Estimations, scellé et limites | Lunidex; destination: https://lunidex.app/fr/guides/pokemon-card-collection-value",réussi,routes-fr-07.json,,
SCN-0153,Rendu,Navigation et contenus,Accès direct et rendu de la route,/fr/compare/lunidex-vs-pokecardex-zebradex,Visiteur ; session dédiée sans compte,production,575af4390efbe9b658d1b3d9b47f2a9932b1fc03,fr,Chromium 149,1440 × 900,"Réponse 200 et contenu, ou 404 prévue pour profil inexistant ; pas d’exception JS",HTTP 200; titre: Lunidex vs PokéCardex vs ZebraDex — Comparatif de collection Pokémon; destination: https://lunidex.app/fr/compare/lunidex-vs-pokecardex-zebradex,réussi,routes-fr-07.json,,
SCN-0154,Rendu,Navigation et contenus,Accès direct et rendu de la route,/fr/compare/lunidex-vs-pokemon-database,Visiteur ; session dédiée sans compte,production,575af4390efbe9b658d1b3d9b47f2a9932b1fc03,fr,Chromium 149,1440 × 900,"Réponse 200 et contenu, ou 404 prévue pour profil inexistant ; pas d’exception JS",HTTP 200; titre: Lunidex ou Pokémon Database — Comparatif des références Pokémon; destination: https://lunidex.app/fr/compare/lunidex-vs-pokemon-database,réussi,routes-fr-07.json,,
SCN-0155,Rendu,Navigation et contenus,Accès direct et rendu de la route,/fr/compare/lunidex-vs-bulbapedia,Visiteur ; session dédiée sans compte,production,575af4390efbe9b658d1b3d9b47f2a9932b1fc03,fr,Chromium 149,1440 × 900,"Réponse 200 et contenu, ou 404 prévue pour profil inexistant ; pas d’exception JS",HTTP 200; titre: Lunidex ou Bulbapedia — Alternative à l’encyclopédie Pokémon; destination: https://lunidex.app/fr/compare/lunidex-vs-bulbapedia,réussi,routes-fr-07.json,,
SCN-0156,Rendu,Navigation et contenus,Accès direct et rendu de la route,/fr/compare/lunidex-vs-pokemon-showdown,Visiteur ; session dédiée sans compte,production,575af4390efbe9b658d1b3d9b47f2a9932b1fc03,fr,Chromium 149,1440 × 900,"Réponse 200 et contenu, ou 404 prévue pour profil inexistant ; pas d’exception JS",HTTP 200; titre: Lunidex ou Pokémon Showdown — Comparatif des team builders; destination: https://lunidex.app/fr/compare/lunidex-vs-pokemon-showdown,réussi,routes-fr-07.json,,
SCN-0157,Rendu,Navigation et contenus,Accès direct et rendu de la route,/fr/compare/lunidex-vs-pokecardex,Visiteur ; session dédiée sans compte,production,575af4390efbe9b658d1b3d9b47f2a9932b1fc03,fr,Chromium 149,1440 × 900,"Réponse 200 et contenu, ou 404 prévue pour profil inexistant ; pas d’exception JS",HTTP 200; titre: Lunidex ou PokéCardex — Comparatif de collection Pokémon TCG; destination: https://lunidex.app/fr/compare/lunidex-vs-pokecardex,réussi,routes-fr-07.json,,
SCN-0158,Rendu,Navigation et contenus,Accès direct et rendu de la route,/fr/compare/lunidex-vs-zebradex,Visiteur ; session dédiée sans compte,production,575af4390efbe9b658d1b3d9b47f2a9932b1fc03,fr,Chromium 149,1440 × 900,"Réponse 200 et contenu, ou 404 prévue pour profil inexistant ; pas d’exception JS",HTTP 200; titre: Lunidex ou ZebraDex — Comparatif de collection Pokémon TCG; destination: https://lunidex.app/fr/compare/lunidex-vs-zebradex,réussi,routes-fr-07.json,,
SCN-0159,Rendu,Navigation et contenus,Accès direct et rendu de la route,/fr/compare/lunidex-vs-collectr,Visiteur ; session dédiée sans compte,production,575af4390efbe9b658d1b3d9b47f2a9932b1fc03,fr,Chromium 149,1440 × 900,"Réponse 200 et contenu, ou 404 prévue pour profil inexistant ; pas d’exception JS",HTTP 200; titre: Lunidex ou Collectr — Comparatif de collection de cartes Pokémon; destination: https://lunidex.app/fr/compare/lunidex-vs-collectr,réussi,routes-fr-07.json,,
SCN-0160,Rendu,Navigation et contenus,Accès direct et rendu de la route,/fr/compare/lunidex-vs-pokellector,Visiteur ; session dédiée sans compte,production,575af4390efbe9b658d1b3d9b47f2a9932b1fc03,fr,Chromium 149,1440 × 900,"Réponse 200 et contenu, ou 404 prévue pour profil inexistant ; pas d’exception JS",HTTP 200; titre: Lunidex ou Pokéllector — Comparatif d’index de cartes Pokémon TCG; destination: https://lunidex.app/fr/compare/lunidex-vs-pokellector,réussi,routes-fr-07.json,,
SCN-0161,Rendu,Navigation et contenus,Accès direct et rendu de la route,/fr/compare/lunidex-vs-cardzia,Visiteur ; session dédiée sans compte,production,575af4390efbe9b658d1b3d9b47f2a9932b1fc03,fr,Chromium 149,1440 × 900,"Réponse 200 et contenu, ou 404 prévue pour profil inexistant ; pas d’exception JS",HTTP 200; titre: Lunidex ou Cardzia — Comparatif d’application de collection Pokémon TCG; destination: https://lunidex.app/fr/compare/lunidex-vs-cardzia,réussi,routes-fr-07.json,,
SCN-0162,Rendu,Navigation et contenus,Accès direct et rendu de la route,/fr/compare/lunidex-vs-cardmarket,Visiteur ; session dédiée sans compte,production,575af4390efbe9b658d1b3d9b47f2a9932b1fc03,fr,Chromium 149,1440 × 900,"Réponse 200 et contenu, ou 404 prévue pour profil inexistant ; pas d’exception JS",HTTP 200; titre: Lunidex ou Cardmarket — Comparatif de collection de cartes Pokémon; destination: https://lunidex.app/fr/compare/lunidex-vs-cardmarket,réussi,routes-fr-07.json,,
SCN-0163,Responsive,Navigation et contenus,Géométrie du conteneur global,/,Visiteur ; session dédiée sans compte,production,575af4390efbe9b658d1b3d9b47f2a9932b1fc03,fr,Chromium 149,360 × 800,Largeur du document ≤ largeur de la fenêtre,scrollWidth=352; overflow=False,réussi,responsive-01.json,,
SCN-0164,Responsive,Navigation et contenus,Géométrie du conteneur global,/,Visiteur ; session dédiée sans compte,production,575af4390efbe9b658d1b3d9b47f2a9932b1fc03,fr,Chromium 149,390 × 844,Largeur du document ≤ largeur de la fenêtre,scrollWidth=382; overflow=False,réussi,responsive-01.json,,
SCN-0165,Responsive,Navigation et contenus,Géométrie du conteneur global,/,Visiteur ; session dédiée sans compte,production,575af4390efbe9b658d1b3d9b47f2a9932b1fc03,fr,Chromium 149,768 × 1024,Largeur du document ≤ largeur de la fenêtre,scrollWidth=760; overflow=False,réussi,responsive-01.json,,
SCN-0166,Responsive,Navigation et contenus,Géométrie du conteneur global,/,Visiteur ; session dédiée sans compte,production,575af4390efbe9b658d1b3d9b47f2a9932b1fc03,fr,Chromium 149,1440 × 900,Largeur du document ≤ largeur de la fenêtre,scrollWidth=1432; overflow=False,réussi,responsive-01.json,,
SCN-0167,Responsive,Références Pokémon,Géométrie du conteneur global,/pokedex,Visiteur ; session dédiée sans compte,production,575af4390efbe9b658d1b3d9b47f2a9932b1fc03,fr,Chromium 149,360 × 800,Largeur du document ≤ largeur de la fenêtre,scrollWidth=352; overflow=False,réussi,responsive-01.json,,
SCN-0168,Responsive,Références Pokémon,Géométrie du conteneur global,/pokedex,Visiteur ; session dédiée sans compte,production,575af4390efbe9b658d1b3d9b47f2a9932b1fc03,fr,Chromium 149,390 × 844,Largeur du document ≤ largeur de la fenêtre,scrollWidth=382; overflow=False,réussi,responsive-01.json,,
SCN-0169,Responsive,Références Pokémon,Géométrie du conteneur global,/pokedex,Visiteur ; session dédiée sans compte,production,575af4390efbe9b658d1b3d9b47f2a9932b1fc03,fr,Chromium 149,768 × 1024,Largeur du document ≤ largeur de la fenêtre,scrollWidth=760; overflow=False,réussi,responsive-01.json,,
SCN-0170,Responsive,Références Pokémon,Géométrie du conteneur global,/pokedex,Visiteur ; session dédiée sans compte,production,575af4390efbe9b658d1b3d9b47f2a9932b1fc03,fr,Chromium 149,1440 × 900,Largeur du document ≤ largeur de la fenêtre,scrollWidth=1432; overflow=False,réussi,responsive-01.json,,
SCN-0171,Responsive,Références Pokémon,Géométrie du conteneur global,/pokemon/pikachu,Visiteur ; session dédiée sans compte,production,575af4390efbe9b658d1b3d9b47f2a9932b1fc03,fr,Chromium 149,360 × 800,Largeur du document ≤ largeur de la fenêtre,scrollWidth=352; overflow=False,réussi,responsive-01.json,,
SCN-0172,Responsive,Références Pokémon,Géométrie du conteneur global,/pokemon/pikachu,Visiteur ; session dédiée sans compte,production,575af4390efbe9b658d1b3d9b47f2a9932b1fc03,fr,Chromium 149,390 × 844,Largeur du document ≤ largeur de la fenêtre,scrollWidth=382; overflow=False,réussi,responsive-01.json,,
SCN-0173,Responsive,Références Pokémon,Géométrie du conteneur global,/pokemon/pikachu,Visiteur ; session dédiée sans compte,production,575af4390efbe9b658d1b3d9b47f2a9932b1fc03,fr,Chromium 149,768 × 1024,Largeur du document ≤ largeur de la fenêtre,scrollWidth=760; overflow=False,réussi,responsive-01.json,,
SCN-0174,Responsive,Références Pokémon,Géométrie du conteneur global,/pokemon/pikachu,Visiteur ; session dédiée sans compte,production,575af4390efbe9b658d1b3d9b47f2a9932b1fc03,fr,Chromium 149,1440 × 900,Largeur du document ≤ largeur de la fenêtre,scrollWidth=1432; overflow=False,réussi,responsive-01.json,,
SCN-0175,Responsive,Outils et jeux,Géométrie du conteneur global,/team,Visiteur ; session dédiée sans compte,production,575af4390efbe9b658d1b3d9b47f2a9932b1fc03,fr,Chromium 149,360 × 800,Largeur du document ≤ largeur de la fenêtre,scrollWidth=352; overflow=False,réussi,responsive-01.json,,
SCN-0176,Responsive,Outils et jeux,Géométrie du conteneur global,/team,Visiteur ; session dédiée sans compte,production,575af4390efbe9b658d1b3d9b47f2a9932b1fc03,fr,Chromium 149,390 × 844,Largeur du document ≤ largeur de la fenêtre,scrollWidth=382; overflow=False,réussi,responsive-01.json,,
SCN-0177,Responsive,Outils et jeux,Géométrie du conteneur global,/team,Visiteur ; session dédiée sans compte,production,575af4390efbe9b658d1b3d9b47f2a9932b1fc03,fr,Chromium 149,768 × 1024,Largeur du document ≤ largeur de la fenêtre,scrollWidth=760; overflow=False,réussi,responsive-01.json,,
SCN-0178,Responsive,Outils et jeux,Géométrie du conteneur global,/team,Visiteur ; session dédiée sans compte,production,575af4390efbe9b658d1b3d9b47f2a9932b1fc03,fr,Chromium 149,1440 × 900,Largeur du document ≤ largeur de la fenêtre,scrollWidth=1432; overflow=False,réussi,responsive-01.json,,
SCN-0179,Responsive,Références Pokémon,Géométrie du conteneur global,/types,Visiteur ; session dédiée sans compte,production,575af4390efbe9b658d1b3d9b47f2a9932b1fc03,fr,Chromium 149,360 × 800,Largeur du document ≤ largeur de la fenêtre,scrollWidth=352; overflow=False,réussi,responsive-01.json,,
SCN-0180,Responsive,Références Pokémon,Géométrie du conteneur global,/types,Visiteur ; session dédiée sans compte,production,575af4390efbe9b658d1b3d9b47f2a9932b1fc03,fr,Chromium 149,390 × 844,Largeur du document ≤ largeur de la fenêtre,scrollWidth=382; overflow=False,réussi,responsive-01.json,,
SCN-0181,Responsive,Références Pokémon,Géométrie du conteneur global,/types,Visiteur ; session dédiée sans compte,production,575af4390efbe9b658d1b3d9b47f2a9932b1fc03,fr,Chromium 149,768 × 1024,Largeur du document ≤ largeur de la fenêtre,scrollWidth=760; overflow=False,réussi,responsive-01.json,,
SCN-0182,Responsive,Références Pokémon,Géométrie du conteneur global,/types,Visiteur ; session dédiée sans compte,production,575af4390efbe9b658d1b3d9b47f2a9932b1fc03,fr,Chromium 149,1440 × 900,Largeur du document ≤ largeur de la fenêtre,scrollWidth=1432; overflow=False,réussi,responsive-01.json,,
SCN-0183,Responsive,Outils et jeux,Géométrie du conteneur global,/quiz,Visiteur ; session dédiée sans compte,production,575af4390efbe9b658d1b3d9b47f2a9932b1fc03,fr,Chromium 149,360 × 800,Largeur du document ≤ largeur de la fenêtre,scrollWidth=352; overflow=False,réussi,responsive-01.json,,
SCN-0184,Responsive,Outils et jeux,Géométrie du conteneur global,/quiz,Visiteur ; session dédiée sans compte,production,575af4390efbe9b658d1b3d9b47f2a9932b1fc03,fr,Chromium 149,390 × 844,Largeur du document ≤ largeur de la fenêtre,scrollWidth=382; overflow=False,réussi,responsive-01.json,,
SCN-0185,Responsive,Outils et jeux,Géométrie du conteneur global,/quiz,Visiteur ; session dédiée sans compte,production,575af4390efbe9b658d1b3d9b47f2a9932b1fc03,fr,Chromium 149,768 × 1024,Largeur du document ≤ largeur de la fenêtre,scrollWidth=760; overflow=False,réussi,responsive-01.json,,
SCN-0186,Responsive,Outils et jeux,Géométrie du conteneur global,/quiz,Visiteur ; session dédiée sans compte,production,575af4390efbe9b658d1b3d9b47f2a9932b1fc03,fr,Chromium 149,1440 × 900,Largeur du document ≤ largeur de la fenêtre,scrollWidth=1432; overflow=False,réussi,responsive-01.json,,
SCN-0187,Responsive,Outils et jeux,Géométrie du conteneur global,/battle,Visiteur ; session dédiée sans compte,production,575af4390efbe9b658d1b3d9b47f2a9932b1fc03,fr,Chromium 149,360 × 800,Largeur du document ≤ largeur de la fenêtre,scrollWidth=352; overflow=False,réussi,responsive-01.json,,
SCN-0188,Responsive,Outils et jeux,Géométrie du conteneur global,/battle,Visiteur ; session dédiée sans compte,production,575af4390efbe9b658d1b3d9b47f2a9932b1fc03,fr,Chromium 149,390 × 844,Largeur du document ≤ largeur de la fenêtre,scrollWidth=382; overflow=False,réussi,responsive-01.json,,
SCN-0189,Responsive,Outils et jeux,Géométrie du conteneur global,/battle,Visiteur ; session dédiée sans compte,production,575af4390efbe9b658d1b3d9b47f2a9932b1fc03,fr,Chromium 149,768 × 1024,Largeur du document ≤ largeur de la fenêtre,scrollWidth=760; overflow=False,réussi,responsive-01.json,,
SCN-0190,Responsive,Outils et jeux,Géométrie du conteneur global,/battle,Visiteur ; session dédiée sans compte,production,575af4390efbe9b658d1b3d9b47f2a9932b1fc03,fr,Chromium 149,1440 × 900,Largeur du document ≤ largeur de la fenêtre,scrollWidth=1432; overflow=False,réussi,responsive-01.json,,
SCN-0191,Responsive,Outils et jeux,Géométrie du conteneur global,/compare,Visiteur ; session dédiée sans compte,production,575af4390efbe9b658d1b3d9b47f2a9932b1fc03,fr,Chromium 149,360 × 800,Largeur du document ≤ largeur de la fenêtre,scrollWidth=352; overflow=False,réussi,responsive-01.json,,
SCN-0192,Responsive,Outils et jeux,Géométrie du conteneur global,/compare,Visiteur ; session dédiée sans compte,production,575af4390efbe9b658d1b3d9b47f2a9932b1fc03,fr,Chromium 149,390 × 844,Largeur du document ≤ largeur de la fenêtre,scrollWidth=382; overflow=False,réussi,responsive-01.json,,
SCN-0193,Responsive,Outils et jeux,Géométrie du conteneur global,/compare,Visiteur ; session dédiée sans compte,production,575af4390efbe9b658d1b3d9b47f2a9932b1fc03,fr,Chromium 149,768 × 1024,Largeur du document ≤ largeur de la fenêtre,scrollWidth=760; overflow=False,réussi,responsive-01.json,,
SCN-0194,Responsive,Outils et jeux,Géométrie du conteneur global,/compare,Visiteur ; session dédiée sans compte,production,575af4390efbe9b658d1b3d9b47f2a9932b1fc03,fr,Chromium 149,1440 × 900,Largeur du document ≤ largeur de la fenêtre,scrollWidth=1432; overflow=False,réussi,responsive-01.json,,
SCN-0195,Responsive,Outils et jeux,Géométrie du conteneur global,/breeding,Visiteur ; session dédiée sans compte,production,575af4390efbe9b658d1b3d9b47f2a9932b1fc03,fr,Chromium 149,360 × 800,Largeur du document ≤ largeur de la fenêtre,scrollWidth=352; overflow=False,réussi,responsive-01.json,,
SCN-0196,Responsive,Outils et jeux,Géométrie du conteneur global,/breeding,Visiteur ; session dédiée sans compte,production,575af4390efbe9b658d1b3d9b47f2a9932b1fc03,fr,Chromium 149,390 × 844,Largeur du document ≤ largeur de la fenêtre,scrollWidth=382; overflow=False,réussi,responsive-01.json,,
SCN-0197,Responsive,Outils et jeux,Géométrie du conteneur global,/breeding,Visiteur ; session dédiée sans compte,production,575af4390efbe9b658d1b3d9b47f2a9932b1fc03,fr,Chromium 149,768 × 1024,Largeur du document ≤ largeur de la fenêtre,scrollWidth=760; overflow=False,réussi,responsive-01.json,,
SCN-0198,Responsive,Outils et jeux,Géométrie du conteneur global,/breeding,Visiteur ; session dédiée sans compte,production,575af4390efbe9b658d1b3d9b47f2a9932b1fc03,fr,Chromium 149,1440 × 900,Largeur du document ≤ largeur de la fenêtre,scrollWidth=1432; overflow=False,réussi,responsive-01.json,,
SCN-0199,Responsive,Outils et jeux,Géométrie du conteneur global,/ev-iv,Visiteur ; session dédiée sans compte,production,575af4390efbe9b658d1b3d9b47f2a9932b1fc03,fr,Chromium 149,360 × 800,Largeur du document ≤ largeur de la fenêtre,scrollWidth=352; overflow=False,réussi,responsive-01.json,,
SCN-0200,Responsive,Outils et jeux,Géométrie du conteneur global,/ev-iv,Visiteur ; session dédiée sans compte,production,575af4390efbe9b658d1b3d9b47f2a9932b1fc03,fr,Chromium 149,390 × 844,Largeur du document ≤ largeur de la fenêtre,scrollWidth=382; overflow=False,réussi,responsive-01.json,,
SCN-0201,Responsive,Outils et jeux,Géométrie du conteneur global,/ev-iv,Visiteur ; session dédiée sans compte,production,575af4390efbe9b658d1b3d9b47f2a9932b1fc03,fr,Chromium 149,768 × 1024,Largeur du document ≤ largeur de la fenêtre,scrollWidth=760; overflow=False,réussi,responsive-01.json,,
SCN-0202,Responsive,Outils et jeux,Géométrie du conteneur global,/ev-iv,Visiteur ; session dédiée sans compte,production,575af4390efbe9b658d1b3d9b47f2a9932b1fc03,fr,Chromium 149,1440 × 900,Largeur du document ≤ largeur de la fenêtre,scrollWidth=1432; overflow=False,réussi,responsive-01.json,,
SCN-0203,Responsive,Outils et jeux,Géométrie du conteneur global,/nuzlocke,Visiteur ; session dédiée sans compte,production,575af4390efbe9b658d1b3d9b47f2a9932b1fc03,fr,Chromium 149,360 × 800,Largeur du document ≤ largeur de la fenêtre,scrollWidth=352; overflow=False,réussi,responsive-01.json,,
SCN-0204,Responsive,Outils et jeux,Géométrie du conteneur global,/nuzlocke,Visiteur ; session dédiée sans compte,production,575af4390efbe9b658d1b3d9b47f2a9932b1fc03,fr,Chromium 149,390 × 844,Largeur du document ≤ largeur de la fenêtre,scrollWidth=382; overflow=False,réussi,responsive-01.json,,
SCN-0205,Responsive,Outils et jeux,Géométrie du conteneur global,/nuzlocke,Visiteur ; session dédiée sans compte,production,575af4390efbe9b658d1b3d9b47f2a9932b1fc03,fr,Chromium 149,768 × 1024,Largeur du document ≤ largeur de la fenêtre,scrollWidth=760; overflow=False,réussi,responsive-01.json,,
SCN-0206,Responsive,Outils et jeux,Géométrie du conteneur global,/nuzlocke,Visiteur ; session dédiée sans compte,production,575af4390efbe9b658d1b3d9b47f2a9932b1fc03,fr,Chromium 149,1440 × 900,Largeur du document ≤ largeur de la fenêtre,scrollWidth=1432; overflow=False,réussi,responsive-01.json,,
SCN-0207,Responsive,Compte et espace personnel,Géométrie du conteneur global,/favorites,Visiteur ; session dédiée sans compte,production,575af4390efbe9b658d1b3d9b47f2a9932b1fc03,fr,Chromium 149,360 × 800,Largeur du document ≤ largeur de la fenêtre,scrollWidth=352; overflow=False,réussi,responsive-01.json,,
SCN-0208,Responsive,Compte et espace personnel,Géométrie du conteneur global,/favorites,Visiteur ; session dédiée sans compte,production,575af4390efbe9b658d1b3d9b47f2a9932b1fc03,fr,Chromium 149,390 × 844,Largeur du document ≤ largeur de la fenêtre,scrollWidth=382; overflow=False,réussi,responsive-01.json,,
SCN-0209,Responsive,Compte et espace personnel,Géométrie du conteneur global,/favorites,Visiteur ; session dédiée sans compte,production,575af4390efbe9b658d1b3d9b47f2a9932b1fc03,fr,Chromium 149,768 × 1024,Largeur du document ≤ largeur de la fenêtre,scrollWidth=760; overflow=False,réussi,responsive-01.json,,
SCN-0210,Responsive,Compte et espace personnel,Géométrie du conteneur global,/favorites,Visiteur ; session dédiée sans compte,production,575af4390efbe9b658d1b3d9b47f2a9932b1fc03,fr,Chromium 149,1440 × 900,Largeur du document ≤ largeur de la fenêtre,scrollWidth=1432; overflow=False,réussi,responsive-01.json,,
SCN-0211,Responsive,Compte et espace personnel,Géométrie du conteneur global,/dashboard,Visiteur ; session dédiée sans compte,production,575af4390efbe9b658d1b3d9b47f2a9932b1fc03,fr,Chromium 149,360 × 800,Largeur du document ≤ largeur de la fenêtre,scrollWidth=352; overflow=False,réussi,responsive-01.json,,
SCN-0212,Responsive,Compte et espace personnel,Géométrie du conteneur global,/dashboard,Visiteur ; session dédiée sans compte,production,575af4390efbe9b658d1b3d9b47f2a9932b1fc03,fr,Chromium 149,390 × 844,Largeur du document ≤ largeur de la fenêtre,scrollWidth=382; overflow=False,réussi,responsive-01.json,,
SCN-0213,Responsive,Compte et espace personnel,Géométrie du conteneur global,/dashboard,Visiteur ; session dédiée sans compte,production,575af4390efbe9b658d1b3d9b47f2a9932b1fc03,fr,Chromium 149,768 × 1024,Largeur du document ≤ largeur de la fenêtre,scrollWidth=760; overflow=False,réussi,responsive-01.json,,
SCN-0214,Responsive,Compte et espace personnel,Géométrie du conteneur global,/dashboard,Visiteur ; session dédiée sans compte,production,575af4390efbe9b658d1b3d9b47f2a9932b1fc03,fr,Chromium 149,1440 × 900,Largeur du document ≤ largeur de la fenêtre,scrollWidth=1432; overflow=False,réussi,responsive-01.json,,
SCN-0215,Responsive,Compte et espace personnel,Géométrie du conteneur global,/friends,Visiteur ; session dédiée sans compte,production,575af4390efbe9b658d1b3d9b47f2a9932b1fc03,fr,Chromium 149,360 × 800,Largeur du document ≤ largeur de la fenêtre,scrollWidth=352; overflow=False,réussi,responsive-01.json,,
SCN-0216,Responsive,Compte et espace personnel,Géométrie du conteneur global,/friends,Visiteur ; session dédiée sans compte,production,575af4390efbe9b658d1b3d9b47f2a9932b1fc03,fr,Chromium 149,390 × 844,Largeur du document ≤ largeur de la fenêtre,scrollWidth=382; overflow=False,réussi,responsive-01.json,,
SCN-0217,Responsive,Compte et espace personnel,Géométrie du conteneur global,/friends,Visiteur ; session dédiée sans compte,production,575af4390efbe9b658d1b3d9b47f2a9932b1fc03,fr,Chromium 149,768 × 1024,Largeur du document ≤ largeur de la fenêtre,scrollWidth=760; overflow=False,réussi,responsive-01.json,,
SCN-0218,Responsive,Compte et espace personnel,Géométrie du conteneur global,/friends,Visiteur ; session dédiée sans compte,production,575af4390efbe9b658d1b3d9b47f2a9932b1fc03,fr,Chromium 149,1440 × 900,Largeur du document ≤ largeur de la fenêtre,scrollWidth=1432; overflow=False,réussi,responsive-01.json,,
SCN-0219,Responsive,Compte et espace personnel,Géométrie du conteneur global,/friends/00000000-0000-0000-0000-000000000000,Visiteur ; session dédiée sans compte,production,575af4390efbe9b658d1b3d9b47f2a9932b1fc03,fr,Chromium 149,360 × 800,Largeur du document ≤ largeur de la fenêtre,scrollWidth=352; overflow=False,réussi,responsive-01.json,,
SCN-0220,Responsive,Compte et espace personnel,Géométrie du conteneur global,/friends/00000000-0000-0000-0000-000000000000,Visiteur ; session dédiée sans compte,production,575af4390efbe9b658d1b3d9b47f2a9932b1fc03,fr,Chromium 149,390 × 844,Largeur du document ≤ largeur de la fenêtre,scrollWidth=382; overflow=False,réussi,responsive-01.json,,
SCN-0221,Responsive,Compte et espace personnel,Géométrie du conteneur global,/friends/00000000-0000-0000-0000-000000000000,Visiteur ; session dédiée sans compte,production,575af4390efbe9b658d1b3d9b47f2a9932b1fc03,fr,Chromium 149,768 × 1024,Largeur du document ≤ largeur de la fenêtre,scrollWidth=760; overflow=False,réussi,responsive-01.json,,
SCN-0222,Responsive,Compte et espace personnel,Géométrie du conteneur global,/friends/00000000-0000-0000-0000-000000000000,Visiteur ; session dédiée sans compte,production,575af4390efbe9b658d1b3d9b47f2a9932b1fc03,fr,Chromium 149,1440 × 900,Largeur du document ≤ largeur de la fenêtre,scrollWidth=1432; overflow=False,réussi,responsive-01.json,,
SCN-0223,Responsive,Compte et espace personnel,Géométrie du conteneur global,/u/audit-inexistant,Visiteur ; session dédiée sans compte,production,575af4390efbe9b658d1b3d9b47f2a9932b1fc03,fr,Chromium 149,360 × 800,Largeur du document ≤ largeur de la fenêtre,scrollWidth=352; overflow=False,réussi,responsive-01.json,,
SCN-0224,Responsive,Compte et espace personnel,Géométrie du conteneur global,/u/audit-inexistant,Visiteur ; session dédiée sans compte,production,575af4390efbe9b658d1b3d9b47f2a9932b1fc03,fr,Chromium 149,390 × 844,Largeur du document ≤ largeur de la fenêtre,scrollWidth=382; overflow=False,réussi,responsive-01.json,,
SCN-0225,Responsive,Compte et espace personnel,Géométrie du conteneur global,/u/audit-inexistant,Visiteur ; session dédiée sans compte,production,575af4390efbe9b658d1b3d9b47f2a9932b1fc03,fr,Chromium 149,768 × 1024,Largeur du document ≤ largeur de la fenêtre,scrollWidth=760; overflow=False,réussi,responsive-01.json,,
SCN-0226,Responsive,Compte et espace personnel,Géométrie du conteneur global,/u/audit-inexistant,Visiteur ; session dédiée sans compte,production,575af4390efbe9b658d1b3d9b47f2a9932b1fc03,fr,Chromium 149,1440 × 900,Largeur du document ≤ largeur de la fenêtre,scrollWidth=1432; overflow=False,réussi,responsive-01.json,,
SCN-0227,Responsive,Références Pokémon,Géométrie du conteneur global,/moves,Visiteur ; session dédiée sans compte,production,575af4390efbe9b658d1b3d9b47f2a9932b1fc03,fr,Chromium 149,360 × 800,Largeur du document ≤ largeur de la fenêtre,scrollWidth=352; overflow=False,réussi,responsive-01.json,,
SCN-0228,Responsive,Références Pokémon,Géométrie du conteneur global,/moves,Visiteur ; session dédiée sans compte,production,575af4390efbe9b658d1b3d9b47f2a9932b1fc03,fr,Chromium 149,390 × 844,Largeur du document ≤ largeur de la fenêtre,scrollWidth=382; overflow=False,réussi,responsive-01.json,,
SCN-0229,Responsive,Références Pokémon,Géométrie du conteneur global,/moves,Visiteur ; session dédiée sans compte,production,575af4390efbe9b658d1b3d9b47f2a9932b1fc03,fr,Chromium 149,768 × 1024,Largeur du document ≤ largeur de la fenêtre,scrollWidth=760; overflow=False,réussi,responsive-01.json,,
SCN-0230,Responsive,Références Pokémon,Géométrie du conteneur global,/moves,Visiteur ; session dédiée sans compte,production,575af4390efbe9b658d1b3d9b47f2a9932b1fc03,fr,Chromium 149,1440 × 900,Largeur du document ≤ largeur de la fenêtre,scrollWidth=1432; overflow=False,réussi,responsive-01.json,,
SCN-0231,Responsive,Références Pokémon,Géométrie du conteneur global,/moves/thunderbolt,Visiteur ; session dédiée sans compte,production,575af4390efbe9b658d1b3d9b47f2a9932b1fc03,fr,Chromium 149,360 × 800,Largeur du document ≤ largeur de la fenêtre,scrollWidth=352; overflow=False,réussi,responsive-01.json,,
SCN-0232,Responsive,Références Pokémon,Géométrie du conteneur global,/moves/thunderbolt,Visiteur ; session dédiée sans compte,production,575af4390efbe9b658d1b3d9b47f2a9932b1fc03,fr,Chromium 149,390 × 844,Largeur du document ≤ largeur de la fenêtre,scrollWidth=382; overflow=False,réussi,responsive-01.json,,
SCN-0233,Responsive,Références Pokémon,Géométrie du conteneur global,/moves/thunderbolt,Visiteur ; session dédiée sans compte,production,575af4390efbe9b658d1b3d9b47f2a9932b1fc03,fr,Chromium 149,768 × 1024,Largeur du document ≤ largeur de la fenêtre,scrollWidth=760; overflow=False,réussi,responsive-01.json,,
SCN-0234,Responsive,Références Pokémon,Géométrie du conteneur global,/moves/thunderbolt,Visiteur ; session dédiée sans compte,production,575af4390efbe9b658d1b3d9b47f2a9932b1fc03,fr,Chromium 149,1440 × 900,Largeur du document ≤ largeur de la fenêtre,scrollWidth=1432; overflow=False,réussi,responsive-01.json,,
SCN-0235,Responsive,Références Pokémon,Géométrie du conteneur global,/abilities,Visiteur ; session dédiée sans compte,production,575af4390efbe9b658d1b3d9b47f2a9932b1fc03,fr,Chromium 149,360 × 800,Largeur du document ≤ largeur de la fenêtre,scrollWidth=352; overflow=False,réussi,responsive-02.json,,
SCN-0236,Responsive,Références Pokémon,Géométrie du conteneur global,/abilities,Visiteur ; session dédiée sans compte,production,575af4390efbe9b658d1b3d9b47f2a9932b1fc03,fr,Chromium 149,390 × 844,Largeur du document ≤ largeur de la fenêtre,scrollWidth=382; overflow=False,réussi,responsive-02.json,,
SCN-0237,Responsive,Références Pokémon,Géométrie du conteneur global,/abilities,Visiteur ; session dédiée sans compte,production,575af4390efbe9b658d1b3d9b47f2a9932b1fc03,fr,Chromium 149,768 × 1024,Largeur du document ≤ largeur de la fenêtre,scrollWidth=760; overflow=False,réussi,responsive-02.json,,
SCN-0238,Responsive,Références Pokémon,Géométrie du conteneur global,/abilities,Visiteur ; session dédiée sans compte,production,575af4390efbe9b658d1b3d9b47f2a9932b1fc03,fr,Chromium 149,1440 × 900,Largeur du document ≤ largeur de la fenêtre,scrollWidth=1432; overflow=False,réussi,responsive-02.json,,
SCN-0239,Responsive,Références Pokémon,Géométrie du conteneur global,/abilities/static,Visiteur ; session dédiée sans compte,production,575af4390efbe9b658d1b3d9b47f2a9932b1fc03,fr,Chromium 149,360 × 800,Largeur du document ≤ largeur de la fenêtre,scrollWidth=352; overflow=False,réussi,responsive-02.json,,
SCN-0240,Responsive,Références Pokémon,Géométrie du conteneur global,/abilities/static,Visiteur ; session dédiée sans compte,production,575af4390efbe9b658d1b3d9b47f2a9932b1fc03,fr,Chromium 149,390 × 844,Largeur du document ≤ largeur de la fenêtre,scrollWidth=382; overflow=False,réussi,responsive-02.json,,
SCN-0241,Responsive,Références Pokémon,Géométrie du conteneur global,/abilities/static,Visiteur ; session dédiée sans compte,production,575af4390efbe9b658d1b3d9b47f2a9932b1fc03,fr,Chromium 149,768 × 1024,Largeur du document ≤ largeur de la fenêtre,scrollWidth=760; overflow=False,réussi,responsive-02.json,,
SCN-0242,Responsive,Références Pokémon,Géométrie du conteneur global,/abilities/static,Visiteur ; session dédiée sans compte,production,575af4390efbe9b658d1b3d9b47f2a9932b1fc03,fr,Chromium 149,1440 × 900,Largeur du document ≤ largeur de la fenêtre,scrollWidth=1432; overflow=False,réussi,responsive-02.json,,
SCN-0243,Responsive,Références Pokémon,Géométrie du conteneur global,/items,Visiteur ; session dédiée sans compte,production,575af4390efbe9b658d1b3d9b47f2a9932b1fc03,fr,Chromium 149,360 × 800,Largeur du document ≤ largeur de la fenêtre,scrollWidth=352; overflow=False,réussi,responsive-02.json,,
SCN-0244,Responsive,Références Pokémon,Géométrie du conteneur global,/items,Visiteur ; session dédiée sans compte,production,575af4390efbe9b658d1b3d9b47f2a9932b1fc03,fr,Chromium 149,390 × 844,Largeur du document ≤ largeur de la fenêtre,scrollWidth=382; overflow=False,réussi,responsive-02.json,,
SCN-0245,Responsive,Références Pokémon,Géométrie du conteneur global,/items,Visiteur ; session dédiée sans compte,production,575af4390efbe9b658d1b3d9b47f2a9932b1fc03,fr,Chromium 149,768 × 1024,Largeur du document ≤ largeur de la fenêtre,scrollWidth=760; overflow=False,réussi,responsive-02.json,,
SCN-0246,Responsive,Références Pokémon,Géométrie du conteneur global,/items,Visiteur ; session dédiée sans compte,production,575af4390efbe9b658d1b3d9b47f2a9932b1fc03,fr,Chromium 149,1440 × 900,Largeur du document ≤ largeur de la fenêtre,scrollWidth=1432; overflow=False,réussi,responsive-02.json,,
SCN-0247,Responsive,Références Pokémon,Géométrie du conteneur global,/items/potion,Visiteur ; session dédiée sans compte,production,575af4390efbe9b658d1b3d9b47f2a9932b1fc03,fr,Chromium 149,360 × 800,Largeur du document ≤ largeur de la fenêtre,scrollWidth=352; overflow=False,réussi,responsive-02.json,,
SCN-0248,Responsive,Références Pokémon,Géométrie du conteneur global,/items/potion,Visiteur ; session dédiée sans compte,production,575af4390efbe9b658d1b3d9b47f2a9932b1fc03,fr,Chromium 149,390 × 844,Largeur du document ≤ largeur de la fenêtre,scrollWidth=382; overflow=False,réussi,responsive-02.json,,
SCN-0249,Responsive,Références Pokémon,Géométrie du conteneur global,/items/potion,Visiteur ; session dédiée sans compte,production,575af4390efbe9b658d1b3d9b47f2a9932b1fc03,fr,Chromium 149,768 × 1024,Largeur du document ≤ largeur de la fenêtre,scrollWidth=760; overflow=False,réussi,responsive-02.json,,
SCN-0250,Responsive,Références Pokémon,Géométrie du conteneur global,/items/potion,Visiteur ; session dédiée sans compte,production,575af4390efbe9b658d1b3d9b47f2a9932b1fc03,fr,Chromium 149,1440 × 900,Largeur du document ≤ largeur de la fenêtre,scrollWidth=1432; overflow=False,réussi,responsive-02.json,,
SCN-0251,Responsive,TCG,Géométrie du conteneur global,/tcg,Visiteur ; session dédiée sans compte,production,575af4390efbe9b658d1b3d9b47f2a9932b1fc03,fr,Chromium 149,360 × 800,Largeur du document ≤ largeur de la fenêtre,scrollWidth=352; overflow=False,réussi,responsive-02.json,,
SCN-0252,Responsive,TCG,Géométrie du conteneur global,/tcg,Visiteur ; session dédiée sans compte,production,575af4390efbe9b658d1b3d9b47f2a9932b1fc03,fr,Chromium 149,390 × 844,Largeur du document ≤ largeur de la fenêtre,scrollWidth=382; overflow=False,réussi,responsive-02.json,,
SCN-0253,Responsive,TCG,Géométrie du conteneur global,/tcg,Visiteur ; session dédiée sans compte,production,575af4390efbe9b658d1b3d9b47f2a9932b1fc03,fr,Chromium 149,768 × 1024,Largeur du document ≤ largeur de la fenêtre,scrollWidth=760; overflow=False,réussi,responsive-02.json,,
SCN-0254,Responsive,TCG,Géométrie du conteneur global,/tcg,Visiteur ; session dédiée sans compte,production,575af4390efbe9b658d1b3d9b47f2a9932b1fc03,fr,Chromium 149,1440 × 900,Largeur du document ≤ largeur de la fenêtre,scrollWidth=1432; overflow=False,réussi,responsive-02.json,,
SCN-0255,Responsive,TCG,Géométrie du conteneur global,/tcg/cards/sv03.5-199,Visiteur ; session dédiée sans compte,production,575af4390efbe9b658d1b3d9b47f2a9932b1fc03,fr,Chromium 149,360 × 800,Largeur du document ≤ largeur de la fenêtre,scrollWidth=352; overflow=False,réussi,responsive-02.json,,
SCN-0256,Responsive,TCG,Géométrie du conteneur global,/tcg/cards/sv03.5-199,Visiteur ; session dédiée sans compte,production,575af4390efbe9b658d1b3d9b47f2a9932b1fc03,fr,Chromium 149,390 × 844,Largeur du document ≤ largeur de la fenêtre,scrollWidth=382; overflow=False,réussi,responsive-02.json,,
SCN-0257,Responsive,TCG,Géométrie du conteneur global,/tcg/cards/sv03.5-199,Visiteur ; session dédiée sans compte,production,575af4390efbe9b658d1b3d9b47f2a9932b1fc03,fr,Chromium 149,768 × 1024,Largeur du document ≤ largeur de la fenêtre,scrollWidth=760; overflow=False,réussi,responsive-02.json,,
SCN-0258,Responsive,TCG,Géométrie du conteneur global,/tcg/cards/sv03.5-199,Visiteur ; session dédiée sans compte,production,575af4390efbe9b658d1b3d9b47f2a9932b1fc03,fr,Chromium 149,1440 × 900,Largeur du document ≤ largeur de la fenêtre,scrollWidth=1432; overflow=False,réussi,responsive-02.json,,
SCN-0259,Responsive,TCG,Géométrie du conteneur global,/tcg/sets/sv03.5,Visiteur ; session dédiée sans compte,production,575af4390efbe9b658d1b3d9b47f2a9932b1fc03,fr,Chromium 149,360 × 800,Largeur du document ≤ largeur de la fenêtre,scrollWidth=352; overflow=False,réussi,responsive-02.json,,
SCN-0260,Responsive,TCG,Géométrie du conteneur global,/tcg/sets/sv03.5,Visiteur ; session dédiée sans compte,production,575af4390efbe9b658d1b3d9b47f2a9932b1fc03,fr,Chromium 149,390 × 844,Largeur du document ≤ largeur de la fenêtre,scrollWidth=382; overflow=False,réussi,responsive-02.json,,
SCN-0261,Responsive,TCG,Géométrie du conteneur global,/tcg/sets/sv03.5,Visiteur ; session dédiée sans compte,production,575af4390efbe9b658d1b3d9b47f2a9932b1fc03,fr,Chromium 149,768 × 1024,Largeur du document ≤ largeur de la fenêtre,scrollWidth=760; overflow=False,réussi,responsive-02.json,,
SCN-0262,Responsive,TCG,Géométrie du conteneur global,/tcg/sets/sv03.5,Visiteur ; session dédiée sans compte,production,575af4390efbe9b658d1b3d9b47f2a9932b1fc03,fr,Chromium 149,1440 × 900,Largeur du document ≤ largeur de la fenêtre,scrollWidth=1432; overflow=False,réussi,responsive-02.json,,
SCN-0263,Responsive,TCG,Géométrie du conteneur global,/tcg/start,Visiteur ; session dédiée sans compte,production,575af4390efbe9b658d1b3d9b47f2a9932b1fc03,fr,Chromium 149,360 × 800,Largeur du document ≤ largeur de la fenêtre,scrollWidth=352; overflow=False,réussi,responsive-02.json,,
SCN-0264,Responsive,TCG,Géométrie du conteneur global,/tcg/start,Visiteur ; session dédiée sans compte,production,575af4390efbe9b658d1b3d9b47f2a9932b1fc03,fr,Chromium 149,390 × 844,Largeur du document ≤ largeur de la fenêtre,scrollWidth=382; overflow=False,réussi,responsive-02.json,,
SCN-0265,Responsive,TCG,Géométrie du conteneur global,/tcg/start,Visiteur ; session dédiée sans compte,production,575af4390efbe9b658d1b3d9b47f2a9932b1fc03,fr,Chromium 149,768 × 1024,Largeur du document ≤ largeur de la fenêtre,scrollWidth=760; overflow=False,réussi,responsive-02.json,,
SCN-0266,Responsive,TCG,Géométrie du conteneur global,/tcg/start,Visiteur ; session dédiée sans compte,production,575af4390efbe9b658d1b3d9b47f2a9932b1fc03,fr,Chromium 149,1440 × 900,Largeur du document ≤ largeur de la fenêtre,scrollWidth=1432; overflow=False,réussi,responsive-02.json,,
SCN-0267,Responsive,TCG,Géométrie du conteneur global,/tcg/collection,Visiteur ; session dédiée sans compte,production,575af4390efbe9b658d1b3d9b47f2a9932b1fc03,fr,Chromium 149,360 × 800,Largeur du document ≤ largeur de la fenêtre,scrollWidth=352; overflow=False,réussi,responsive-02.json,,
SCN-0268,Responsive,TCG,Géométrie du conteneur global,/tcg/collection,Visiteur ; session dédiée sans compte,production,575af4390efbe9b658d1b3d9b47f2a9932b1fc03,fr,Chromium 149,390 × 844,Largeur du document ≤ largeur de la fenêtre,scrollWidth=382; overflow=False,réussi,responsive-02.json,,
SCN-0269,Responsive,TCG,Géométrie du conteneur global,/tcg/collection,Visiteur ; session dédiée sans compte,production,575af4390efbe9b658d1b3d9b47f2a9932b1fc03,fr,Chromium 149,768 × 1024,Largeur du document ≤ largeur de la fenêtre,scrollWidth=760; overflow=False,réussi,responsive-02.json,,
SCN-0270,Responsive,TCG,Géométrie du conteneur global,/tcg/collection,Visiteur ; session dédiée sans compte,production,575af4390efbe9b658d1b3d9b47f2a9932b1fc03,fr,Chromium 149,1440 × 900,Largeur du document ≤ largeur de la fenêtre,scrollWidth=1432; overflow=False,réussi,responsive-02.json,,
SCN-0271,Responsive,TCG,Géométrie du conteneur global,/tcg/collection/fr,Visiteur ; session dédiée sans compte,production,575af4390efbe9b658d1b3d9b47f2a9932b1fc03,fr,Chromium 149,360 × 800,Largeur du document ≤ largeur de la fenêtre,scrollWidth=352; overflow=False,réussi,responsive-02.json,,
SCN-0272,Responsive,TCG,Géométrie du conteneur global,/tcg/collection/fr,Visiteur ; session dédiée sans compte,production,575af4390efbe9b658d1b3d9b47f2a9932b1fc03,fr,Chromium 149,390 × 844,Largeur du document ≤ largeur de la fenêtre,scrollWidth=382; overflow=False,réussi,responsive-02.json,,
SCN-0273,Responsive,TCG,Géométrie du conteneur global,/tcg/collection/fr,Visiteur ; session dédiée sans compte,production,575af4390efbe9b658d1b3d9b47f2a9932b1fc03,fr,Chromium 149,768 × 1024,Largeur du document ≤ largeur de la fenêtre,scrollWidth=760; overflow=False,réussi,responsive-02.json,,
SCN-0274,Responsive,TCG,Géométrie du conteneur global,/tcg/collection/fr,Visiteur ; session dédiée sans compte,production,575af4390efbe9b658d1b3d9b47f2a9932b1fc03,fr,Chromium 149,1440 × 900,Largeur du document ≤ largeur de la fenêtre,scrollWidth=1432; overflow=False,réussi,responsive-02.json,,
SCN-0275,Responsive,TCG,Géométrie du conteneur global,/tcg/collection/fr/sv03.5,Visiteur ; session dédiée sans compte,production,575af4390efbe9b658d1b3d9b47f2a9932b1fc03,fr,Chromium 149,360 × 800,Largeur du document ≤ largeur de la fenêtre,scrollWidth=352; overflow=False,réussi,responsive-02.json,,
SCN-0276,Responsive,TCG,Géométrie du conteneur global,/tcg/collection/fr/sv03.5,Visiteur ; session dédiée sans compte,production,575af4390efbe9b658d1b3d9b47f2a9932b1fc03,fr,Chromium 149,390 × 844,Largeur du document ≤ largeur de la fenêtre,scrollWidth=382; overflow=False,réussi,responsive-02.json,,
SCN-0277,Responsive,TCG,Géométrie du conteneur global,/tcg/collection/fr/sv03.5,Visiteur ; session dédiée sans compte,production,575af4390efbe9b658d1b3d9b47f2a9932b1fc03,fr,Chromium 149,768 × 1024,Largeur du document ≤ largeur de la fenêtre,scrollWidth=760; overflow=False,réussi,responsive-02.json,,
SCN-0278,Responsive,TCG,Géométrie du conteneur global,/tcg/collection/fr/sv03.5,Visiteur ; session dédiée sans compte,production,575af4390efbe9b658d1b3d9b47f2a9932b1fc03,fr,Chromium 149,1440 × 900,Largeur du document ≤ largeur de la fenêtre,scrollWidth=1432; overflow=False,réussi,responsive-02.json,,
SCN-0279,Responsive,TCG,Géométrie du conteneur global,/tcg/wishlist,Visiteur ; session dédiée sans compte,production,575af4390efbe9b658d1b3d9b47f2a9932b1fc03,fr,Chromium 149,360 × 800,Largeur du document ≤ largeur de la fenêtre,scrollWidth=352; overflow=False,réussi,responsive-02.json,,
SCN-0280,Responsive,TCG,Géométrie du conteneur global,/tcg/wishlist,Visiteur ; session dédiée sans compte,production,575af4390efbe9b658d1b3d9b47f2a9932b1fc03,fr,Chromium 149,390 × 844,Largeur du document ≤ largeur de la fenêtre,scrollWidth=382; overflow=False,réussi,responsive-02.json,,
SCN-0281,Responsive,TCG,Géométrie du conteneur global,/tcg/wishlist,Visiteur ; session dédiée sans compte,production,575af4390efbe9b658d1b3d9b47f2a9932b1fc03,fr,Chromium 149,768 × 1024,Largeur du document ≤ largeur de la fenêtre,scrollWidth=760; overflow=False,réussi,responsive-02.json,,
SCN-0282,Responsive,TCG,Géométrie du conteneur global,/tcg/wishlist,Visiteur ; session dédiée sans compte,production,575af4390efbe9b658d1b3d9b47f2a9932b1fc03,fr,Chromium 149,1440 × 900,Largeur du document ≤ largeur de la fenêtre,scrollWidth=1432; overflow=False,réussi,responsive-02.json,,
SCN-0283,Responsive,TCG,Géométrie du conteneur global,/tcg/deck-builder,Visiteur ; session dédiée sans compte,production,575af4390efbe9b658d1b3d9b47f2a9932b1fc03,fr,Chromium 149,360 × 800,Largeur du document ≤ largeur de la fenêtre,scrollWidth=352; overflow=False,réussi,responsive-02.json,,
SCN-0284,Responsive,TCG,Géométrie du conteneur global,/tcg/deck-builder,Visiteur ; session dédiée sans compte,production,575af4390efbe9b658d1b3d9b47f2a9932b1fc03,fr,Chromium 149,390 × 844,Largeur du document ≤ largeur de la fenêtre,scrollWidth=382; overflow=False,réussi,responsive-02.json,,
SCN-0285,Responsive,TCG,Géométrie du conteneur global,/tcg/deck-builder,Visiteur ; session dédiée sans compte,production,575af4390efbe9b658d1b3d9b47f2a9932b1fc03,fr,Chromium 149,768 × 1024,Largeur du document ≤ largeur de la fenêtre,scrollWidth=760; overflow=False,réussi,responsive-02.json,,
SCN-0286,Responsive,TCG,Géométrie du conteneur global,/tcg/deck-builder,Visiteur ; session dédiée sans compte,production,575af4390efbe9b658d1b3d9b47f2a9932b1fc03,fr,Chromium 149,1440 × 900,Largeur du document ≤ largeur de la fenêtre,scrollWidth=1432; overflow=False,réussi,responsive-02.json,,
SCN-0287,Responsive,TCG,Géométrie du conteneur global,/tcg/pull-rates,Visiteur ; session dédiée sans compte,production,575af4390efbe9b658d1b3d9b47f2a9932b1fc03,fr,Chromium 149,360 × 800,Largeur du document ≤ largeur de la fenêtre,scrollWidth=352; overflow=False,réussi,responsive-02.json,,
SCN-0288,Responsive,TCG,Géométrie du conteneur global,/tcg/pull-rates,Visiteur ; session dédiée sans compte,production,575af4390efbe9b658d1b3d9b47f2a9932b1fc03,fr,Chromium 149,390 × 844,Largeur du document ≤ largeur de la fenêtre,scrollWidth=382; overflow=False,réussi,responsive-02.json,,
SCN-0289,Responsive,TCG,Géométrie du conteneur global,/tcg/pull-rates,Visiteur ; session dédiée sans compte,production,575af4390efbe9b658d1b3d9b47f2a9932b1fc03,fr,Chromium 149,768 × 1024,Largeur du document ≤ largeur de la fenêtre,scrollWidth=760; overflow=False,réussi,responsive-02.json,,
SCN-0290,Responsive,TCG,Géométrie du conteneur global,/tcg/pull-rates,Visiteur ; session dédiée sans compte,production,575af4390efbe9b658d1b3d9b47f2a9932b1fc03,fr,Chromium 149,1440 × 900,Largeur du document ≤ largeur de la fenêtre,scrollWidth=1432; overflow=False,réussi,responsive-02.json,,
SCN-0291,Responsive,TCG,Géométrie du conteneur global,/tcg/booster-value,Visiteur ; session dédiée sans compte,production,575af4390efbe9b658d1b3d9b47f2a9932b1fc03,fr,Chromium 149,360 × 800,Largeur du document ≤ largeur de la fenêtre,scrollWidth=352; overflow=False,réussi,responsive-02.json,,
SCN-0292,Responsive,TCG,Géométrie du conteneur global,/tcg/booster-value,Visiteur ; session dédiée sans compte,production,575af4390efbe9b658d1b3d9b47f2a9932b1fc03,fr,Chromium 149,390 × 844,Largeur du document ≤ largeur de la fenêtre,scrollWidth=382; overflow=False,réussi,responsive-02.json,,
SCN-0293,Responsive,TCG,Géométrie du conteneur global,/tcg/booster-value,Visiteur ; session dédiée sans compte,production,575af4390efbe9b658d1b3d9b47f2a9932b1fc03,fr,Chromium 149,768 × 1024,Largeur du document ≤ largeur de la fenêtre,scrollWidth=760; overflow=False,réussi,responsive-02.json,,
SCN-0294,Responsive,TCG,Géométrie du conteneur global,/tcg/booster-value,Visiteur ; session dédiée sans compte,production,575af4390efbe9b658d1b3d9b47f2a9932b1fc03,fr,Chromium 149,1440 × 900,Largeur du document ≤ largeur de la fenêtre,scrollWidth=1432; overflow=False,réussi,responsive-02.json,,
SCN-0295,Responsive,Scellés,Géométrie du conteneur global,/tcg/sealed,Visiteur ; session dédiée sans compte,production,575af4390efbe9b658d1b3d9b47f2a9932b1fc03,fr,Chromium 149,360 × 800,Largeur du document ≤ largeur de la fenêtre,scrollWidth=352; overflow=False,réussi,responsive-02.json,,
SCN-0296,Responsive,Scellés,Géométrie du conteneur global,/tcg/sealed,Visiteur ; session dédiée sans compte,production,575af4390efbe9b658d1b3d9b47f2a9932b1fc03,fr,Chromium 149,390 × 844,Largeur du document ≤ largeur de la fenêtre,scrollWidth=382; overflow=False,réussi,responsive-02.json,,
SCN-0297,Responsive,Scellés,Géométrie du conteneur global,/tcg/sealed,Visiteur ; session dédiée sans compte,production,575af4390efbe9b658d1b3d9b47f2a9932b1fc03,fr,Chromium 149,768 × 1024,Largeur du document ≤ largeur de la fenêtre,scrollWidth=760; overflow=False,réussi,responsive-02.json,,
SCN-0298,Responsive,Scellés,Géométrie du conteneur global,/tcg/sealed,Visiteur ; session dédiée sans compte,production,575af4390efbe9b658d1b3d9b47f2a9932b1fc03,fr,Chromium 149,1440 × 900,Largeur du document ≤ largeur de la fenêtre,scrollWidth=1432; overflow=False,réussi,responsive-02.json,,
SCN-0299,Responsive,Scellés,Géométrie du conteneur global,/tcg/sealed/market,Visiteur ; session dédiée sans compte,production,575af4390efbe9b658d1b3d9b47f2a9932b1fc03,fr,Chromium 149,360 × 800,Largeur du document ≤ largeur de la fenêtre,scrollWidth=352; overflow=False,réussi,responsive-02.json,,
SCN-0300,Responsive,Scellés,Géométrie du conteneur global,/tcg/sealed/market,Visiteur ; session dédiée sans compte,production,575af4390efbe9b658d1b3d9b47f2a9932b1fc03,fr,Chromium 149,390 × 844,Largeur du document ≤ largeur de la fenêtre,scrollWidth=382; overflow=False,réussi,responsive-02.json,,
SCN-0301,Responsive,Scellés,Géométrie du conteneur global,/tcg/sealed/market,Visiteur ; session dédiée sans compte,production,575af4390efbe9b658d1b3d9b47f2a9932b1fc03,fr,Chromium 149,768 × 1024,Largeur du document ≤ largeur de la fenêtre,scrollWidth=760; overflow=False,réussi,responsive-02.json,,
SCN-0302,Responsive,Scellés,Géométrie du conteneur global,/tcg/sealed/market,Visiteur ; session dédiée sans compte,production,575af4390efbe9b658d1b3d9b47f2a9932b1fc03,fr,Chromium 149,1440 × 900,Largeur du document ≤ largeur de la fenêtre,scrollWidth=1432; overflow=False,réussi,responsive-02.json,,
SCN-0303,Responsive,Scellés,Géométrie du conteneur global,/tcg/sealed/market/611877,Visiteur ; session dédiée sans compte,production,575af4390efbe9b658d1b3d9b47f2a9932b1fc03,fr,Chromium 149,360 × 800,Largeur du document ≤ largeur de la fenêtre,scrollWidth=352; overflow=False,réussi,responsive-02.json,,
SCN-0304,Responsive,Scellés,Géométrie du conteneur global,/tcg/sealed/market/611877,Visiteur ; session dédiée sans compte,production,575af4390efbe9b658d1b3d9b47f2a9932b1fc03,fr,Chromium 149,390 × 844,Largeur du document ≤ largeur de la fenêtre,scrollWidth=382; overflow=False,réussi,responsive-02.json,,
SCN-0305,Responsive,Scellés,Géométrie du conteneur global,/tcg/sealed/market/611877,Visiteur ; session dédiée sans compte,production,575af4390efbe9b658d1b3d9b47f2a9932b1fc03,fr,Chromium 149,768 × 1024,Largeur du document ≤ largeur de la fenêtre,scrollWidth=760; overflow=False,réussi,responsive-02.json,,
SCN-0306,Responsive,Scellés,Géométrie du conteneur global,/tcg/sealed/market/611877,Visiteur ; session dédiée sans compte,production,575af4390efbe9b658d1b3d9b47f2a9932b1fc03,fr,Chromium 149,1440 × 900,Largeur du document ≤ largeur de la fenêtre,scrollWidth=1432; overflow=False,réussi,responsive-02.json,,
SCN-0307,Responsive,Scellés,Géométrie du conteneur global,/tcg/sealed/market/products/611877,Visiteur ; session dédiée sans compte,production,575af4390efbe9b658d1b3d9b47f2a9932b1fc03,fr,Chromium 149,360 × 800,Largeur du document ≤ largeur de la fenêtre,scrollWidth=352; overflow=False,réussi,responsive-02.json,,
SCN-0308,Responsive,Scellés,Géométrie du conteneur global,/tcg/sealed/market/products/611877,Visiteur ; session dédiée sans compte,production,575af4390efbe9b658d1b3d9b47f2a9932b1fc03,fr,Chromium 149,390 × 844,Largeur du document ≤ largeur de la fenêtre,scrollWidth=382; overflow=False,réussi,responsive-02.json,,
SCN-0309,Responsive,Scellés,Géométrie du conteneur global,/tcg/sealed/market/products/611877,Visiteur ; session dédiée sans compte,production,575af4390efbe9b658d1b3d9b47f2a9932b1fc03,fr,Chromium 149,768 × 1024,Largeur du document ≤ largeur de la fenêtre,scrollWidth=760; overflow=False,réussi,responsive-02.json,,
SCN-0310,Responsive,Scellés,Géométrie du conteneur global,/tcg/sealed/market/products/611877,Visiteur ; session dédiée sans compte,production,575af4390efbe9b658d1b3d9b47f2a9932b1fc03,fr,Chromium 149,1440 × 900,Largeur du document ≤ largeur de la fenêtre,scrollWidth=1432; overflow=False,réussi,responsive-02.json,,
SCN-0311,Responsive,Scellés,Géométrie du conteneur global,/tcg/sealed/buy-safely,Visiteur ; session dédiée sans compte,production,575af4390efbe9b658d1b3d9b47f2a9932b1fc03,fr,Chromium 149,360 × 800,Largeur du document ≤ largeur de la fenêtre,scrollWidth=352; overflow=False,réussi,responsive-02.json,,
SCN-0312,Responsive,Scellés,Géométrie du conteneur global,/tcg/sealed/buy-safely,Visiteur ; session dédiée sans compte,production,575af4390efbe9b658d1b3d9b47f2a9932b1fc03,fr,Chromium 149,390 × 844,Largeur du document ≤ largeur de la fenêtre,scrollWidth=382; overflow=False,réussi,responsive-02.json,,
SCN-0313,Responsive,Scellés,Géométrie du conteneur global,/tcg/sealed/buy-safely,Visiteur ; session dédiée sans compte,production,575af4390efbe9b658d1b3d9b47f2a9932b1fc03,fr,Chromium 149,768 × 1024,Largeur du document ≤ largeur de la fenêtre,scrollWidth=760; overflow=False,réussi,responsive-02.json,,
SCN-0314,Responsive,Scellés,Géométrie du conteneur global,/tcg/sealed/buy-safely,Visiteur ; session dédiée sans compte,production,575af4390efbe9b658d1b3d9b47f2a9932b1fc03,fr,Chromium 149,1440 × 900,Largeur du document ≤ largeur de la fenêtre,scrollWidth=1432; overflow=False,réussi,responsive-02.json,,
SCN-0315,Responsive,Scellés,Géométrie du conteneur global,/tcg/sealed/releases,Visiteur ; session dédiée sans compte,production,575af4390efbe9b658d1b3d9b47f2a9932b1fc03,fr,Chromium 149,360 × 800,Largeur du document ≤ largeur de la fenêtre,scrollWidth=352; overflow=False,réussi,responsive-03.json,,
SCN-0316,Responsive,Scellés,Géométrie du conteneur global,/tcg/sealed/releases,Visiteur ; session dédiée sans compte,production,575af4390efbe9b658d1b3d9b47f2a9932b1fc03,fr,Chromium 149,390 × 844,Largeur du document ≤ largeur de la fenêtre,scrollWidth=382; overflow=False,réussi,responsive-03.json,,
SCN-0317,Responsive,Scellés,Géométrie du conteneur global,/tcg/sealed/releases,Visiteur ; session dédiée sans compte,production,575af4390efbe9b658d1b3d9b47f2a9932b1fc03,fr,Chromium 149,768 × 1024,Largeur du document ≤ largeur de la fenêtre,scrollWidth=760; overflow=False,réussi,responsive-03.json,,
SCN-0318,Responsive,Scellés,Géométrie du conteneur global,/tcg/sealed/releases,Visiteur ; session dédiée sans compte,production,575af4390efbe9b658d1b3d9b47f2a9932b1fc03,fr,Chromium 149,1440 × 900,Largeur du document ≤ largeur de la fenêtre,scrollWidth=1432; overflow=False,réussi,responsive-03.json,,
SCN-0319,Responsive,Scellés,Géométrie du conteneur global,/tcg/sealed/collection,Visiteur ; session dédiée sans compte,production,575af4390efbe9b658d1b3d9b47f2a9932b1fc03,fr,Chromium 149,360 × 800,Largeur du document ≤ largeur de la fenêtre,scrollWidth=352; overflow=False,réussi,responsive-03.json,,
SCN-0320,Responsive,Scellés,Géométrie du conteneur global,/tcg/sealed/collection,Visiteur ; session dédiée sans compte,production,575af4390efbe9b658d1b3d9b47f2a9932b1fc03,fr,Chromium 149,390 × 844,Largeur du document ≤ largeur de la fenêtre,scrollWidth=382; overflow=False,réussi,responsive-03.json,,
SCN-0321,Responsive,Scellés,Géométrie du conteneur global,/tcg/sealed/collection,Visiteur ; session dédiée sans compte,production,575af4390efbe9b658d1b3d9b47f2a9932b1fc03,fr,Chromium 149,768 × 1024,Largeur du document ≤ largeur de la fenêtre,scrollWidth=760; overflow=False,réussi,responsive-03.json,,
SCN-0322,Responsive,Scellés,Géométrie du conteneur global,/tcg/sealed/collection,Visiteur ; session dédiée sans compte,production,575af4390efbe9b658d1b3d9b47f2a9932b1fc03,fr,Chromium 149,1440 × 900,Largeur du document ≤ largeur de la fenêtre,scrollWidth=1432; overflow=False,réussi,responsive-03.json,,
SCN-0323,Responsive,Scellés,Géométrie du conteneur global,/tcg/sealed/journal,Visiteur ; session dédiée sans compte,production,575af4390efbe9b658d1b3d9b47f2a9932b1fc03,fr,Chromium 149,360 × 800,Largeur du document ≤ largeur de la fenêtre,scrollWidth=352; overflow=False,réussi,responsive-03.json,,
SCN-0324,Responsive,Scellés,Géométrie du conteneur global,/tcg/sealed/journal,Visiteur ; session dédiée sans compte,production,575af4390efbe9b658d1b3d9b47f2a9932b1fc03,fr,Chromium 149,390 × 844,Largeur du document ≤ largeur de la fenêtre,scrollWidth=382; overflow=False,réussi,responsive-03.json,,
SCN-0325,Responsive,Scellés,Géométrie du conteneur global,/tcg/sealed/journal,Visiteur ; session dédiée sans compte,production,575af4390efbe9b658d1b3d9b47f2a9932b1fc03,fr,Chromium 149,768 × 1024,Largeur du document ≤ largeur de la fenêtre,scrollWidth=760; overflow=False,réussi,responsive-03.json,,
SCN-0326,Responsive,Scellés,Géométrie du conteneur global,/tcg/sealed/journal,Visiteur ; session dédiée sans compte,production,575af4390efbe9b658d1b3d9b47f2a9932b1fc03,fr,Chromium 149,1440 × 900,Largeur du document ≤ largeur de la fenêtre,scrollWidth=1432; overflow=False,réussi,responsive-03.json,,
SCN-0327,Responsive,Scellés,Géométrie du conteneur global,/tcg/sealed/sales,Visiteur ; session dédiée sans compte,production,575af4390efbe9b658d1b3d9b47f2a9932b1fc03,fr,Chromium 149,360 × 800,Largeur du document ≤ largeur de la fenêtre,scrollWidth=352; overflow=False,réussi,responsive-03.json,,
SCN-0328,Responsive,Scellés,Géométrie du conteneur global,/tcg/sealed/sales,Visiteur ; session dédiée sans compte,production,575af4390efbe9b658d1b3d9b47f2a9932b1fc03,fr,Chromium 149,390 × 844,Largeur du document ≤ largeur de la fenêtre,scrollWidth=382; overflow=False,réussi,responsive-03.json,,
SCN-0329,Responsive,Scellés,Géométrie du conteneur global,/tcg/sealed/sales,Visiteur ; session dédiée sans compte,production,575af4390efbe9b658d1b3d9b47f2a9932b1fc03,fr,Chromium 149,768 × 1024,Largeur du document ≤ largeur de la fenêtre,scrollWidth=760; overflow=False,réussi,responsive-03.json,,
SCN-0330,Responsive,Scellés,Géométrie du conteneur global,/tcg/sealed/sales,Visiteur ; session dédiée sans compte,production,575af4390efbe9b658d1b3d9b47f2a9932b1fc03,fr,Chromium 149,1440 × 900,Largeur du document ≤ largeur de la fenêtre,scrollWidth=1432; overflow=False,réussi,responsive-03.json,,
SCN-0331,Responsive,Scellés,Géométrie du conteneur global,/tcg/sealed/cashflow,Visiteur ; session dédiée sans compte,production,575af4390efbe9b658d1b3d9b47f2a9932b1fc03,fr,Chromium 149,360 × 800,Largeur du document ≤ largeur de la fenêtre,scrollWidth=352; overflow=False,réussi,responsive-03.json,,
SCN-0332,Responsive,Scellés,Géométrie du conteneur global,/tcg/sealed/cashflow,Visiteur ; session dédiée sans compte,production,575af4390efbe9b658d1b3d9b47f2a9932b1fc03,fr,Chromium 149,390 × 844,Largeur du document ≤ largeur de la fenêtre,scrollWidth=382; overflow=False,réussi,responsive-03.json,,
SCN-0333,Responsive,Scellés,Géométrie du conteneur global,/tcg/sealed/cashflow,Visiteur ; session dédiée sans compte,production,575af4390efbe9b658d1b3d9b47f2a9932b1fc03,fr,Chromium 149,768 × 1024,Largeur du document ≤ largeur de la fenêtre,scrollWidth=760; overflow=False,réussi,responsive-03.json,,
SCN-0334,Responsive,Scellés,Géométrie du conteneur global,/tcg/sealed/cashflow,Visiteur ; session dédiée sans compte,production,575af4390efbe9b658d1b3d9b47f2a9932b1fc03,fr,Chromium 149,1440 × 900,Largeur du document ≤ largeur de la fenêtre,scrollWidth=1432; overflow=False,réussi,responsive-03.json,,
SCN-0335,Responsive,Scellés,Géométrie du conteneur global,/tcg/sealed/analytics,Visiteur ; session dédiée sans compte,production,575af4390efbe9b658d1b3d9b47f2a9932b1fc03,fr,Chromium 149,360 × 800,Largeur du document ≤ largeur de la fenêtre,scrollWidth=352; overflow=False,réussi,responsive-03.json,,
SCN-0336,Responsive,Scellés,Géométrie du conteneur global,/tcg/sealed/analytics,Visiteur ; session dédiée sans compte,production,575af4390efbe9b658d1b3d9b47f2a9932b1fc03,fr,Chromium 149,390 × 844,Largeur du document ≤ largeur de la fenêtre,scrollWidth=382; overflow=False,réussi,responsive-03.json,,
SCN-0337,Responsive,Scellés,Géométrie du conteneur global,/tcg/sealed/analytics,Visiteur ; session dédiée sans compte,production,575af4390efbe9b658d1b3d9b47f2a9932b1fc03,fr,Chromium 149,768 × 1024,Largeur du document ≤ largeur de la fenêtre,scrollWidth=760; overflow=False,réussi,responsive-03.json,,
SCN-0338,Responsive,Scellés,Géométrie du conteneur global,/tcg/sealed/analytics,Visiteur ; session dédiée sans compte,production,575af4390efbe9b658d1b3d9b47f2a9932b1fc03,fr,Chromium 149,1440 × 900,Largeur du document ≤ largeur de la fenêtre,scrollWidth=1432; overflow=False,réussi,responsive-03.json,,
SCN-0339,Responsive,Scellés,Géométrie du conteneur global,/tcg/sealed/catalogue,Visiteur ; session dédiée sans compte,production,575af4390efbe9b658d1b3d9b47f2a9932b1fc03,fr,Chromium 149,360 × 800,Largeur du document ≤ largeur de la fenêtre,scrollWidth=352; overflow=False,réussi,responsive-03.json,,
SCN-0340,Responsive,Scellés,Géométrie du conteneur global,/tcg/sealed/catalogue,Visiteur ; session dédiée sans compte,production,575af4390efbe9b658d1b3d9b47f2a9932b1fc03,fr,Chromium 149,390 × 844,Largeur du document ≤ largeur de la fenêtre,scrollWidth=382; overflow=False,réussi,responsive-03.json,,
SCN-0341,Responsive,Scellés,Géométrie du conteneur global,/tcg/sealed/catalogue,Visiteur ; session dédiée sans compte,production,575af4390efbe9b658d1b3d9b47f2a9932b1fc03,fr,Chromium 149,768 × 1024,Largeur du document ≤ largeur de la fenêtre,scrollWidth=760; overflow=False,réussi,responsive-03.json,,
SCN-0342,Responsive,Scellés,Géométrie du conteneur global,/tcg/sealed/catalogue,Visiteur ; session dédiée sans compte,production,575af4390efbe9b658d1b3d9b47f2a9932b1fc03,fr,Chromium 149,1440 × 900,Largeur du document ≤ largeur de la fenêtre,scrollWidth=1432; overflow=False,réussi,responsive-03.json,,
SCN-0343,Responsive,Scellés,Géométrie du conteneur global,/tcg/sealed/sources,Visiteur ; session dédiée sans compte,production,575af4390efbe9b658d1b3d9b47f2a9932b1fc03,fr,Chromium 149,360 × 800,Largeur du document ≤ largeur de la fenêtre,scrollWidth=352; overflow=False,réussi,responsive-03.json,,
SCN-0344,Responsive,Scellés,Géométrie du conteneur global,/tcg/sealed/sources,Visiteur ; session dédiée sans compte,production,575af4390efbe9b658d1b3d9b47f2a9932b1fc03,fr,Chromium 149,390 × 844,Largeur du document ≤ largeur de la fenêtre,scrollWidth=382; overflow=False,réussi,responsive-03.json,,
SCN-0345,Responsive,Scellés,Géométrie du conteneur global,/tcg/sealed/sources,Visiteur ; session dédiée sans compte,production,575af4390efbe9b658d1b3d9b47f2a9932b1fc03,fr,Chromium 149,768 × 1024,Largeur du document ≤ largeur de la fenêtre,scrollWidth=760; overflow=False,réussi,responsive-03.json,,
SCN-0346,Responsive,Scellés,Géométrie du conteneur global,/tcg/sealed/sources,Visiteur ; session dédiée sans compte,production,575af4390efbe9b658d1b3d9b47f2a9932b1fc03,fr,Chromium 149,1440 × 900,Largeur du document ≤ largeur de la fenêtre,scrollWidth=1432; overflow=False,réussi,responsive-03.json,,
SCN-0347,Responsive,Scellés,Géométrie du conteneur global,/tcg/sealed/products/1,Visiteur ; session dédiée sans compte,production,575af4390efbe9b658d1b3d9b47f2a9932b1fc03,fr,Chromium 149,360 × 800,Largeur du document ≤ largeur de la fenêtre,scrollWidth=352; overflow=False,réussi,responsive-03.json,,
SCN-0348,Responsive,Scellés,Géométrie du conteneur global,/tcg/sealed/products/1,Visiteur ; session dédiée sans compte,production,575af4390efbe9b658d1b3d9b47f2a9932b1fc03,fr,Chromium 149,390 × 844,Largeur du document ≤ largeur de la fenêtre,scrollWidth=382; overflow=False,réussi,responsive-03.json,,
SCN-0349,Responsive,Scellés,Géométrie du conteneur global,/tcg/sealed/products/1,Visiteur ; session dédiée sans compte,production,575af4390efbe9b658d1b3d9b47f2a9932b1fc03,fr,Chromium 149,768 × 1024,Largeur du document ≤ largeur de la fenêtre,scrollWidth=760; overflow=False,réussi,responsive-03.json,,
SCN-0350,Responsive,Scellés,Géométrie du conteneur global,/tcg/sealed/products/1,Visiteur ; session dédiée sans compte,production,575af4390efbe9b658d1b3d9b47f2a9932b1fc03,fr,Chromium 149,1440 × 900,Largeur du document ≤ largeur de la fenêtre,scrollWidth=1432; overflow=False,réussi,responsive-03.json,,
SCN-0351,Responsive,Navigation et contenus,Géométrie du conteneur global,/about,Visiteur ; session dédiée sans compte,production,575af4390efbe9b658d1b3d9b47f2a9932b1fc03,fr,Chromium 149,360 × 800,Largeur du document ≤ largeur de la fenêtre,scrollWidth=352; overflow=False,réussi,responsive-03.json,,
SCN-0352,Responsive,Navigation et contenus,Géométrie du conteneur global,/about,Visiteur ; session dédiée sans compte,production,575af4390efbe9b658d1b3d9b47f2a9932b1fc03,fr,Chromium 149,390 × 844,Largeur du document ≤ largeur de la fenêtre,scrollWidth=382; overflow=False,réussi,responsive-03.json,,
SCN-0353,Responsive,Navigation et contenus,Géométrie du conteneur global,/about,Visiteur ; session dédiée sans compte,production,575af4390efbe9b658d1b3d9b47f2a9932b1fc03,fr,Chromium 149,768 × 1024,Largeur du document ≤ largeur de la fenêtre,scrollWidth=760; overflow=False,réussi,responsive-03.json,,
SCN-0354,Responsive,Navigation et contenus,Géométrie du conteneur global,/about,Visiteur ; session dédiée sans compte,production,575af4390efbe9b658d1b3d9b47f2a9932b1fc03,fr,Chromium 149,1440 × 900,Largeur du document ≤ largeur de la fenêtre,scrollWidth=1432; overflow=False,réussi,responsive-03.json,,
SCN-0355,Responsive,Navigation et contenus,Géométrie du conteneur global,/faq,Visiteur ; session dédiée sans compte,production,575af4390efbe9b658d1b3d9b47f2a9932b1fc03,fr,Chromium 149,360 × 800,Largeur du document ≤ largeur de la fenêtre,scrollWidth=352; overflow=False,réussi,responsive-03.json,,
SCN-0356,Responsive,Navigation et contenus,Géométrie du conteneur global,/faq,Visiteur ; session dédiée sans compte,production,575af4390efbe9b658d1b3d9b47f2a9932b1fc03,fr,Chromium 149,390 × 844,Largeur du document ≤ largeur de la fenêtre,scrollWidth=382; overflow=False,réussi,responsive-03.json,,
SCN-0357,Responsive,Navigation et contenus,Géométrie du conteneur global,/faq,Visiteur ; session dédiée sans compte,production,575af4390efbe9b658d1b3d9b47f2a9932b1fc03,fr,Chromium 149,768 × 1024,Largeur du document ≤ largeur de la fenêtre,scrollWidth=760; overflow=False,réussi,responsive-03.json,,
SCN-0358,Responsive,Navigation et contenus,Géométrie du conteneur global,/faq,Visiteur ; session dédiée sans compte,production,575af4390efbe9b658d1b3d9b47f2a9932b1fc03,fr,Chromium 149,1440 × 900,Largeur du document ≤ largeur de la fenêtre,scrollWidth=1432; overflow=False,réussi,responsive-03.json,,
SCN-0359,Responsive,Navigation et contenus,Géométrie du conteneur global,/contact,Visiteur ; session dédiée sans compte,production,575af4390efbe9b658d1b3d9b47f2a9932b1fc03,fr,Chromium 149,360 × 800,Largeur du document ≤ largeur de la fenêtre,scrollWidth=352; overflow=False,réussi,responsive-03.json,,
SCN-0360,Responsive,Navigation et contenus,Géométrie du conteneur global,/contact,Visiteur ; session dédiée sans compte,production,575af4390efbe9b658d1b3d9b47f2a9932b1fc03,fr,Chromium 149,390 × 844,Largeur du document ≤ largeur de la fenêtre,scrollWidth=382; overflow=False,réussi,responsive-03.json,,
SCN-0361,Responsive,Navigation et contenus,Géométrie du conteneur global,/contact,Visiteur ; session dédiée sans compte,production,575af4390efbe9b658d1b3d9b47f2a9932b1fc03,fr,Chromium 149,768 × 1024,Largeur du document ≤ largeur de la fenêtre,scrollWidth=760; overflow=False,réussi,responsive-03.json,,
SCN-0362,Responsive,Navigation et contenus,Géométrie du conteneur global,/contact,Visiteur ; session dédiée sans compte,production,575af4390efbe9b658d1b3d9b47f2a9932b1fc03,fr,Chromium 149,1440 × 900,Largeur du document ≤ largeur de la fenêtre,scrollWidth=1432; overflow=False,réussi,responsive-03.json,,
SCN-0363,Responsive,Navigation et contenus,Géométrie du conteneur global,/docs,Visiteur ; session dédiée sans compte,production,575af4390efbe9b658d1b3d9b47f2a9932b1fc03,fr,Chromium 149,360 × 800,Largeur du document ≤ largeur de la fenêtre,scrollWidth=352; overflow=False,réussi,responsive-03.json,,
SCN-0364,Responsive,Navigation et contenus,Géométrie du conteneur global,/docs,Visiteur ; session dédiée sans compte,production,575af4390efbe9b658d1b3d9b47f2a9932b1fc03,fr,Chromium 149,390 × 844,Largeur du document ≤ largeur de la fenêtre,scrollWidth=382; overflow=False,réussi,responsive-03.json,,
SCN-0365,Responsive,Navigation et contenus,Géométrie du conteneur global,/docs,Visiteur ; session dédiée sans compte,production,575af4390efbe9b658d1b3d9b47f2a9932b1fc03,fr,Chromium 149,768 × 1024,Largeur du document ≤ largeur de la fenêtre,scrollWidth=760; overflow=False,réussi,responsive-03.json,,
SCN-0366,Responsive,Navigation et contenus,Géométrie du conteneur global,/docs,Visiteur ; session dédiée sans compte,production,575af4390efbe9b658d1b3d9b47f2a9932b1fc03,fr,Chromium 149,1440 × 900,Largeur du document ≤ largeur de la fenêtre,scrollWidth=1432; overflow=False,réussi,responsive-03.json,,
SCN-0367,Responsive,Navigation et contenus,Géométrie du conteneur global,/docs/api,Visiteur ; session dédiée sans compte,production,575af4390efbe9b658d1b3d9b47f2a9932b1fc03,fr,Chromium 149,360 × 800,Largeur du document ≤ largeur de la fenêtre,scrollWidth=352; overflow=False,réussi,responsive-03.json,,
SCN-0368,Responsive,Navigation et contenus,Géométrie du conteneur global,/docs/api,Visiteur ; session dédiée sans compte,production,575af4390efbe9b658d1b3d9b47f2a9932b1fc03,fr,Chromium 149,390 × 844,Largeur du document ≤ largeur de la fenêtre,scrollWidth=382; overflow=False,réussi,responsive-03.json,,
SCN-0369,Responsive,Navigation et contenus,Géométrie du conteneur global,/docs/api,Visiteur ; session dédiée sans compte,production,575af4390efbe9b658d1b3d9b47f2a9932b1fc03,fr,Chromium 149,768 × 1024,Largeur du document ≤ largeur de la fenêtre,scrollWidth=760; overflow=False,réussi,responsive-03.json,,
SCN-0370,Responsive,Navigation et contenus,Géométrie du conteneur global,/docs/api,Visiteur ; session dédiée sans compte,production,575af4390efbe9b658d1b3d9b47f2a9932b1fc03,fr,Chromium 149,1440 × 900,Largeur du document ≤ largeur de la fenêtre,scrollWidth=1432; overflow=False,réussi,responsive-03.json,,
SCN-0371,Responsive,Navigation et contenus,Géométrie du conteneur global,/blog,Visiteur ; session dédiée sans compte,production,575af4390efbe9b658d1b3d9b47f2a9932b1fc03,fr,Chromium 149,360 × 800,Largeur du document ≤ largeur de la fenêtre,scrollWidth=352; overflow=False,réussi,responsive-03.json,,
SCN-0372,Responsive,Navigation et contenus,Géométrie du conteneur global,/blog,Visiteur ; session dédiée sans compte,production,575af4390efbe9b658d1b3d9b47f2a9932b1fc03,fr,Chromium 149,390 × 844,Largeur du document ≤ largeur de la fenêtre,scrollWidth=382; overflow=False,réussi,responsive-03.json,,
SCN-0373,Responsive,Navigation et contenus,Géométrie du conteneur global,/blog,Visiteur ; session dédiée sans compte,production,575af4390efbe9b658d1b3d9b47f2a9932b1fc03,fr,Chromium 149,768 × 1024,Largeur du document ≤ largeur de la fenêtre,scrollWidth=760; overflow=False,réussi,responsive-03.json,,
SCN-0374,Responsive,Navigation et contenus,Géométrie du conteneur global,/blog,Visiteur ; session dédiée sans compte,production,575af4390efbe9b658d1b3d9b47f2a9932b1fc03,fr,Chromium 149,1440 × 900,Largeur du document ≤ largeur de la fenêtre,scrollWidth=1432; overflow=False,réussi,responsive-03.json,,
SCN-0375,Responsive,Navigation et contenus,Géométrie du conteneur global,/privacy,Visiteur ; session dédiée sans compte,production,575af4390efbe9b658d1b3d9b47f2a9932b1fc03,fr,Chromium 149,360 × 800,Largeur du document ≤ largeur de la fenêtre,scrollWidth=352; overflow=False,réussi,responsive-03.json,,
SCN-0376,Responsive,Navigation et contenus,Géométrie du conteneur global,/privacy,Visiteur ; session dédiée sans compte,production,575af4390efbe9b658d1b3d9b47f2a9932b1fc03,fr,Chromium 149,390 × 844,Largeur du document ≤ largeur de la fenêtre,scrollWidth=382; overflow=False,réussi,responsive-03.json,,
SCN-0377,Responsive,Navigation et contenus,Géométrie du conteneur global,/privacy,Visiteur ; session dédiée sans compte,production,575af4390efbe9b658d1b3d9b47f2a9932b1fc03,fr,Chromium 149,768 × 1024,Largeur du document ≤ largeur de la fenêtre,scrollWidth=760; overflow=False,réussi,responsive-03.json,,
SCN-0378,Responsive,Navigation et contenus,Géométrie du conteneur global,/privacy,Visiteur ; session dédiée sans compte,production,575af4390efbe9b658d1b3d9b47f2a9932b1fc03,fr,Chromium 149,1440 × 900,Largeur du document ≤ largeur de la fenêtre,scrollWidth=1432; overflow=False,réussi,responsive-03.json,,
SCN-0379,Responsive,Navigation et contenus,Géométrie du conteneur global,/cookies,Visiteur ; session dédiée sans compte,production,575af4390efbe9b658d1b3d9b47f2a9932b1fc03,fr,Chromium 149,360 × 800,Largeur du document ≤ largeur de la fenêtre,scrollWidth=352; overflow=False,réussi,responsive-03.json,,
SCN-0380,Responsive,Navigation et contenus,Géométrie du conteneur global,/cookies,Visiteur ; session dédiée sans compte,production,575af4390efbe9b658d1b3d9b47f2a9932b1fc03,fr,Chromium 149,390 × 844,Largeur du document ≤ largeur de la fenêtre,scrollWidth=382; overflow=False,réussi,responsive-03.json,,
SCN-0381,Responsive,Navigation et contenus,Géométrie du conteneur global,/cookies,Visiteur ; session dédiée sans compte,production,575af4390efbe9b658d1b3d9b47f2a9932b1fc03,fr,Chromium 149,768 × 1024,Largeur du document ≤ largeur de la fenêtre,scrollWidth=760; overflow=False,réussi,responsive-03.json,,
SCN-0382,Responsive,Navigation et contenus,Géométrie du conteneur global,/cookies,Visiteur ; session dédiée sans compte,production,575af4390efbe9b658d1b3d9b47f2a9932b1fc03,fr,Chromium 149,1440 × 900,Largeur du document ≤ largeur de la fenêtre,scrollWidth=1432; overflow=False,réussi,responsive-03.json,,
SCN-0383,Responsive,Navigation et contenus,Géométrie du conteneur global,/terms,Visiteur ; session dédiée sans compte,production,575af4390efbe9b658d1b3d9b47f2a9932b1fc03,fr,Chromium 149,360 × 800,Largeur du document ≤ largeur de la fenêtre,scrollWidth=352; overflow=False,réussi,responsive-03.json,,
SCN-0384,Responsive,Navigation et contenus,Géométrie du conteneur global,/terms,Visiteur ; session dédiée sans compte,production,575af4390efbe9b658d1b3d9b47f2a9932b1fc03,fr,Chromium 149,390 × 844,Largeur du document ≤ largeur de la fenêtre,scrollWidth=382; overflow=False,réussi,responsive-03.json,,
SCN-0385,Responsive,Navigation et contenus,Géométrie du conteneur global,/terms,Visiteur ; session dédiée sans compte,production,575af4390efbe9b658d1b3d9b47f2a9932b1fc03,fr,Chromium 149,768 × 1024,Largeur du document ≤ largeur de la fenêtre,scrollWidth=760; overflow=False,réussi,responsive-03.json,,
SCN-0386,Responsive,Navigation et contenus,Géométrie du conteneur global,/terms,Visiteur ; session dédiée sans compte,production,575af4390efbe9b658d1b3d9b47f2a9932b1fc03,fr,Chromium 149,1440 × 900,Largeur du document ≤ largeur de la fenêtre,scrollWidth=1432; overflow=False,réussi,responsive-03.json,,
SCN-0387,Responsive,Navigation et contenus,Géométrie du conteneur global,/legal,Visiteur ; session dédiée sans compte,production,575af4390efbe9b658d1b3d9b47f2a9932b1fc03,fr,Chromium 149,360 × 800,Largeur du document ≤ largeur de la fenêtre,scrollWidth=352; overflow=False,réussi,responsive-03.json,,
SCN-0388,Responsive,Navigation et contenus,Géométrie du conteneur global,/legal,Visiteur ; session dédiée sans compte,production,575af4390efbe9b658d1b3d9b47f2a9932b1fc03,fr,Chromium 149,390 × 844,Largeur du document ≤ largeur de la fenêtre,scrollWidth=382; overflow=False,réussi,responsive-03.json,,
SCN-0389,Responsive,Navigation et contenus,Géométrie du conteneur global,/legal,Visiteur ; session dédiée sans compte,production,575af4390efbe9b658d1b3d9b47f2a9932b1fc03,fr,Chromium 149,768 × 1024,Largeur du document ≤ largeur de la fenêtre,scrollWidth=760; overflow=False,réussi,responsive-03.json,,
SCN-0390,Responsive,Navigation et contenus,Géométrie du conteneur global,/legal,Visiteur ; session dédiée sans compte,production,575af4390efbe9b658d1b3d9b47f2a9932b1fc03,fr,Chromium 149,1440 × 900,Largeur du document ≤ largeur de la fenêtre,scrollWidth=1432; overflow=False,réussi,responsive-03.json,,
SCN-0391,Responsive,Navigation et contenus,Géométrie du conteneur global,/30e-anniversaire,Visiteur ; session dédiée sans compte,production,575af4390efbe9b658d1b3d9b47f2a9932b1fc03,fr,Chromium 149,360 × 800,Largeur du document ≤ largeur de la fenêtre,scrollWidth=352; overflow=False,réussi,responsive-03.json,,
SCN-0392,Responsive,Navigation et contenus,Géométrie du conteneur global,/30e-anniversaire,Visiteur ; session dédiée sans compte,production,575af4390efbe9b658d1b3d9b47f2a9932b1fc03,fr,Chromium 149,390 × 844,Largeur du document ≤ largeur de la fenêtre,scrollWidth=382; overflow=False,réussi,responsive-03.json,,
SCN-0393,Responsive,Navigation et contenus,Géométrie du conteneur global,/30e-anniversaire,Visiteur ; session dédiée sans compte,production,575af4390efbe9b658d1b3d9b47f2a9932b1fc03,fr,Chromium 149,768 × 1024,Largeur du document ≤ largeur de la fenêtre,scrollWidth=760; overflow=False,réussi,responsive-03.json,,
SCN-0394,Responsive,Navigation et contenus,Géométrie du conteneur global,/30e-anniversaire,Visiteur ; session dédiée sans compte,production,575af4390efbe9b658d1b3d9b47f2a9932b1fc03,fr,Chromium 149,1440 × 900,Largeur du document ≤ largeur de la fenêtre,scrollWidth=1432; overflow=False,réussi,responsive-03.json,,
SCN-0395,Responsive,Navigation et contenus,Géométrie du conteneur global,/offline,Visiteur ; session dédiée sans compte,production,575af4390efbe9b658d1b3d9b47f2a9932b1fc03,fr,Chromium 149,360 × 800,Largeur du document ≤ largeur de la fenêtre,scrollWidth=352; overflow=False,réussi,responsive-04.json,,
SCN-0396,Responsive,Navigation et contenus,Géométrie du conteneur global,/offline,Visiteur ; session dédiée sans compte,production,575af4390efbe9b658d1b3d9b47f2a9932b1fc03,fr,Chromium 149,390 × 844,Largeur du document ≤ largeur de la fenêtre,scrollWidth=382; overflow=False,réussi,responsive-04.json,,
SCN-0397,Responsive,Navigation et contenus,Géométrie du conteneur global,/offline,Visiteur ; session dédiée sans compte,production,575af4390efbe9b658d1b3d9b47f2a9932b1fc03,fr,Chromium 149,768 × 1024,Largeur du document ≤ largeur de la fenêtre,scrollWidth=760; overflow=False,réussi,responsive-04.json,,
SCN-0398,Responsive,Navigation et contenus,Géométrie du conteneur global,/offline,Visiteur ; session dédiée sans compte,production,575af4390efbe9b658d1b3d9b47f2a9932b1fc03,fr,Chromium 149,1440 × 900,Largeur du document ≤ largeur de la fenêtre,scrollWidth=1432; overflow=False,réussi,responsive-04.json,,
SCN-0399,Responsive,Compte et espace personnel,Géométrie du conteneur global,/auth/reset-password,Visiteur ; session dédiée sans compte,production,575af4390efbe9b658d1b3d9b47f2a9932b1fc03,fr,Chromium 149,360 × 800,Largeur du document ≤ largeur de la fenêtre,scrollWidth=352; overflow=False,réussi,responsive-04.json,,
SCN-0400,Responsive,Compte et espace personnel,Géométrie du conteneur global,/auth/reset-password,Visiteur ; session dédiée sans compte,production,575af4390efbe9b658d1b3d9b47f2a9932b1fc03,fr,Chromium 149,390 × 844,Largeur du document ≤ largeur de la fenêtre,scrollWidth=382; overflow=False,réussi,responsive-04.json,,
SCN-0401,Responsive,Compte et espace personnel,Géométrie du conteneur global,/auth/reset-password,Visiteur ; session dédiée sans compte,production,575af4390efbe9b658d1b3d9b47f2a9932b1fc03,fr,Chromium 149,768 × 1024,Largeur du document ≤ largeur de la fenêtre,scrollWidth=760; overflow=False,réussi,responsive-04.json,,
SCN-0402,Responsive,Compte et espace personnel,Géométrie du conteneur global,/auth/reset-password,Visiteur ; session dédiée sans compte,production,575af4390efbe9b658d1b3d9b47f2a9932b1fc03,fr,Chromium 149,1440 × 900,Largeur du document ≤ largeur de la fenêtre,scrollWidth=1432; overflow=False,réussi,responsive-04.json,,
SCN-0403,Responsive,Outils et jeux,Géométrie du conteneur global,/team/share?code=25-6-9&lang=fr,Visiteur ; session dédiée sans compte,production,575af4390efbe9b658d1b3d9b47f2a9932b1fc03,fr,Chromium 149,360 × 800,Largeur du document ≤ largeur de la fenêtre,scrollWidth=352; overflow=False,réussi,responsive-04.json,,
SCN-0404,Responsive,Outils et jeux,Géométrie du conteneur global,/team/share?code=25-6-9&lang=fr,Visiteur ; session dédiée sans compte,production,575af4390efbe9b658d1b3d9b47f2a9932b1fc03,fr,Chromium 149,390 × 844,Largeur du document ≤ largeur de la fenêtre,scrollWidth=382; overflow=False,réussi,responsive-04.json,,
SCN-0405,Responsive,Outils et jeux,Géométrie du conteneur global,/team/share?code=25-6-9&lang=fr,Visiteur ; session dédiée sans compte,production,575af4390efbe9b658d1b3d9b47f2a9932b1fc03,fr,Chromium 149,768 × 1024,Largeur du document ≤ largeur de la fenêtre,scrollWidth=760; overflow=False,réussi,responsive-04.json,,
SCN-0406,Responsive,Outils et jeux,Géométrie du conteneur global,/team/share?code=25-6-9&lang=fr,Visiteur ; session dédiée sans compte,production,575af4390efbe9b658d1b3d9b47f2a9932b1fc03,fr,Chromium 149,1440 × 900,Largeur du document ≤ largeur de la fenêtre,scrollWidth=1432; overflow=False,réussi,responsive-04.json,,
SCN-0407,Responsive,Navigation et contenus,Géométrie du conteneur global,/guides/team-builder-guide,Visiteur ; session dédiée sans compte,production,575af4390efbe9b658d1b3d9b47f2a9932b1fc03,fr,Chromium 149,360 × 800,Largeur du document ≤ largeur de la fenêtre,scrollWidth=352; overflow=False,réussi,responsive-04.json,,
SCN-0408,Responsive,Navigation et contenus,Géométrie du conteneur global,/guides/team-builder-guide,Visiteur ; session dédiée sans compte,production,575af4390efbe9b658d1b3d9b47f2a9932b1fc03,fr,Chromium 149,390 × 844,Largeur du document ≤ largeur de la fenêtre,scrollWidth=382; overflow=False,réussi,responsive-04.json,,
SCN-0409,Responsive,Navigation et contenus,Géométrie du conteneur global,/guides/team-builder-guide,Visiteur ; session dédiée sans compte,production,575af4390efbe9b658d1b3d9b47f2a9932b1fc03,fr,Chromium 149,768 × 1024,Largeur du document ≤ largeur de la fenêtre,scrollWidth=760; overflow=False,réussi,responsive-04.json,,
SCN-0410,Responsive,Navigation et contenus,Géométrie du conteneur global,/guides/team-builder-guide,Visiteur ; session dédiée sans compte,production,575af4390efbe9b658d1b3d9b47f2a9932b1fc03,fr,Chromium 149,1440 × 900,Largeur du document ≤ largeur de la fenêtre,scrollWidth=1432; overflow=False,réussi,responsive-04.json,,
SCN-0411,Responsive,Navigation et contenus,Géométrie du conteneur global,/guides/quiz-guide,Visiteur ; session dédiée sans compte,production,575af4390efbe9b658d1b3d9b47f2a9932b1fc03,fr,Chromium 149,360 × 800,Largeur du document ≤ largeur de la fenêtre,scrollWidth=352; overflow=False,réussi,responsive-04.json,,
SCN-0412,Responsive,Navigation et contenus,Géométrie du conteneur global,/guides/quiz-guide,Visiteur ; session dédiée sans compte,production,575af4390efbe9b658d1b3d9b47f2a9932b1fc03,fr,Chromium 149,390 × 844,Largeur du document ≤ largeur de la fenêtre,scrollWidth=382; overflow=False,réussi,responsive-04.json,,
SCN-0413,Responsive,Navigation et contenus,Géométrie du conteneur global,/guides/quiz-guide,Visiteur ; session dédiée sans compte,production,575af4390efbe9b658d1b3d9b47f2a9932b1fc03,fr,Chromium 149,768 × 1024,Largeur du document ≤ largeur de la fenêtre,scrollWidth=760; overflow=False,réussi,responsive-04.json,,
SCN-0414,Responsive,Navigation et contenus,Géométrie du conteneur global,/guides/quiz-guide,Visiteur ; session dédiée sans compte,production,575af4390efbe9b658d1b3d9b47f2a9932b1fc03,fr,Chromium 149,1440 × 900,Largeur du document ≤ largeur de la fenêtre,scrollWidth=1432; overflow=False,réussi,responsive-04.json,,
SCN-0415,Responsive,Navigation et contenus,Géométrie du conteneur global,/guides/nuzlocke-guide,Visiteur ; session dédiée sans compte,production,575af4390efbe9b658d1b3d9b47f2a9932b1fc03,fr,Chromium 149,360 × 800,Largeur du document ≤ largeur de la fenêtre,scrollWidth=352; overflow=False,réussi,responsive-04.json,,
SCN-0416,Responsive,Navigation et contenus,Géométrie du conteneur global,/guides/nuzlocke-guide,Visiteur ; session dédiée sans compte,production,575af4390efbe9b658d1b3d9b47f2a9932b1fc03,fr,Chromium 149,390 × 844,Largeur du document ≤ largeur de la fenêtre,scrollWidth=382; overflow=False,réussi,responsive-04.json,,
SCN-0417,Responsive,Navigation et contenus,Géométrie du conteneur global,/guides/nuzlocke-guide,Visiteur ; session dédiée sans compte,production,575af4390efbe9b658d1b3d9b47f2a9932b1fc03,fr,Chromium 149,768 × 1024,Largeur du document ≤ largeur de la fenêtre,scrollWidth=760; overflow=False,réussi,responsive-04.json,,
SCN-0418,Responsive,Navigation et contenus,Géométrie du conteneur global,/guides/nuzlocke-guide,Visiteur ; session dédiée sans compte,production,575af4390efbe9b658d1b3d9b47f2a9932b1fc03,fr,Chromium 149,1440 × 900,Largeur du document ≤ largeur de la fenêtre,scrollWidth=1432; overflow=False,réussi,responsive-04.json,,
SCN-0419,Responsive,Navigation et contenus,Géométrie du conteneur global,/guides/pokemon-card-collection-tracker,Visiteur ; session dédiée sans compte,production,575af4390efbe9b658d1b3d9b47f2a9932b1fc03,fr,Chromium 149,360 × 800,Largeur du document ≤ largeur de la fenêtre,scrollWidth=352; overflow=False,réussi,responsive-04.json,,
SCN-0420,Responsive,Navigation et contenus,Géométrie du conteneur global,/guides/pokemon-card-collection-tracker,Visiteur ; session dédiée sans compte,production,575af4390efbe9b658d1b3d9b47f2a9932b1fc03,fr,Chromium 149,390 × 844,Largeur du document ≤ largeur de la fenêtre,scrollWidth=382; overflow=False,réussi,responsive-04.json,,
SCN-0421,Responsive,Navigation et contenus,Géométrie du conteneur global,/guides/pokemon-card-collection-tracker,Visiteur ; session dédiée sans compte,production,575af4390efbe9b658d1b3d9b47f2a9932b1fc03,fr,Chromium 149,768 × 1024,Largeur du document ≤ largeur de la fenêtre,scrollWidth=760; overflow=False,réussi,responsive-04.json,,
SCN-0422,Responsive,Navigation et contenus,Géométrie du conteneur global,/guides/pokemon-card-collection-tracker,Visiteur ; session dédiée sans compte,production,575af4390efbe9b658d1b3d9b47f2a9932b1fc03,fr,Chromium 149,1440 × 900,Largeur du document ≤ largeur de la fenêtre,scrollWidth=1432; overflow=False,réussi,responsive-04.json,,
SCN-0423,Responsive,Navigation et contenus,Géométrie du conteneur global,/guides/organize-pokemon-card-collection,Visiteur ; session dédiée sans compte,production,575af4390efbe9b658d1b3d9b47f2a9932b1fc03,fr,Chromium 149,360 × 800,Largeur du document ≤ largeur de la fenêtre,scrollWidth=352; overflow=False,réussi,responsive-04.json,,
SCN-0424,Responsive,Navigation et contenus,Géométrie du conteneur global,/guides/organize-pokemon-card-collection,Visiteur ; session dédiée sans compte,production,575af4390efbe9b658d1b3d9b47f2a9932b1fc03,fr,Chromium 149,390 × 844,Largeur du document ≤ largeur de la fenêtre,scrollWidth=382; overflow=False,réussi,responsive-04.json,,
SCN-0425,Responsive,Navigation et contenus,Géométrie du conteneur global,/guides/organize-pokemon-card-collection,Visiteur ; session dédiée sans compte,production,575af4390efbe9b658d1b3d9b47f2a9932b1fc03,fr,Chromium 149,768 × 1024,Largeur du document ≤ largeur de la fenêtre,scrollWidth=760; overflow=False,réussi,responsive-04.json,,
SCN-0426,Responsive,Navigation et contenus,Géométrie du conteneur global,/guides/organize-pokemon-card-collection,Visiteur ; session dédiée sans compte,production,575af4390efbe9b658d1b3d9b47f2a9932b1fc03,fr,Chromium 149,1440 × 900,Largeur du document ≤ largeur de la fenêtre,scrollWidth=1432; overflow=False,réussi,responsive-04.json,,
SCN-0427,Responsive,Navigation et contenus,Géométrie du conteneur global,/guides/pokemon-reference-guide,Visiteur ; session dédiée sans compte,production,575af4390efbe9b658d1b3d9b47f2a9932b1fc03,fr,Chromium 149,360 × 800,Largeur du document ≤ largeur de la fenêtre,scrollWidth=352; overflow=False,réussi,responsive-04.json,,
SCN-0428,Responsive,Navigation et contenus,Géométrie du conteneur global,/guides/pokemon-reference-guide,Visiteur ; session dédiée sans compte,production,575af4390efbe9b658d1b3d9b47f2a9932b1fc03,fr,Chromium 149,390 × 844,Largeur du document ≤ largeur de la fenêtre,scrollWidth=382; overflow=False,réussi,responsive-04.json,,
SCN-0429,Responsive,Navigation et contenus,Géométrie du conteneur global,/guides/pokemon-reference-guide,Visiteur ; session dédiée sans compte,production,575af4390efbe9b658d1b3d9b47f2a9932b1fc03,fr,Chromium 149,768 × 1024,Largeur du document ≤ largeur de la fenêtre,scrollWidth=760; overflow=False,réussi,responsive-04.json,,
SCN-0430,Responsive,Navigation et contenus,Géométrie du conteneur global,/guides/pokemon-reference-guide,Visiteur ; session dédiée sans compte,production,575af4390efbe9b658d1b3d9b47f2a9932b1fc03,fr,Chromium 149,1440 × 900,Largeur du document ≤ largeur de la fenêtre,scrollWidth=1432; overflow=False,réussi,responsive-04.json,,
SCN-0431,Responsive,Navigation et contenus,Géométrie du conteneur global,/guides/team-tools-guide,Visiteur ; session dédiée sans compte,production,575af4390efbe9b658d1b3d9b47f2a9932b1fc03,fr,Chromium 149,360 × 800,Largeur du document ≤ largeur de la fenêtre,scrollWidth=352; overflow=False,réussi,responsive-04.json,,
SCN-0432,Responsive,Navigation et contenus,Géométrie du conteneur global,/guides/team-tools-guide,Visiteur ; session dédiée sans compte,production,575af4390efbe9b658d1b3d9b47f2a9932b1fc03,fr,Chromium 149,390 × 844,Largeur du document ≤ largeur de la fenêtre,scrollWidth=382; overflow=False,réussi,responsive-04.json,,
SCN-0433,Responsive,Navigation et contenus,Géométrie du conteneur global,/guides/team-tools-guide,Visiteur ; session dédiée sans compte,production,575af4390efbe9b658d1b3d9b47f2a9932b1fc03,fr,Chromium 149,768 × 1024,Largeur du document ≤ largeur de la fenêtre,scrollWidth=760; overflow=False,réussi,responsive-04.json,,
SCN-0434,Responsive,Navigation et contenus,Géométrie du conteneur global,/guides/team-tools-guide,Visiteur ; session dédiée sans compte,production,575af4390efbe9b658d1b3d9b47f2a9932b1fc03,fr,Chromium 149,1440 × 900,Largeur du document ≤ largeur de la fenêtre,scrollWidth=1432; overflow=False,réussi,responsive-04.json,,
SCN-0435,Responsive,TCG,Géométrie du conteneur global,/guides/tcg-workspace-guide,Visiteur ; session dédiée sans compte,production,575af4390efbe9b658d1b3d9b47f2a9932b1fc03,fr,Chromium 149,360 × 800,Largeur du document ≤ largeur de la fenêtre,scrollWidth=352; overflow=False,réussi,responsive-04.json,,
SCN-0436,Responsive,TCG,Géométrie du conteneur global,/guides/tcg-workspace-guide,Visiteur ; session dédiée sans compte,production,575af4390efbe9b658d1b3d9b47f2a9932b1fc03,fr,Chromium 149,390 × 844,Largeur du document ≤ largeur de la fenêtre,scrollWidth=382; overflow=False,réussi,responsive-04.json,,
SCN-0437,Responsive,TCG,Géométrie du conteneur global,/guides/tcg-workspace-guide,Visiteur ; session dédiée sans compte,production,575af4390efbe9b658d1b3d9b47f2a9932b1fc03,fr,Chromium 149,768 × 1024,Largeur du document ≤ largeur de la fenêtre,scrollWidth=760; overflow=False,réussi,responsive-04.json,,
SCN-0438,Responsive,TCG,Géométrie du conteneur global,/guides/tcg-workspace-guide,Visiteur ; session dédiée sans compte,production,575af4390efbe9b658d1b3d9b47f2a9932b1fc03,fr,Chromium 149,1440 × 900,Largeur du document ≤ largeur de la fenêtre,scrollWidth=1432; overflow=False,réussi,responsive-04.json,,
SCN-0439,Responsive,Navigation et contenus,Géométrie du conteneur global,/guides/progress-account-guide,Visiteur ; session dédiée sans compte,production,575af4390efbe9b658d1b3d9b47f2a9932b1fc03,fr,Chromium 149,360 × 800,Largeur du document ≤ largeur de la fenêtre,scrollWidth=352; overflow=False,réussi,responsive-04.json,,
SCN-0440,Responsive,Navigation et contenus,Géométrie du conteneur global,/guides/progress-account-guide,Visiteur ; session dédiée sans compte,production,575af4390efbe9b658d1b3d9b47f2a9932b1fc03,fr,Chromium 149,390 × 844,Largeur du document ≤ largeur de la fenêtre,scrollWidth=382; overflow=False,réussi,responsive-04.json,,
SCN-0441,Responsive,Navigation et contenus,Géométrie du conteneur global,/guides/progress-account-guide,Visiteur ; session dédiée sans compte,production,575af4390efbe9b658d1b3d9b47f2a9932b1fc03,fr,Chromium 149,768 × 1024,Largeur du document ≤ largeur de la fenêtre,scrollWidth=760; overflow=False,réussi,responsive-04.json,,
SCN-0442,Responsive,Navigation et contenus,Géométrie du conteneur global,/guides/progress-account-guide,Visiteur ; session dédiée sans compte,production,575af4390efbe9b658d1b3d9b47f2a9932b1fc03,fr,Chromium 149,1440 × 900,Largeur du document ≤ largeur de la fenêtre,scrollWidth=1432; overflow=False,réussi,responsive-04.json,,
SCN-0443,Responsive,Navigation et contenus,Géométrie du conteneur global,/guides/pokemon-card-collection-value,Visiteur ; session dédiée sans compte,production,575af4390efbe9b658d1b3d9b47f2a9932b1fc03,fr,Chromium 149,360 × 800,Largeur du document ≤ largeur de la fenêtre,scrollWidth=352; overflow=False,réussi,responsive-04.json,,
SCN-0444,Responsive,Navigation et contenus,Géométrie du conteneur global,/guides/pokemon-card-collection-value,Visiteur ; session dédiée sans compte,production,575af4390efbe9b658d1b3d9b47f2a9932b1fc03,fr,Chromium 149,390 × 844,Largeur du document ≤ largeur de la fenêtre,scrollWidth=382; overflow=False,réussi,responsive-04.json,,
SCN-0445,Responsive,Navigation et contenus,Géométrie du conteneur global,/guides/pokemon-card-collection-value,Visiteur ; session dédiée sans compte,production,575af4390efbe9b658d1b3d9b47f2a9932b1fc03,fr,Chromium 149,768 × 1024,Largeur du document ≤ largeur de la fenêtre,scrollWidth=760; overflow=False,réussi,responsive-04.json,,
SCN-0446,Responsive,Navigation et contenus,Géométrie du conteneur global,/guides/pokemon-card-collection-value,Visiteur ; session dédiée sans compte,production,575af4390efbe9b658d1b3d9b47f2a9932b1fc03,fr,Chromium 149,1440 × 900,Largeur du document ≤ largeur de la fenêtre,scrollWidth=1432; overflow=False,réussi,responsive-04.json,,
SCN-0447,Responsive,Navigation et contenus,Géométrie du conteneur global,/compare/lunidex-vs-pokecardex-zebradex,Visiteur ; session dédiée sans compte,production,575af4390efbe9b658d1b3d9b47f2a9932b1fc03,fr,Chromium 149,360 × 800,Largeur du document ≤ largeur de la fenêtre,scrollWidth=352; overflow=False,réussi,responsive-04.json,,
SCN-0448,Responsive,Navigation et contenus,Géométrie du conteneur global,/compare/lunidex-vs-pokecardex-zebradex,Visiteur ; session dédiée sans compte,production,575af4390efbe9b658d1b3d9b47f2a9932b1fc03,fr,Chromium 149,390 × 844,Largeur du document ≤ largeur de la fenêtre,scrollWidth=382; overflow=False,réussi,responsive-04.json,,
SCN-0449,Responsive,Navigation et contenus,Géométrie du conteneur global,/compare/lunidex-vs-pokecardex-zebradex,Visiteur ; session dédiée sans compte,production,575af4390efbe9b658d1b3d9b47f2a9932b1fc03,fr,Chromium 149,768 × 1024,Largeur du document ≤ largeur de la fenêtre,scrollWidth=760; overflow=False,réussi,responsive-04.json,,
SCN-0450,Responsive,Navigation et contenus,Géométrie du conteneur global,/compare/lunidex-vs-pokecardex-zebradex,Visiteur ; session dédiée sans compte,production,575af4390efbe9b658d1b3d9b47f2a9932b1fc03,fr,Chromium 149,1440 × 900,Largeur du document ≤ largeur de la fenêtre,scrollWidth=1432; overflow=False,réussi,responsive-04.json,,
SCN-0451,Responsive,Navigation et contenus,Géométrie du conteneur global,/compare/lunidex-vs-pokemon-database,Visiteur ; session dédiée sans compte,production,575af4390efbe9b658d1b3d9b47f2a9932b1fc03,fr,Chromium 149,360 × 800,Largeur du document ≤ largeur de la fenêtre,scrollWidth=352; overflow=False,réussi,responsive-04.json,,
SCN-0452,Responsive,Navigation et contenus,Géométrie du conteneur global,/compare/lunidex-vs-pokemon-database,Visiteur ; session dédiée sans compte,production,575af4390efbe9b658d1b3d9b47f2a9932b1fc03,fr,Chromium 149,390 × 844,Largeur du document ≤ largeur de la fenêtre,scrollWidth=382; overflow=False,réussi,responsive-04.json,,
SCN-0453,Responsive,Navigation et contenus,Géométrie du conteneur global,/compare/lunidex-vs-pokemon-database,Visiteur ; session dédiée sans compte,production,575af4390efbe9b658d1b3d9b47f2a9932b1fc03,fr,Chromium 149,768 × 1024,Largeur du document ≤ largeur de la fenêtre,scrollWidth=760; overflow=False,réussi,responsive-04.json,,
SCN-0454,Responsive,Navigation et contenus,Géométrie du conteneur global,/compare/lunidex-vs-pokemon-database,Visiteur ; session dédiée sans compte,production,575af4390efbe9b658d1b3d9b47f2a9932b1fc03,fr,Chromium 149,1440 × 900,Largeur du document ≤ largeur de la fenêtre,scrollWidth=1432; overflow=False,réussi,responsive-04.json,,
SCN-0455,Responsive,Navigation et contenus,Géométrie du conteneur global,/compare/lunidex-vs-bulbapedia,Visiteur ; session dédiée sans compte,production,575af4390efbe9b658d1b3d9b47f2a9932b1fc03,fr,Chromium 149,360 × 800,Largeur du document ≤ largeur de la fenêtre,scrollWidth=352; overflow=False,réussi,responsive-04.json,,
SCN-0456,Responsive,Navigation et contenus,Géométrie du conteneur global,/compare/lunidex-vs-bulbapedia,Visiteur ; session dédiée sans compte,production,575af4390efbe9b658d1b3d9b47f2a9932b1fc03,fr,Chromium 149,390 × 844,Largeur du document ≤ largeur de la fenêtre,scrollWidth=382; overflow=False,réussi,responsive-04.json,,
SCN-0457,Responsive,Navigation et contenus,Géométrie du conteneur global,/compare/lunidex-vs-bulbapedia,Visiteur ; session dédiée sans compte,production,575af4390efbe9b658d1b3d9b47f2a9932b1fc03,fr,Chromium 149,768 × 1024,Largeur du document ≤ largeur de la fenêtre,scrollWidth=760; overflow=False,réussi,responsive-04.json,,
SCN-0458,Responsive,Navigation et contenus,Géométrie du conteneur global,/compare/lunidex-vs-bulbapedia,Visiteur ; session dédiée sans compte,production,575af4390efbe9b658d1b3d9b47f2a9932b1fc03,fr,Chromium 149,1440 × 900,Largeur du document ≤ largeur de la fenêtre,scrollWidth=1432; overflow=False,réussi,responsive-04.json,,
SCN-0459,Responsive,Navigation et contenus,Géométrie du conteneur global,/compare/lunidex-vs-pokemon-showdown,Visiteur ; session dédiée sans compte,production,575af4390efbe9b658d1b3d9b47f2a9932b1fc03,fr,Chromium 149,360 × 800,Largeur du document ≤ largeur de la fenêtre,scrollWidth=352; overflow=False,réussi,responsive-04.json,,
SCN-0460,Responsive,Navigation et contenus,Géométrie du conteneur global,/compare/lunidex-vs-pokemon-showdown,Visiteur ; session dédiée sans compte,production,575af4390efbe9b658d1b3d9b47f2a9932b1fc03,fr,Chromium 149,390 × 844,Largeur du document ≤ largeur de la fenêtre,scrollWidth=382; overflow=False,réussi,responsive-04.json,,
SCN-0461,Responsive,Navigation et contenus,Géométrie du conteneur global,/compare/lunidex-vs-pokemon-showdown,Visiteur ; session dédiée sans compte,production,575af4390efbe9b658d1b3d9b47f2a9932b1fc03,fr,Chromium 149,768 × 1024,Largeur du document ≤ largeur de la fenêtre,scrollWidth=760; overflow=False,réussi,responsive-04.json,,
SCN-0462,Responsive,Navigation et contenus,Géométrie du conteneur global,/compare/lunidex-vs-pokemon-showdown,Visiteur ; session dédiée sans compte,production,575af4390efbe9b658d1b3d9b47f2a9932b1fc03,fr,Chromium 149,1440 × 900,Largeur du document ≤ largeur de la fenêtre,scrollWidth=1432; overflow=False,réussi,responsive-04.json,,
SCN-0463,Responsive,Navigation et contenus,Géométrie du conteneur global,/compare/lunidex-vs-pokecardex,Visiteur ; session dédiée sans compte,production,575af4390efbe9b658d1b3d9b47f2a9932b1fc03,fr,Chromium 149,360 × 800,Largeur du document ≤ largeur de la fenêtre,scrollWidth=352; overflow=False,réussi,responsive-04.json,,
SCN-0464,Responsive,Navigation et contenus,Géométrie du conteneur global,/compare/lunidex-vs-pokecardex,Visiteur ; session dédiée sans compte,production,575af4390efbe9b658d1b3d9b47f2a9932b1fc03,fr,Chromium 149,390 × 844,Largeur du document ≤ largeur de la fenêtre,scrollWidth=382; overflow=False,réussi,responsive-04.json,,
SCN-0465,Responsive,Navigation et contenus,Géométrie du conteneur global,/compare/lunidex-vs-pokecardex,Visiteur ; session dédiée sans compte,production,575af4390efbe9b658d1b3d9b47f2a9932b1fc03,fr,Chromium 149,768 × 1024,Largeur du document ≤ largeur de la fenêtre,scrollWidth=760; overflow=False,réussi,responsive-04.json,,
SCN-0466,Responsive,Navigation et contenus,Géométrie du conteneur global,/compare/lunidex-vs-pokecardex,Visiteur ; session dédiée sans compte,production,575af4390efbe9b658d1b3d9b47f2a9932b1fc03,fr,Chromium 149,1440 × 900,Largeur du document ≤ largeur de la fenêtre,scrollWidth=1432; overflow=False,réussi,responsive-04.json,,
SCN-0467,Responsive,Navigation et contenus,Géométrie du conteneur global,/compare/lunidex-vs-zebradex,Visiteur ; session dédiée sans compte,production,575af4390efbe9b658d1b3d9b47f2a9932b1fc03,fr,Chromium 149,360 × 800,Largeur du document ≤ largeur de la fenêtre,scrollWidth=352; overflow=False,réussi,responsive-04.json,,
SCN-0468,Responsive,Navigation et contenus,Géométrie du conteneur global,/compare/lunidex-vs-zebradex,Visiteur ; session dédiée sans compte,production,575af4390efbe9b658d1b3d9b47f2a9932b1fc03,fr,Chromium 149,390 × 844,Largeur du document ≤ largeur de la fenêtre,scrollWidth=382; overflow=False,réussi,responsive-04.json,,
SCN-0469,Responsive,Navigation et contenus,Géométrie du conteneur global,/compare/lunidex-vs-zebradex,Visiteur ; session dédiée sans compte,production,575af4390efbe9b658d1b3d9b47f2a9932b1fc03,fr,Chromium 149,768 × 1024,Largeur du document ≤ largeur de la fenêtre,scrollWidth=760; overflow=False,réussi,responsive-04.json,,
SCN-0470,Responsive,Navigation et contenus,Géométrie du conteneur global,/compare/lunidex-vs-zebradex,Visiteur ; session dédiée sans compte,production,575af4390efbe9b658d1b3d9b47f2a9932b1fc03,fr,Chromium 149,1440 × 900,Largeur du document ≤ largeur de la fenêtre,scrollWidth=1432; overflow=False,réussi,responsive-04.json,,
SCN-0471,Responsive,Navigation et contenus,Géométrie du conteneur global,/compare/lunidex-vs-collectr,Visiteur ; session dédiée sans compte,production,575af4390efbe9b658d1b3d9b47f2a9932b1fc03,fr,Chromium 149,360 × 800,Largeur du document ≤ largeur de la fenêtre,scrollWidth=352; overflow=False,réussi,responsive-04.json,,
SCN-0472,Responsive,Navigation et contenus,Géométrie du conteneur global,/compare/lunidex-vs-collectr,Visiteur ; session dédiée sans compte,production,575af4390efbe9b658d1b3d9b47f2a9932b1fc03,fr,Chromium 149,390 × 844,Largeur du document ≤ largeur de la fenêtre,scrollWidth=382; overflow=False,réussi,responsive-04.json,,
SCN-0473,Responsive,Navigation et contenus,Géométrie du conteneur global,/compare/lunidex-vs-collectr,Visiteur ; session dédiée sans compte,production,575af4390efbe9b658d1b3d9b47f2a9932b1fc03,fr,Chromium 149,768 × 1024,Largeur du document ≤ largeur de la fenêtre,scrollWidth=760; overflow=False,réussi,responsive-04.json,,
SCN-0474,Responsive,Navigation et contenus,Géométrie du conteneur global,/compare/lunidex-vs-collectr,Visiteur ; session dédiée sans compte,production,575af4390efbe9b658d1b3d9b47f2a9932b1fc03,fr,Chromium 149,1440 × 900,Largeur du document ≤ largeur de la fenêtre,scrollWidth=1432; overflow=False,réussi,responsive-04.json,,
SCN-0475,Responsive,Navigation et contenus,Géométrie du conteneur global,/compare/lunidex-vs-pokellector,Visiteur ; session dédiée sans compte,production,575af4390efbe9b658d1b3d9b47f2a9932b1fc03,fr,Chromium 149,360 × 800,Largeur du document ≤ largeur de la fenêtre,scrollWidth=352; overflow=False,réussi,responsive-04.json,,
SCN-0476,Responsive,Navigation et contenus,Géométrie du conteneur global,/compare/lunidex-vs-pokellector,Visiteur ; session dédiée sans compte,production,575af4390efbe9b658d1b3d9b47f2a9932b1fc03,fr,Chromium 149,390 × 844,Largeur du document ≤ largeur de la fenêtre,scrollWidth=382; overflow=False,réussi,responsive-04.json,,
SCN-0477,Responsive,Navigation et contenus,Géométrie du conteneur global,/compare/lunidex-vs-pokellector,Visiteur ; session dédiée sans compte,production,575af4390efbe9b658d1b3d9b47f2a9932b1fc03,fr,Chromium 149,768 × 1024,Largeur du document ≤ largeur de la fenêtre,scrollWidth=760; overflow=False,réussi,responsive-04.json,,
SCN-0478,Responsive,Navigation et contenus,Géométrie du conteneur global,/compare/lunidex-vs-pokellector,Visiteur ; session dédiée sans compte,production,575af4390efbe9b658d1b3d9b47f2a9932b1fc03,fr,Chromium 149,1440 × 900,Largeur du document ≤ largeur de la fenêtre,scrollWidth=1432; overflow=False,réussi,responsive-04.json,,
SCN-0479,Responsive,Navigation et contenus,Géométrie du conteneur global,/compare/lunidex-vs-cardzia,Visiteur ; session dédiée sans compte,production,575af4390efbe9b658d1b3d9b47f2a9932b1fc03,fr,Chromium 149,360 × 800,Largeur du document ≤ largeur de la fenêtre,scrollWidth=352; overflow=False,réussi,responsive-04.json,,
SCN-0480,Responsive,Navigation et contenus,Géométrie du conteneur global,/compare/lunidex-vs-cardzia,Visiteur ; session dédiée sans compte,production,575af4390efbe9b658d1b3d9b47f2a9932b1fc03,fr,Chromium 149,390 × 844,Largeur du document ≤ largeur de la fenêtre,scrollWidth=382; overflow=False,réussi,responsive-04.json,,
SCN-0481,Responsive,Navigation et contenus,Géométrie du conteneur global,/compare/lunidex-vs-cardzia,Visiteur ; session dédiée sans compte,production,575af4390efbe9b658d1b3d9b47f2a9932b1fc03,fr,Chromium 149,768 × 1024,Largeur du document ≤ largeur de la fenêtre,scrollWidth=760; overflow=False,réussi,responsive-04.json,,
SCN-0482,Responsive,Navigation et contenus,Géométrie du conteneur global,/compare/lunidex-vs-cardzia,Visiteur ; session dédiée sans compte,production,575af4390efbe9b658d1b3d9b47f2a9932b1fc03,fr,Chromium 149,1440 × 900,Largeur du document ≤ largeur de la fenêtre,scrollWidth=1432; overflow=False,réussi,responsive-04.json,,
SCN-0483,Responsive,Navigation et contenus,Géométrie du conteneur global,/compare/lunidex-vs-cardmarket,Visiteur ; session dédiée sans compte,production,575af4390efbe9b658d1b3d9b47f2a9932b1fc03,fr,Chromium 149,360 × 800,Largeur du document ≤ largeur de la fenêtre,scrollWidth=352; overflow=False,réussi,responsive-04.json,,
SCN-0484,Responsive,Navigation et contenus,Géométrie du conteneur global,/compare/lunidex-vs-cardmarket,Visiteur ; session dédiée sans compte,production,575af4390efbe9b658d1b3d9b47f2a9932b1fc03,fr,Chromium 149,390 × 844,Largeur du document ≤ largeur de la fenêtre,scrollWidth=382; overflow=False,réussi,responsive-04.json,,
SCN-0485,Responsive,Navigation et contenus,Géométrie du conteneur global,/compare/lunidex-vs-cardmarket,Visiteur ; session dédiée sans compte,production,575af4390efbe9b658d1b3d9b47f2a9932b1fc03,fr,Chromium 149,768 × 1024,Largeur du document ≤ largeur de la fenêtre,scrollWidth=760; overflow=False,réussi,responsive-04.json,,
SCN-0486,Responsive,Navigation et contenus,Géométrie du conteneur global,/compare/lunidex-vs-cardmarket,Visiteur ; session dédiée sans compte,production,575af4390efbe9b658d1b3d9b47f2a9932b1fc03,fr,Chromium 149,1440 × 900,Largeur du document ≤ largeur de la fenêtre,scrollWidth=1432; overflow=False,réussi,responsive-04.json,,
SCN-0487,Langues,Navigation et contenus,Rendu dans une langue supplémentaire,/es,Visiteur ; session dédiée sans compte,production,575af4390efbe9b658d1b3d9b47f2a9932b1fc03,es,Chromium 149,1440 × 900,"HTTP 200, lang correct et liens de navigation préfixés",HTTP 200; lang=es; h1=['Explora las cartas Pokémon.']; overflow=False,réussi,locales-es-de-it-ja-ko-zh.json,,
SCN-0488,Langues,Références Pokémon,Rendu dans une langue supplémentaire,/es/pokedex,Visiteur ; session dédiée sans compte,production,575af4390efbe9b658d1b3d9b47f2a9932b1fc03,es,Chromium 149,1440 × 900,"HTTP 200, lang correct et liens de navigation préfixés",HTTP 200; lang=es; h1=['Pokédex']; overflow=False,réussi,locales-es-de-it-ja-ko-zh.json,,
SCN-0489,Langues,TCG,Rendu dans une langue supplémentaire,/es/tcg,Visiteur ; session dédiée sans compte,production,575af4390efbe9b658d1b3d9b47f2a9932b1fc03,es,Chromium 149,1440 × 900,"HTTP 200, lang correct et liens de navigation préfixés",HTTP 200; lang=es; h1=['Catálogo TCG Pokémon']; overflow=False,réussi,locales-es-de-it-ja-ko-zh.json,,
SCN-0490,Langues,Navigation et contenus,Rendu dans une langue supplémentaire,/de,Visiteur ; session dédiée sans compte,production,575af4390efbe9b658d1b3d9b47f2a9932b1fc03,de,Chromium 149,1440 × 900,"HTTP 200, lang correct et liens de navigation préfixés",HTTP 200; lang=de; h1=['Entdecke Pokémon-Karten.']; overflow=False,réussi,locales-es-de-it-ja-ko-zh.json,,
SCN-0491,Langues,Références Pokémon,Rendu dans une langue supplémentaire,/de/pokedex,Visiteur ; session dédiée sans compte,production,575af4390efbe9b658d1b3d9b47f2a9932b1fc03,de,Chromium 149,1440 × 900,"HTTP 200, lang correct et liens de navigation préfixés",HTTP 200; lang=de; h1=['Pokédex']; overflow=False,réussi,locales-es-de-it-ja-ko-zh.json,,
SCN-0492,Langues,TCG,Rendu dans une langue supplémentaire,/de/tcg,Visiteur ; session dédiée sans compte,production,575af4390efbe9b658d1b3d9b47f2a9932b1fc03,de,Chromium 149,1440 × 900,"HTTP 200, lang correct et liens de navigation préfixés",HTTP 200; lang=de; h1=['Pokémon TCG-Katalog']; overflow=False,réussi,locales-es-de-it-ja-ko-zh.json,,
SCN-0493,Langues,Navigation et contenus,Rendu dans une langue supplémentaire,/it,Visiteur ; session dédiée sans compte,production,575af4390efbe9b658d1b3d9b47f2a9932b1fc03,it,Chromium 149,1440 × 900,"HTTP 200, lang correct et liens de navigation préfixés",HTTP 200; lang=it; h1=['Esplora le carte Pokémon.']; overflow=False,réussi,locales-es-de-it-ja-ko-zh.json,,
SCN-0494,Langues,Références Pokémon,Rendu dans une langue supplémentaire,/it/pokedex,Visiteur ; session dédiée sans compte,production,575af4390efbe9b658d1b3d9b47f2a9932b1fc03,it,Chromium 149,1440 × 900,"HTTP 200, lang correct et liens de navigation préfixés",HTTP 200; lang=it; h1=['Pokédex']; overflow=False,réussi,locales-es-de-it-ja-ko-zh.json,,
SCN-0495,Langues,TCG,Rendu dans une langue supplémentaire,/it/tcg,Visiteur ; session dédiée sans compte,production,575af4390efbe9b658d1b3d9b47f2a9932b1fc03,it,Chromium 149,1440 × 900,"HTTP 200, lang correct et liens de navigation préfixés",HTTP 200; lang=it; h1=['Catalogo TCG Pokémon']; overflow=False,réussi,locales-es-de-it-ja-ko-zh.json,,
SCN-0496,Langues,Navigation et contenus,Rendu dans une langue supplémentaire,/ja,Visiteur ; session dédiée sans compte,production,575af4390efbe9b658d1b3d9b47f2a9932b1fc03,ja,Chromium 149,1440 × 900,"HTTP 200, lang correct et liens de navigation préfixés",HTTP 200; lang=ja; h1=['ポケモンカードを探そう。']; overflow=False,réussi,locales-es-de-it-ja-ko-zh.json,,
SCN-0497,Langues,Références Pokémon,Rendu dans une langue supplémentaire,/ja/pokedex,Visiteur ; session dédiée sans compte,production,575af4390efbe9b658d1b3d9b47f2a9932b1fc03,ja,Chromium 149,1440 × 900,"HTTP 200, lang correct et liens de navigation préfixés",HTTP 200; lang=ja; h1=['ポケモン図鑑']; overflow=False,réussi,locales-es-de-it-ja-ko-zh.json,,
SCN-0498,Langues,TCG,Rendu dans une langue supplémentaire,/ja/tcg,Visiteur ; session dédiée sans compte,production,575af4390efbe9b658d1b3d9b47f2a9932b1fc03,ja,Chromium 149,1440 × 900,"HTTP 200, lang correct et liens de navigation préfixés",HTTP 200; lang=ja; h1=['ポケモンTCGカタログ']; overflow=False,réussi,locales-es-de-it-ja-ko-zh.json,,
SCN-0499,Langues,Navigation et contenus,Rendu dans une langue supplémentaire,/ko,Visiteur ; session dédiée sans compte,production,575af4390efbe9b658d1b3d9b47f2a9932b1fc03,ko,Chromium 149,1440 × 900,"HTTP 200, lang correct et liens de navigation préfixés",HTTP 200; lang=ko; h1=['포켓몬 카드를 둘러보세요.']; overflow=False,réussi,locales-es-de-it-ja-ko-zh.json,,
SCN-0500,Langues,Références Pokémon,Rendu dans une langue supplémentaire,/ko/pokedex,Visiteur ; session dédiée sans compte,production,575af4390efbe9b658d1b3d9b47f2a9932b1fc03,ko,Chromium 149,1440 × 900,"HTTP 200, lang correct et liens de navigation préfixés",HTTP 200; lang=ko; h1=['포켓몬 도감']; overflow=False,réussi,locales-es-de-it-ja-ko-zh.json,,
SCN-0501,Langues,TCG,Rendu dans une langue supplémentaire,/ko/tcg,Visiteur ; session dédiée sans compte,production,575af4390efbe9b658d1b3d9b47f2a9932b1fc03,ko,Chromium 149,1440 × 900,"HTTP 200, lang correct et liens de navigation préfixés",HTTP 200; lang=ko; h1=['포켓몬 TCG 카탈로그']; overflow=False,réussi,locales-es-de-it-ja-ko-zh.json,,
SCN-0502,Langues,Navigation et contenus,Rendu dans une langue supplémentaire,/zh,Visiteur ; session dédiée sans compte,production,575af4390efbe9b658d1b3d9b47f2a9932b1fc03,zh,Chromium 149,1440 × 900,"HTTP 200, lang correct et liens de navigation préfixés",HTTP 200; lang=zh; h1=['探索宝可梦卡牌。']; overflow=False,réussi,locales-es-de-it-ja-ko-zh.json,,
SCN-0503,Langues,Références Pokémon,Rendu dans une langue supplémentaire,/zh/pokedex,Visiteur ; session dédiée sans compte,production,575af4390efbe9b658d1b3d9b47f2a9932b1fc03,zh,Chromium 149,1440 × 900,"HTTP 200, lang correct et liens de navigation préfixés",HTTP 200; lang=zh; h1=['宝可梦图鉴']; overflow=False,réussi,locales-es-de-it-ja-ko-zh.json,,
SCN-0504,Langues,TCG,Rendu dans une langue supplémentaire,/zh/tcg,Visiteur ; session dédiée sans compte,production,575af4390efbe9b658d1b3d9b47f2a9932b1fc03,zh,Chromium 149,1440 × 900,"HTTP 200, lang correct et liens de navigation préfixés",HTTP 200; lang=zh; h1=['宝可梦 TCG 卡牌目录']; overflow=False,réussi,locales-es-de-it-ja-ko-zh.json,,
SCN-0505,Langues,Navigation et contenus,Accueil → Pokédex → rechargement,https://lunidex.app/fr/pokedex,Visiteur ; session dédiée sans compte,production,575af4390efbe9b658d1b3d9b47f2a9932b1fc03,fr,Chromium 149,1440 × 900,Préfixe et langue conservés,https://lunidex.app/fr/pokedex → https://lunidex.app/fr/pokedex; lang=fr,réussi,huit-langues-navigation-reload.json,,
SCN-0506,Langues,Navigation et contenus,Accueil → Pokédex → rechargement,https://lunidex.app/en/pokedex,Visiteur ; session dédiée sans compte,production,575af4390efbe9b658d1b3d9b47f2a9932b1fc03,en,Chromium 149,1440 × 900,Préfixe et langue conservés,https://lunidex.app/en/pokedex → https://lunidex.app/en/pokedex; lang=en,réussi,huit-langues-navigation-reload.json,,
SCN-0507,Langues,Navigation et contenus,Accueil → Pokédex → rechargement,https://lunidex.app/es/pokedex,Visiteur ; session dédiée sans compte,production,575af4390efbe9b658d1b3d9b47f2a9932b1fc03,es,Chromium 149,1440 × 900,Préfixe et langue conservés,https://lunidex.app/es/pokedex → https://lunidex.app/es/pokedex; lang=es,réussi,huit-langues-navigation-reload.json,,
SCN-0508,Langues,Navigation et contenus,Accueil → Pokédex → rechargement,https://lunidex.app/de/pokedex,Visiteur ; session dédiée sans compte,production,575af4390efbe9b658d1b3d9b47f2a9932b1fc03,de,Chromium 149,1440 × 900,Préfixe et langue conservés,https://lunidex.app/de/pokedex → https://lunidex.app/de/pokedex; lang=de,réussi,huit-langues-navigation-reload.json,,
SCN-0509,Langues,Navigation et contenus,Accueil → Pokédex → rechargement,https://lunidex.app/it/pokedex,Visiteur ; session dédiée sans compte,production,575af4390efbe9b658d1b3d9b47f2a9932b1fc03,it,Chromium 149,1440 × 900,Préfixe et langue conservés,https://lunidex.app/it/pokedex → https://lunidex.app/it/pokedex; lang=it,réussi,huit-langues-navigation-reload.json,,
SCN-0510,Langues,Navigation et contenus,Accueil → Pokédex → rechargement,https://lunidex.app/ja/pokedex,Visiteur ; session dédiée sans compte,production,575af4390efbe9b658d1b3d9b47f2a9932b1fc03,ja,Chromium 149,1440 × 900,Préfixe et langue conservés,https://lunidex.app/ja/pokedex → https://lunidex.app/ja/pokedex; lang=ja,réussi,huit-langues-navigation-reload.json,,
SCN-0511,Langues,Navigation et contenus,Accueil → Pokédex → rechargement,https://lunidex.app/ko/pokedex,Visiteur ; session dédiée sans compte,production,575af4390efbe9b658d1b3d9b47f2a9932b1fc03,ko,Chromium 149,1440 × 900,Préfixe et langue conservés,https://lunidex.app/ko/pokedex → https://lunidex.app/ko/pokedex; lang=ko,réussi,huit-langues-navigation-reload.json,,
SCN-0512,Langues,Navigation et contenus,Accueil → Pokédex → rechargement,https://lunidex.app/zh/pokedex,Visiteur ; session dédiée sans compte,production,575af4390efbe9b658d1b3d9b47f2a9932b1fc03,zh,Chromium 149,1440 × 900,Préfixe et langue conservés,https://lunidex.app/zh/pokedex → https://lunidex.app/zh/pokedex; lang=zh,réussi,huit-langues-navigation-reload.json,,
SCN-0513,Accessibilité,Navigation et contenus,"axe-core WCAG 2 A/AA et 2.1 AA, écran observé",/fr,Visiteur ; session dédiée sans compte,production,575af4390efbe9b658d1b3d9b47f2a9932b1fc03,fr,Chromium 149,1440 × 900,Aucune violation des règles exécutées,Aucune violation détectée ; contrôles incomplets éventuels exclus de la réussite,réussi,accessibilite-01.json,,
SCN-0514,Accessibilité,Références Pokémon,"axe-core WCAG 2 A/AA et 2.1 AA, écran observé",/fr/pokedex,Visiteur ; session dédiée sans compte,production,575af4390efbe9b658d1b3d9b47f2a9932b1fc03,fr,Chromium 149,1440 × 900,Aucune violation des règles exécutées,Aucune violation détectée ; contrôles incomplets éventuels exclus de la réussite,réussi,accessibilite-01.json,,
SCN-0515,Accessibilité,Outils et jeux,"axe-core WCAG 2 A/AA et 2.1 AA, écran observé",/fr/battle,Visiteur ; session dédiée sans compte,production,575af4390efbe9b658d1b3d9b47f2a9932b1fc03,fr,Chromium 149,1440 × 900,Aucune violation des règles exécutées,color-contrast: 5,échoué,accessibilite-01.json,BUG-009,
SCN-0516,Accessibilité,Références Pokémon,"axe-core WCAG 2 A/AA et 2.1 AA, écran observé",/fr/items,Visiteur ; session dédiée sans compte,production,575af4390efbe9b658d1b3d9b47f2a9932b1fc03,fr,Chromium 149,1440 × 900,Aucune violation des règles exécutées,color-contrast: 153,échoué,accessibilite-01.json,BUG-009,
SCN-0517,Accessibilité,Outils et jeux,"axe-core WCAG 2 A/AA et 2.1 AA, écran observé",/fr/ev-iv,Visiteur ; session dédiée sans compte,production,575af4390efbe9b658d1b3d9b47f2a9932b1fc03,fr,Chromium 149,1440 × 900,Aucune violation des règles exécutées,color-contrast: 20; label: 1; select-name: 1,échoué,accessibilite-01.json,"BUG-009,BUG-010",
SCN-0518,Accessibilité,TCG,"axe-core WCAG 2 A/AA et 2.1 AA, écran observé",/fr/tcg/cards/sv03.5-199,Visiteur ; session dédiée sans compte,production,575af4390efbe9b658d1b3d9b47f2a9932b1fc03,fr,Chromium 149,1440 × 900,Aucune violation des règles exécutées,color-contrast: 3,échoué,accessibilite-01.json,BUG-009,
SCN-0519,Accessibilité,Outils et jeux,"axe-core WCAG 2 A/AA et 2.1 AA, écran observé",/fr/compare,Visiteur ; session dédiée sans compte,production,575af4390efbe9b658d1b3d9b47f2a9932b1fc03,fr,Chromium 149,1440 × 900,Aucune violation des règles exécutées,Aucune violation détectée ; contrôles incomplets éventuels exclus de la réussite,réussi,accessibilite-02.json,,
SCN-0520,Accessibilité,Références Pokémon,"axe-core WCAG 2 A/AA et 2.1 AA, écran observé",/fr/types,Visiteur ; session dédiée sans compte,production,575af4390efbe9b658d1b3d9b47f2a9932b1fc03,fr,Chromium 149,1440 × 900,Aucune violation des règles exécutées,aria-required-parent: 324; color-contrast: 16,échoué,accessibilite-02.json,"BUG-009,BUG-011",
SCN-0521,Accessibilité,Outils et jeux,"axe-core WCAG 2 A/AA et 2.1 AA, écran observé",/fr/quiz,Visiteur ; session dédiée sans compte,production,575af4390efbe9b658d1b3d9b47f2a9932b1fc03,fr,Chromium 149,1440 × 900,Aucune violation des règles exécutées,Aucune violation détectée ; contrôles incomplets éventuels exclus de la réussite,réussi,accessibilite-02.json,,
SCN-0522,Accessibilité,Outils et jeux,"axe-core WCAG 2 A/AA et 2.1 AA, écran observé",/fr/breeding,Visiteur ; session dédiée sans compte,production,575af4390efbe9b658d1b3d9b47f2a9932b1fc03,fr,Chromium 149,1440 × 900,Aucune violation des règles exécutées,color-contrast: 5,échoué,accessibilite-02.json,BUG-009,
SCN-0523,Accessibilité,Navigation et contenus,"axe-core WCAG 2 A/AA et 2.1 AA, écran observé",/fr/contact,Visiteur ; session dédiée sans compte,production,575af4390efbe9b658d1b3d9b47f2a9932b1fc03,fr,Chromium 149,1440 × 900,Aucune violation des règles exécutées,Aucune violation détectée ; contrôles incomplets éventuels exclus de la réussite,réussi,accessibilite-02.json,,
SCN-0524,Accessibilité,TCG,"axe-core WCAG 2 A/AA et 2.1 AA, écran observé",/fr/tcg,Visiteur ; session dédiée sans compte,production,575af4390efbe9b658d1b3d9b47f2a9932b1fc03,fr,Chromium 149,1440 × 900,Aucune violation des règles exécutées,Aucune violation détectée ; contrôles incomplets éventuels exclus de la réussite,réussi,accessibilite-02.json,,
SCN-0525,Accessibilité,TCG,"axe-core WCAG 2 A/AA et 2.1 AA, écran observé",/fr/tcg/sets/sv03.5,Visiteur ; session dédiée sans compte,production,575af4390efbe9b658d1b3d9b47f2a9932b1fc03,fr,Chromium 149,1440 × 900,Aucune violation des règles exécutées,color-contrast: 4,échoué,accessibilite-02.json,BUG-009,
SCN-0526,Accessibilité,Scellés,"axe-core WCAG 2 A/AA et 2.1 AA, écran observé",/fr/tcg/sealed/market,Visiteur ; session dédiée sans compte,production,575af4390efbe9b658d1b3d9b47f2a9932b1fc03,fr,Chromium 149,1440 × 900,Aucune violation des règles exécutées,Aucune violation détectée ; contrôles incomplets éventuels exclus de la réussite,réussi,accessibilite-02.json,,
SCN-0527,Accessibilité,TCG,"axe-core, filtres avancés en thème sombre",/fr/tcg,Visiteur ; session dédiée sans compte,production,575af4390efbe9b658d1b3d9b47f2a9932b1fc03,fr,Chromium 149,1440 × 900,Contraste suffisant,12 éléments de contraste insuffisant,échoué,accessibilite-filtres-tcg.json,BUG-009,
SCN-0528,API,API,GET local sans cloud : validation ou disponibilité,/api/account/api-keys,Aucun secret Neon ; aucune session,"local isolé, build production",575af4390efbe9b658d1b3d9b47f2a9932b1fc03,n/a,Client HTTP Playwright,HTTP,"Réponse explicite (200/400/410/503 selon contrat), pas de faux succès métier","HTTP 503; {""error"":{""code"":""API_UNAVAILABLE"",""message"":""The account service is temporarily unavailable.""}}",réussi,api-lecture-local-01.json,,
SCN-0529,API,API,GET local sans cloud : validation ou disponibilité,/api/account/export,Aucun secret Neon ; aucune session,"local isolé, build production",575af4390efbe9b658d1b3d9b47f2a9932b1fc03,n/a,Client HTTP Playwright,HTTP,"Réponse explicite (200/400/410/503 selon contrat), pas de faux succès métier","HTTP 503; {""error"":""Application database unavailable""}",réussi,api-lecture-local-01.json,,
SCN-0530,API,API,GET local sans cloud : validation ou disponibilité,/api/agentation/health,Aucun secret Neon ; aucune session,"local isolé, build production",575af4390efbe9b658d1b3d9b47f2a9932b1fc03,n/a,Client HTTP Playwright,HTTP,"Réponse explicite (200/400/410/503 selon contrat), pas de faux succès métier","HTTP 200; {""available"":false}",réussi,api-lecture-local-01.json,,
SCN-0531,API,API,GET local sans cloud : validation ou disponibilité,/api/auth/get-session,Aucun secret Neon ; aucune session,"local isolé, build production",575af4390efbe9b658d1b3d9b47f2a9932b1fc03,n/a,Client HTTP Playwright,HTTP,"Réponse explicite (200/400/410/503 selon contrat), pas de faux succès métier","HTTP 503; {""error"":""Neon Auth is not configured""}",réussi,api-lecture-local-01.json,,
SCN-0532,API,API,GET local sans cloud : validation ou disponibilité,/api/battle/room,Aucun secret Neon ; aucune session,"local isolé, build production",575af4390efbe9b658d1b3d9b47f2a9932b1fc03,n/a,Client HTTP Playwright,HTTP,"Réponse explicite (200/400/410/503 selon contrat), pas de faux succès métier","HTTP 400; {""error"":""Missing room id""}",réussi,api-lecture-local-01.json,,
SCN-0533,API,API,GET local sans cloud : validation ou disponibilité,/api/friends,Aucun secret Neon ; aucune session,"local isolé, build production",575af4390efbe9b658d1b3d9b47f2a9932b1fc03,n/a,Client HTTP Playwright,HTTP,"Réponse explicite (200/400/410/503 selon contrat), pas de faux succès métier","HTTP 503; {""error"":""Application database unavailable""}",réussi,api-lecture-local-01.json,,
SCN-0534,API,API,GET local sans cloud : validation ou disponibilité,/api/profile,Aucun secret Neon ; aucune session,"local isolé, build production",575af4390efbe9b658d1b3d9b47f2a9932b1fc03,n/a,Client HTTP Playwright,HTTP,"Réponse explicite (200/400/410/503 selon contrat), pas de faux succès métier","HTTP 503; {""error"":""Application database unavailable""}",réussi,api-lecture-local-01.json,,
SCN-0535,API,API,GET local sans cloud : validation ou disponibilité,/api/quiz/leaderboard,Aucun secret Neon ; aucune session,"local isolé, build production",575af4390efbe9b658d1b3d9b47f2a9932b1fc03,n/a,Client HTTP Playwright,HTTP,"Réponse explicite (200/400/410/503 selon contrat), pas de faux succès métier","HTTP 503; {""error"":""Leaderboard unavailable""}",réussi,api-lecture-local-01.json,,
SCN-0536,API,API,GET local sans cloud : validation ou disponibilité,/api/smogon/pikachu,Aucun secret Neon ; aucune session,"local isolé, build production",575af4390efbe9b658d1b3d9b47f2a9932b1fc03,n/a,Client HTTP Playwright,HTTP,"Réponse explicite (200/400/410/503 selon contrat), pas de faux succès métier",HTTP 200; null,réussi,api-lecture-local-01.json,,
SCN-0537,API,API,GET local sans cloud : validation ou disponibilité,/api/tcg/cards/1,Aucun secret Neon ; aucune session,"local isolé, build production",575af4390efbe9b658d1b3d9b47f2a9932b1fc03,n/a,Client HTTP Playwright,HTTP,"Réponse explicite (200/400/410/503 selon contrat), pas de faux succès métier","HTTP 400; {""error"":""Missing id""}",réussi,api-lecture-local-01.json,,
SCN-0538,API,API,GET local sans cloud : validation ou disponibilité,/api/tcg/collection/set-cards,Aucun secret Neon ; aucune session,"local isolé, build production",575af4390efbe9b658d1b3d9b47f2a9932b1fc03,n/a,Client HTTP Playwright,HTTP,"Réponse explicite (200/400/410/503 selon contrat), pas de faux succès métier","HTTP 400; {""error"":""Invalid setId""}",réussi,api-lecture-local-01.json,,
SCN-0539,API,API,GET local sans cloud : validation ou disponibilité,/api/tcg/compare,Aucun secret Neon ; aucune session,"local isolé, build production",575af4390efbe9b658d1b3d9b47f2a9932b1fc03,n/a,Client HTTP Playwright,HTTP,"Réponse explicite (200/400/410/503 selon contrat), pas de faux succès métier","HTTP 400; {""error"":""Missing ids""}",réussi,api-lecture-local-01.json,,
SCN-0540,API,API,GET local sans cloud : validation ou disponibilité,/api/tcg/price-alerts,Aucun secret Neon ; aucune session,"local isolé, build production",575af4390efbe9b658d1b3d9b47f2a9932b1fc03,n/a,Client HTTP Playwright,HTTP,"Réponse explicite (200/400/410/503 selon contrat), pas de faux succès métier","HTTP 410; {""error"":""Price alerts are temporarily unavailable""}",réussi,api-lecture-local-01.json,,
SCN-0541,API,API,GET local sans cloud : validation ou disponibilité,/api/tcg/price-history/sv03.5-199,Aucun secret Neon ; aucune session,"local isolé, build production",575af4390efbe9b658d1b3d9b47f2a9932b1fc03,n/a,Client HTTP Playwright,HTTP,"Réponse explicite (200/400/410/503 selon contrat), pas de faux succès métier","HTTP 200; {""history"":[]}",réussi,api-lecture-local-01.json,,
SCN-0542,API,API,GET local sans cloud : validation ou disponibilité,/api/tcg/saved-searches,Aucun secret Neon ; aucune session,"local isolé, build production",575af4390efbe9b658d1b3d9b47f2a9932b1fc03,n/a,Client HTTP Playwright,HTTP,"Réponse explicite (200/400/410/503 selon contrat), pas de faux succès métier","HTTP 410; {""error"":""This legacy endpoint is disabled. Sign in to use account-backed TCG state.""}",réussi,api-lecture-local-01.json,,
SCN-0543,API,API,GET local sans cloud : validation ou disponibilité,/api/tcg/sealed/aliases/1,Aucun secret Neon ; aucune session,"local isolé, build production",575af4390efbe9b658d1b3d9b47f2a9932b1fc03,n/a,Client HTTP Playwright,HTTP,"Réponse explicite (200/400/410/503 selon contrat), pas de faux succès métier","HTTP 503; {""error"":""Sealed portfolio is temporarily unavailable.""}",réussi,api-lecture-local-01.json,,
SCN-0544,API,API,GET local sans cloud : validation ou disponibilité,/api/tcg/sealed/catalogue,Aucun secret Neon ; aucune session,"local isolé, build production",575af4390efbe9b658d1b3d9b47f2a9932b1fc03,n/a,Client HTTP Playwright,HTTP,"Réponse explicite (200/400/410/503 selon contrat), pas de faux succès métier","HTTP 503; {""error"":""Sealed portfolio is temporarily unavailable.""}",réussi,api-lecture-local-01.json,,
SCN-0545,API,API,GET local sans cloud : validation ou disponibilité,/api/tcg/sealed/export,Aucun secret Neon ; aucune session,"local isolé, build production",575af4390efbe9b658d1b3d9b47f2a9932b1fc03,n/a,Client HTTP Playwright,HTTP,"Réponse explicite (200/400/410/503 selon contrat), pas de faux succès métier","HTTP 503; {""error"":""Sealed portfolio is temporarily unavailable.""}",réussi,api-lecture-local-01.json,,
SCN-0546,API,API,GET local sans cloud : validation ou disponibilité,/api/tcg/sealed/guide,Aucun secret Neon ; aucune session,"local isolé, build production",575af4390efbe9b658d1b3d9b47f2a9932b1fc03,n/a,Client HTTP Playwright,HTTP,"Réponse explicite (200/400/410/503 selon contrat), pas de faux succès métier","HTTP 503; {""error"":""Sealed guide unavailable.""}",réussi,api-lecture-local-02.json,,
SCN-0547,API,API,GET local sans cloud : validation ou disponibilité,/api/tcg/sealed/market-catalogue,Aucun secret Neon ; aucune session,"local isolé, build production",575af4390efbe9b658d1b3d9b47f2a9932b1fc03,n/a,Client HTTP Playwright,HTTP,"Réponse explicite (200/400/410/503 selon contrat), pas de faux succès métier","HTTP 503; {""error"":""Sealed portfolio is temporarily unavailable.""}",réussi,api-lecture-local-02.json,,
SCN-0548,API,API,GET local sans cloud : validation ou disponibilité,/api/tcg/sealed/market-products/1,Aucun secret Neon ; aucune session,"local isolé, build production",575af4390efbe9b658d1b3d9b47f2a9932b1fc03,n/a,Client HTTP Playwright,HTTP,"Réponse explicite (200/400/410/503 selon contrat), pas de faux succès métier","HTTP 503; {""error"":""Sealed portfolio is temporarily unavailable.""}",réussi,api-lecture-local-02.json,,
SCN-0549,API,API,GET local sans cloud : validation ou disponibilité,/api/tcg/sealed/overview,Aucun secret Neon ; aucune session,"local isolé, build production",575af4390efbe9b658d1b3d9b47f2a9932b1fc03,n/a,Client HTTP Playwright,HTTP,"Réponse explicite (200/400/410/503 selon contrat), pas de faux succès métier","HTTP 503; {""error"":""Sealed portfolio is temporarily unavailable.""}",réussi,api-lecture-local-02.json,,
SCN-0550,API,API,GET local sans cloud : validation ou disponibilité,/api/tcg/sealed/products/1/image,Aucun secret Neon ; aucune session,"local isolé, build production",575af4390efbe9b658d1b3d9b47f2a9932b1fc03,n/a,Client HTTP Playwright,HTTP,"Réponse explicite (200/400/410/503 selon contrat), pas de faux succès métier","HTTP 503; {""error"":""Sealed portfolio is temporarily unavailable.""}",réussi,api-lecture-local-02.json,,
SCN-0551,API,API,GET local sans cloud : validation ou disponibilité,/api/tcg/sealed/products/1,Aucun secret Neon ; aucune session,"local isolé, build production",575af4390efbe9b658d1b3d9b47f2a9932b1fc03,n/a,Client HTTP Playwright,HTTP,"Réponse explicite (200/400/410/503 selon contrat), pas de faux succès métier","HTTP 503; {""error"":""Sealed portfolio is temporarily unavailable.""}",réussi,api-lecture-local-02.json,,
SCN-0552,API,API,GET local sans cloud : validation ou disponibilité,/api/tcg/sealed/sources,Aucun secret Neon ; aucune session,"local isolé, build production",575af4390efbe9b658d1b3d9b47f2a9932b1fc03,n/a,Client HTTP Playwright,HTTP,"Réponse explicite (200/400/410/503 selon contrat), pas de faux succès métier","HTTP 503; {""error"":""Sealed portfolio is temporarily unavailable.""}",réussi,api-lecture-local-02.json,,
SCN-0553,API,API,GET local sans cloud : validation ou disponibilité,/api/tcg/sealed/transactions,Aucun secret Neon ; aucune session,"local isolé, build production",575af4390efbe9b658d1b3d9b47f2a9932b1fc03,n/a,Client HTTP Playwright,HTTP,"Réponse explicite (200/400/410/503 selon contrat), pas de faux succès métier","HTTP 503; {""error"":""Sealed portfolio is temporarily unavailable.""}",réussi,api-lecture-local-02.json,,
SCN-0554,API,API,GET local sans cloud : validation ou disponibilité,/api/tcg/search,Aucun secret Neon ; aucune session,"local isolé, build production",575af4390efbe9b658d1b3d9b47f2a9932b1fc03,n/a,Client HTTP Playwright,HTTP,"Réponse explicite (200/400/410/503 selon contrat), pas de faux succès métier","HTTP 200; {""cards"":[{""category"":""Pokemon"",""id"":""30th-G"",""illustrator"":""YOSHIROTTEN"",""image"":""https://assets.tcgdex.net/en/me/30th/G"",""localId"":""G"",""name"":""Mew"",""rarity"":""RGB Rare"",""set"":{""ca",réussi,api-lecture-local-02.json,,
SCN-0555,API,API,GET local sans cloud : validation ou disponibilité,/api/tcg/sets,Aucun secret Neon ; aucune session,"local isolé, build production",575af4390efbe9b658d1b3d9b47f2a9932b1fc03,n/a,Client HTTP Playwright,HTTP,"Réponse explicite (200/400/410/503 selon contrat), pas de faux succès métier","HTTP 200; {""sets"":[{""id"":""30th-c"",""name"":""30th Classic Collection"",""cardCount"":{""total"":30,""official"":30},""totalCards"":30,""releaseRank"":0,""dataLanguage"":""en""},{""id"":""30th"",""name"":""30th Celeb",réussi,api-lecture-local-02.json,,
SCN-0556,API,API,GET local sans cloud : validation ou disponibilité,/api/tcg/user-cards,Aucun secret Neon ; aucune session,"local isolé, build production",575af4390efbe9b658d1b3d9b47f2a9932b1fc03,n/a,Client HTTP Playwright,HTTP,"Réponse explicite (200/400/410/503 selon contrat), pas de faux succès métier","HTTP 410; {""error"":""This legacy endpoint is disabled. Sign in to use account-backed TCG state.""}",réussi,api-lecture-local-02.json,,
SCN-0557,API,API,GET local sans cloud : validation ou disponibilité,/api/user-state,Aucun secret Neon ; aucune session,"local isolé, build production",575af4390efbe9b658d1b3d9b47f2a9932b1fc03,n/a,Client HTTP Playwright,HTTP,"Réponse explicite (200/400/410/503 selon contrat), pas de faux succès métier","HTTP 503; {""error"":""Application database unavailable""}",réussi,api-lecture-local-02.json,,
SCN-0558,API,API,GET local sans cloud : validation ou disponibilité,/api/v1/cards/sv03.5-199,Aucun secret Neon ; aucune session,"local isolé, build production",575af4390efbe9b658d1b3d9b47f2a9932b1fc03,n/a,Client HTTP Playwright,HTTP,"Réponse explicite (200/400/410/503 selon contrat), pas de faux succès métier","HTTP 503; {""error"":{""code"":""API_UNAVAILABLE"",""message"":""The API is temporarily unavailable.""}}",réussi,api-lecture-local-02.json,,
SCN-0559,API,API,GET local sans cloud : validation ou disponibilité,/api/v1/cards,Aucun secret Neon ; aucune session,"local isolé, build production",575af4390efbe9b658d1b3d9b47f2a9932b1fc03,n/a,Client HTTP Playwright,HTTP,"Réponse explicite (200/400/410/503 selon contrat), pas de faux succès métier","HTTP 503; {""error"":{""code"":""API_UNAVAILABLE"",""message"":""The API is temporarily unavailable.""}}",réussi,api-lecture-local-02.json,,
SCN-0560,API,API,GET local sans cloud : validation ou disponibilité,/api/v1/me,Aucun secret Neon ; aucune session,"local isolé, build production",575af4390efbe9b658d1b3d9b47f2a9932b1fc03,n/a,Client HTTP Playwright,HTTP,"Réponse explicite (200/400/410/503 selon contrat), pas de faux succès métier","HTTP 503; {""error"":{""code"":""API_UNAVAILABLE"",""message"":""The API is temporarily unavailable.""}}",réussi,api-lecture-local-02.json,,
SCN-0561,API,API,GET local sans cloud : validation ou disponibilité,/api/v1/openapi.json,Aucun secret Neon ; aucune session,"local isolé, build production",575af4390efbe9b658d1b3d9b47f2a9932b1fc03,n/a,Client HTTP Playwright,HTTP,"Réponse explicite (200/400/410/503 selon contrat), pas de faux succès métier","HTTP 200; {""openapi"":""3.1.0"",""info"":{""title"":""Lunidex Public API"",""version"":""1.0.0"",""description"":""API for data synchronized to a Lunidex account. Local-only device data is not available.\n\",réussi,api-lecture-local-02.json,,
SCN-0562,API,API,GET local sans cloud : validation ou disponibilité,/api/v1/sealed/catalogue,Aucun secret Neon ; aucune session,"local isolé, build production",575af4390efbe9b658d1b3d9b47f2a9932b1fc03,n/a,Client HTTP Playwright,HTTP,"Réponse explicite (200/400/410/503 selon contrat), pas de faux succès métier","HTTP 503; {""error"":{""code"":""API_UNAVAILABLE"",""message"":""The API is temporarily unavailable.""}}",réussi,api-lecture-local-02.json,,
SCN-0563,API,API,GET local sans cloud : validation ou disponibilité,/api/v1/sealed/positions/1,Aucun secret Neon ; aucune session,"local isolé, build production",575af4390efbe9b658d1b3d9b47f2a9932b1fc03,n/a,Client HTTP Playwright,HTTP,"Réponse explicite (200/400/410/503 selon contrat), pas de faux succès métier","HTTP 503; {""error"":{""code"":""API_UNAVAILABLE"",""message"":""The API is temporarily unavailable.""}}",réussi,api-lecture-local-02.json,,
SCN-0564,API,API,GET local sans cloud : validation ou disponibilité,/api/v1/sealed/positions,Aucun secret Neon ; aucune session,"local isolé, build production",575af4390efbe9b658d1b3d9b47f2a9932b1fc03,n/a,Client HTTP Playwright,HTTP,"Réponse explicite (200/400/410/503 selon contrat), pas de faux succès métier","HTTP 503; {""error"":{""code"":""API_UNAVAILABLE"",""message"":""The API is temporarily unavailable.""}}",réussi,api-lecture-local-02.json,,
SCN-0565,API,API,GET local sans cloud : validation ou disponibilité,/api/v1/sealed/transactions/1,Aucun secret Neon ; aucune session,"local isolé, build production",575af4390efbe9b658d1b3d9b47f2a9932b1fc03,n/a,Client HTTP Playwright,HTTP,"Réponse explicite (200/400/410/503 selon contrat), pas de faux succès métier","HTTP 503; {""error"":{""code"":""API_UNAVAILABLE"",""message"":""The API is temporarily unavailable.""}}",réussi,api-lecture-local-02.json,,
SCN-0566,API,API,GET local sans cloud : validation ou disponibilité,/api/v1/sealed/transactions,Aucun secret Neon ; aucune session,"local isolé, build production",575af4390efbe9b658d1b3d9b47f2a9932b1fc03,n/a,Client HTTP Playwright,HTTP,"Réponse explicite (200/400/410/503 selon contrat), pas de faux succès métier","HTTP 503; {""error"":{""code"":""API_UNAVAILABLE"",""message"":""The API is temporarily unavailable.""}}",réussi,api-lecture-local-02.json,,
SCN-0567,API,API,GET local sans cloud : validation ou disponibilité,/api/v1/summary,Aucun secret Neon ; aucune session,"local isolé, build production",575af4390efbe9b658d1b3d9b47f2a9932b1fc03,n/a,Client HTTP Playwright,HTTP,"Réponse explicite (200/400/410/503 selon contrat), pas de faux succès métier","HTTP 503; {""error"":{""code"":""API_UNAVAILABLE"",""message"":""The API is temporarily unavailable.""}}",réussi,api-lecture-local-02.json,,
SCN-0568,API,API,GET public local : cas valide ou paramètre invalide,/api/tcg/cards/sv03.5-199?tcgLang=en,Sans secrets ; données de référence publiques,"local isolé, build production",575af4390efbe9b658d1b3d9b47f2a9932b1fc03,en/fr,Client HTTP Playwright,HTTP,200 et données attendues ; 400 pour validation négative,"HTTP 200; id=sv03.5-199; count=None; {""card"":{""category"":""Pokemon"",""id"":""sv03.5-199"",""illustrator"":""miki kudo"",""image"":""https://assets.tcgdex.net/en/sv/sv03.5/199"",""localId"":""199"",""name"":""Charizard ex"",""rarity"":""Special illustration rare",réussi,api-publiques-locales-cas-valides.json,,
SCN-0569,API,API,GET public local : cas valide ou paramètre invalide,"/api/tcg/compare?ids=sv03.5-199,sv03.5-200&tcgLang=en",Sans secrets ; données de référence publiques,"local isolé, build production",575af4390efbe9b658d1b3d9b47f2a9932b1fc03,en/fr,Client HTTP Playwright,HTTP,200 et données attendues ; 400 pour validation négative,"HTTP 200; id=None; count=2; {""cards"":[{""category"":""Pokemon"",""id"":""sv03.5-199"",""illustrator"":""miki kudo"",""image"":""https://assets.tcgdex.net/en/sv/sv03.5/199"",""localId"":""199"",""name"":""Charizard ex"",""rarity"":""Special illustration ra",réussi,api-publiques-locales-cas-valides.json,,
SCN-0570,API,API,GET public local : cas valide ou paramètre invalide,"/api/tcg/compare?ids=a,b,c,d,e",Sans secrets ; données de référence publiques,"local isolé, build production",575af4390efbe9b658d1b3d9b47f2a9932b1fc03,en/fr,Client HTTP Playwright,HTTP,200 et données attendues ; 400 pour validation négative,"HTTP 400; id=None; count=None; {""error"":""Invalid ids (max 4)""}",réussi,api-publiques-locales-cas-valides.json,,
SCN-0571,API,API,GET public local : cas valide ou paramètre invalide,/api/tcg/collection/set-cards?setId=sv03.5&tcgLang=en&limit=2,Sans secrets ; données de référence publiques,"local isolé, build production",575af4390efbe9b658d1b3d9b47f2a9932b1fc03,en/fr,Client HTTP Playwright,HTTP,200 et données attendues ; 400 pour validation négative,"HTTP 200; id=None; count=2; {""setId"":""sv03.5"",""cards"":[{""id"":""sv03.5-001"",""localId"":""001"",""name"":""Bulbasaur"",""setId"":""sv03.5"",""image"":""https://assets.tcgdex.net/en/sv/sv03.5/001"",""rarity"":""Common"",""variants"":{""firstEdition"":fals",réussi,api-publiques-locales-cas-valides.json,,
SCN-0572,API,API,GET public local : cas valide ou paramètre invalide,/api/tcg/collection/set-cards?setId=..%2Fbad,Sans secrets ; données de référence publiques,"local isolé, build production",575af4390efbe9b658d1b3d9b47f2a9932b1fc03,en/fr,Client HTTP Playwright,HTTP,200 et données attendues ; 400 pour validation négative,"HTTP 400; id=None; count=None; {""error"":""Invalid setId""}",réussi,api-publiques-locales-cas-valides.json,,
SCN-0573,API,API,GET public local : cas valide ou paramètre invalide,/api/tcg/search?q=zzqa987&tcgLang=en,Sans secrets ; données de référence publiques,"local isolé, build production",575af4390efbe9b658d1b3d9b47f2a9932b1fc03,en/fr,Client HTTP Playwright,HTTP,200 et données attendues ; 400 pour validation négative,"HTTP 200; id=None; count=0; {""cards"":[],""hasMore"":false,""facets"":{""cards"":0,""sets"":[],""rarities"":[],""types"":[],""stages"":[],""trainers"":[],""energies"":[]},""insights"":{""totalResults"":0,""totalSets"":0,""activeSet"":null,""topRarities"":[]",réussi,api-publiques-locales-cas-valides.json,,
SCN-0574,API,API,GET public local : cas valide ou paramètre invalide,/api/tcg/sets?tcgLang=fr,Sans secrets ; données de référence publiques,"local isolé, build production",575af4390efbe9b658d1b3d9b47f2a9932b1fc03,en/fr,Client HTTP Playwright,HTTP,200 et données attendues ; 400 pour validation négative,"HTTP 200; id=None; count=None; {""sets"":[{""id"":""30th-c"",""name"":""Collection Classique30ᵉ Anniversaire"",""cardCount"":{""total"":30,""official"":30},""totalCards"":30,""releaseRank"":0,""dataLanguage"":""fr""},{""id"":""30th"",""name"":""30ᵉ Anniversaire""",réussi,api-publiques-locales-cas-valides.json,,
SCN-0575,API,API,GET public local : cas valide ou paramètre invalide,/api/battle/room?id=invalid,Sans secrets ; données de référence publiques,"local isolé, build production",575af4390efbe9b658d1b3d9b47f2a9932b1fc03,en/fr,Client HTTP Playwright,HTTP,200 et données attendues ; 400 pour validation négative,"HTTP 400; id=None; count=None; {""error"":""Invalid room id""}",réussi,api-publiques-locales-cas-valides.json,,
SCN-0576,API,API,DELETE : contrat de mutation / cron,/api/account/api-keys/1,Base jetable et fixtures nécessaires,aucun,575af4390efbe9b658d1b3d9b47f2a9932b1fc03,n/a,Client HTTP Playwright,HTTP,"Validation, permissions, résultat et absence d’effets secondaires non autorisés",Requête non exécutée,bloqué,api-local-01.json,,Campagne ciblée autorisée dans un bac à sable ; fixtures de comptes/clé ; aucune exécution en production. Balayage de mutations refusé par revue automatique.
SCN-0577,API,API,POST : contrat de mutation / cron,/api/account/api-keys,Base jetable et fixtures nécessaires,aucun,575af4390efbe9b658d1b3d9b47f2a9932b1fc03,n/a,Client HTTP Playwright,HTTP,"Validation, permissions, résultat et absence d’effets secondaires non autorisés",Requête non exécutée,bloqué,api-local-01.json,,Campagne ciblée autorisée dans un bac à sable ; fixtures de comptes/clé ; aucune exécution en production. Balayage de mutations refusé par revue automatique.
SCN-0578,API,API,DELETE : contrat de mutation / cron,/api/account,Base jetable et fixtures nécessaires,aucun,575af4390efbe9b658d1b3d9b47f2a9932b1fc03,n/a,Client HTTP Playwright,HTTP,"Validation, permissions, résultat et absence d’effets secondaires non autorisés",Requête non exécutée,bloqué,api-local-01.json,,Campagne ciblée autorisée dans un bac à sable ; fixtures de comptes/clé ; aucune exécution en production. Balayage de mutations refusé par revue automatique.
SCN-0579,API,API,POST : contrat de mutation / cron,/api/analytics/product,Base jetable et fixtures nécessaires,aucun,575af4390efbe9b658d1b3d9b47f2a9932b1fc03,n/a,Client HTTP Playwright,HTTP,"Validation, permissions, résultat et absence d’effets secondaires non autorisés",Requête non exécutée,bloqué,api-local-01.json,,Campagne ciblée autorisée dans un bac à sable ; fixtures de comptes/clé ; aucune exécution en production. Balayage de mutations refusé par revue automatique.
SCN-0580,API,API,POST : contrat de mutation / cron,/api/auth/get-session,Base jetable et fixtures nécessaires,aucun,575af4390efbe9b658d1b3d9b47f2a9932b1fc03,n/a,Client HTTP Playwright,HTTP,"Validation, permissions, résultat et absence d’effets secondaires non autorisés",Requête non exécutée,bloqué,api-local-01.json,,Campagne ciblée autorisée dans un bac à sable ; fixtures de comptes/clé ; aucune exécution en production. Balayage de mutations refusé par revue automatique.
SCN-0581,API,API,PUT : contrat de mutation / cron,/api/auth/get-session,Base jetable et fixtures nécessaires,aucun,575af4390efbe9b658d1b3d9b47f2a9932b1fc03,n/a,Client HTTP Playwright,HTTP,"Validation, permissions, résultat et absence d’effets secondaires non autorisés",Requête non exécutée,bloqué,api-local-01.json,,Campagne ciblée autorisée dans un bac à sable ; fixtures de comptes/clé ; aucune exécution en production. Balayage de mutations refusé par revue automatique.
SCN-0582,API,API,DELETE : contrat de mutation / cron,/api/auth/get-session,Base jetable et fixtures nécessaires,aucun,575af4390efbe9b658d1b3d9b47f2a9932b1fc03,n/a,Client HTTP Playwright,HTTP,"Validation, permissions, résultat et absence d’effets secondaires non autorisés",Requête non exécutée,bloqué,api-local-01.json,,Campagne ciblée autorisée dans un bac à sable ; fixtures de comptes/clé ; aucune exécution en production. Balayage de mutations refusé par revue automatique.
SCN-0583,API,API,PATCH : contrat de mutation / cron,/api/auth/get-session,Base jetable et fixtures nécessaires,aucun,575af4390efbe9b658d1b3d9b47f2a9932b1fc03,n/a,Client HTTP Playwright,HTTP,"Validation, permissions, résultat et absence d’effets secondaires non autorisés",Requête non exécutée,bloqué,api-local-01.json,,Campagne ciblée autorisée dans un bac à sable ; fixtures de comptes/clé ; aucune exécution en production. Balayage de mutations refusé par revue automatique.
SCN-0584,API,API,POST : contrat de mutation / cron,/api/battle/room,Base jetable et fixtures nécessaires,aucun,575af4390efbe9b658d1b3d9b47f2a9932b1fc03,n/a,Client HTTP Playwright,HTTP,"Validation, permissions, résultat et absence d’effets secondaires non autorisés",Requête non exécutée,bloqué,api-local-01.json,,Campagne ciblée autorisée dans un bac à sable ; fixtures de comptes/clé ; aucune exécution en production. Balayage de mutations refusé par revue automatique.
SCN-0585,API,API,PATCH : contrat de mutation / cron,/api/battle/room,Base jetable et fixtures nécessaires,aucun,575af4390efbe9b658d1b3d9b47f2a9932b1fc03,n/a,Client HTTP Playwright,HTTP,"Validation, permissions, résultat et absence d’effets secondaires non autorisés",Requête non exécutée,bloqué,api-local-01.json,,Campagne ciblée autorisée dans un bac à sable ; fixtures de comptes/clé ; aucune exécution en production. Balayage de mutations refusé par revue automatique.
SCN-0586,API,API,POST : contrat de mutation / cron,/api/contact,Base jetable et fixtures nécessaires,aucun,575af4390efbe9b658d1b3d9b47f2a9932b1fc03,n/a,Client HTTP Playwright,HTTP,"Validation, permissions, résultat et absence d’effets secondaires non autorisés",Requête non exécutée,bloqué,api-local-01.json,,Campagne ciblée autorisée dans un bac à sable ; fixtures de comptes/clé ; aucune exécution en production. Balayage de mutations refusé par revue automatique.
SCN-0587,API,API,GET : contrat de mutation / cron,/api/cron/metrics-retention,Base jetable et fixtures nécessaires,aucun,575af4390efbe9b658d1b3d9b47f2a9932b1fc03,n/a,Client HTTP Playwright,HTTP,"Validation, permissions, résultat et absence d’effets secondaires non autorisés",Requête non exécutée,bloqué,api-cases.json,,Campagne ciblée autorisée dans un bac à sable ; fixtures de comptes/clé ; aucune exécution en production. Balayage de mutations refusé par revue automatique.
SCN-0588,API,API,GET : contrat de mutation / cron,/api/cron/tcg-sealed-sync,Base jetable et fixtures nécessaires,aucun,575af4390efbe9b658d1b3d9b47f2a9932b1fc03,n/a,Client HTTP Playwright,HTTP,"Validation, permissions, résultat et absence d’effets secondaires non autorisés",Requête non exécutée,bloqué,api-cases.json,,Campagne ciblée autorisée dans un bac à sable ; fixtures de comptes/clé ; aucune exécution en production. Balayage de mutations refusé par revue automatique.
SCN-0589,API,API,POST : contrat de mutation / cron,/api/friends,Base jetable et fixtures nécessaires,aucun,575af4390efbe9b658d1b3d9b47f2a9932b1fc03,n/a,Client HTTP Playwright,HTTP,"Validation, permissions, résultat et absence d’effets secondaires non autorisés",Requête non exécutée,bloqué,api-local-01.json,,Campagne ciblée autorisée dans un bac à sable ; fixtures de comptes/clé ; aucune exécution en production. Balayage de mutations refusé par revue automatique.
SCN-0590,API,API,PATCH : contrat de mutation / cron,/api/friends,Base jetable et fixtures nécessaires,aucun,575af4390efbe9b658d1b3d9b47f2a9932b1fc03,n/a,Client HTTP Playwright,HTTP,"Validation, permissions, résultat et absence d’effets secondaires non autorisés",Requête non exécutée,bloqué,api-local-01.json,,Campagne ciblée autorisée dans un bac à sable ; fixtures de comptes/clé ; aucune exécution en production. Balayage de mutations refusé par revue automatique.
SCN-0591,API,API,DELETE : contrat de mutation / cron,/api/friends,Base jetable et fixtures nécessaires,aucun,575af4390efbe9b658d1b3d9b47f2a9932b1fc03,n/a,Client HTTP Playwright,HTTP,"Validation, permissions, résultat et absence d’effets secondaires non autorisés",Requête non exécutée,bloqué,api-local-01.json,,Campagne ciblée autorisée dans un bac à sable ; fixtures de comptes/clé ; aucune exécution en production. Balayage de mutations refusé par revue automatique.
SCN-0592,API,API,PATCH : contrat de mutation / cron,/api/profile,Base jetable et fixtures nécessaires,aucun,575af4390efbe9b658d1b3d9b47f2a9932b1fc03,n/a,Client HTTP Playwright,HTTP,"Validation, permissions, résultat et absence d’effets secondaires non autorisés",Requête non exécutée,bloqué,api-local-01.json,,Campagne ciblée autorisée dans un bac à sable ; fixtures de comptes/clé ; aucune exécution en production. Balayage de mutations refusé par revue automatique.
SCN-0593,API,API,POST : contrat de mutation / cron,/api/push/send,Base jetable et fixtures nécessaires,aucun,575af4390efbe9b658d1b3d9b47f2a9932b1fc03,n/a,Client HTTP Playwright,HTTP,"Validation, permissions, résultat et absence d’effets secondaires non autorisés",Requête non exécutée,bloqué,api-local-01.json,,Campagne ciblée autorisée dans un bac à sable ; fixtures de comptes/clé ; aucune exécution en production. Balayage de mutations refusé par revue automatique.
SCN-0594,API,API,POST : contrat de mutation / cron,/api/push/subscription,Base jetable et fixtures nécessaires,aucun,575af4390efbe9b658d1b3d9b47f2a9932b1fc03,n/a,Client HTTP Playwright,HTTP,"Validation, permissions, résultat et absence d’effets secondaires non autorisés",Requête non exécutée,bloqué,api-local-01.json,,Campagne ciblée autorisée dans un bac à sable ; fixtures de comptes/clé ; aucune exécution en production. Balayage de mutations refusé par revue automatique.
SCN-0595,API,API,DELETE : contrat de mutation / cron,/api/push/subscription,Base jetable et fixtures nécessaires,aucun,575af4390efbe9b658d1b3d9b47f2a9932b1fc03,n/a,Client HTTP Playwright,HTTP,"Validation, permissions, résultat et absence d’effets secondaires non autorisés",Requête non exécutée,bloqué,api-local-01.json,,Campagne ciblée autorisée dans un bac à sable ; fixtures de comptes/clé ; aucune exécution en production. Balayage de mutations refusé par revue automatique.
SCN-0596,API,API,POST : contrat de mutation / cron,/api/quiz/attempt,Base jetable et fixtures nécessaires,aucun,575af4390efbe9b658d1b3d9b47f2a9932b1fc03,n/a,Client HTTP Playwright,HTTP,"Validation, permissions, résultat et absence d’effets secondaires non autorisés",Requête non exécutée,bloqué,api-local-01.json,,Campagne ciblée autorisée dans un bac à sable ; fixtures de comptes/clé ; aucune exécution en production. Balayage de mutations refusé par revue automatique.
SCN-0597,API,API,POST : contrat de mutation / cron,/api/quiz/leaderboard,Base jetable et fixtures nécessaires,aucun,575af4390efbe9b658d1b3d9b47f2a9932b1fc03,n/a,Client HTTP Playwright,HTTP,"Validation, permissions, résultat et absence d’effets secondaires non autorisés",Requête non exécutée,bloqué,api-local-01.json,,Campagne ciblée autorisée dans un bac à sable ; fixtures de comptes/clé ; aucune exécution en production. Balayage de mutations refusé par revue automatique.
SCN-0598,API,API,POST : contrat de mutation / cron,/api/tcg/price-alerts,Base jetable et fixtures nécessaires,aucun,575af4390efbe9b658d1b3d9b47f2a9932b1fc03,n/a,Client HTTP Playwright,HTTP,"Validation, permissions, résultat et absence d’effets secondaires non autorisés",Requête non exécutée,bloqué,api-local-01.json,,Campagne ciblée autorisée dans un bac à sable ; fixtures de comptes/clé ; aucune exécution en production. Balayage de mutations refusé par revue automatique.
SCN-0599,API,API,DELETE : contrat de mutation / cron,/api/tcg/price-alerts,Base jetable et fixtures nécessaires,aucun,575af4390efbe9b658d1b3d9b47f2a9932b1fc03,n/a,Client HTTP Playwright,HTTP,"Validation, permissions, résultat et absence d’effets secondaires non autorisés",Requête non exécutée,bloqué,api-local-01.json,,Campagne ciblée autorisée dans un bac à sable ; fixtures de comptes/clé ; aucune exécution en production. Balayage de mutations refusé par revue automatique.
SCN-0600,API,API,PATCH : contrat de mutation / cron,/api/tcg/price-alerts,Base jetable et fixtures nécessaires,aucun,575af4390efbe9b658d1b3d9b47f2a9932b1fc03,n/a,Client HTTP Playwright,HTTP,"Validation, permissions, résultat et absence d’effets secondaires non autorisés",Requête non exécutée,bloqué,api-local-01.json,,Campagne ciblée autorisée dans un bac à sable ; fixtures de comptes/clé ; aucune exécution en production. Balayage de mutations refusé par revue automatique.
SCN-0601,API,API,POST : contrat de mutation / cron,/api/tcg/saved-searches,Base jetable et fixtures nécessaires,aucun,575af4390efbe9b658d1b3d9b47f2a9932b1fc03,n/a,Client HTTP Playwright,HTTP,"Validation, permissions, résultat et absence d’effets secondaires non autorisés",Requête non exécutée,bloqué,api-local-01.json,,Campagne ciblée autorisée dans un bac à sable ; fixtures de comptes/clé ; aucune exécution en production. Balayage de mutations refusé par revue automatique.
SCN-0602,API,API,DELETE : contrat de mutation / cron,/api/tcg/saved-searches,Base jetable et fixtures nécessaires,aucun,575af4390efbe9b658d1b3d9b47f2a9932b1fc03,n/a,Client HTTP Playwright,HTTP,"Validation, permissions, résultat et absence d’effets secondaires non autorisés",Requête non exécutée,bloqué,api-local-01.json,,Campagne ciblée autorisée dans un bac à sable ; fixtures de comptes/clé ; aucune exécution en production. Balayage de mutations refusé par revue automatique.
SCN-0603,API,API,PUT : contrat de mutation / cron,/api/tcg/sealed/aliases/1,Base jetable et fixtures nécessaires,aucun,575af4390efbe9b658d1b3d9b47f2a9932b1fc03,n/a,Client HTTP Playwright,HTTP,"Validation, permissions, résultat et absence d’effets secondaires non autorisés",Requête non exécutée,bloqué,api-local-01.json,,Campagne ciblée autorisée dans un bac à sable ; fixtures de comptes/clé ; aucune exécution en production. Balayage de mutations refusé par revue automatique.
SCN-0604,API,API,DELETE : contrat de mutation / cron,/api/tcg/sealed/aliases/1,Base jetable et fixtures nécessaires,aucun,575af4390efbe9b658d1b3d9b47f2a9932b1fc03,n/a,Client HTTP Playwright,HTTP,"Validation, permissions, résultat et absence d’effets secondaires non autorisés",Requête non exécutée,bloqué,api-local-01.json,,Campagne ciblée autorisée dans un bac à sable ; fixtures de comptes/clé ; aucune exécution en production. Balayage de mutations refusé par revue automatique.
SCN-0605,API,API,POST : contrat de mutation / cron,/api/tcg/sealed/sources,Base jetable et fixtures nécessaires,aucun,575af4390efbe9b658d1b3d9b47f2a9932b1fc03,n/a,Client HTTP Playwright,HTTP,"Validation, permissions, résultat et absence d’effets secondaires non autorisés",Requête non exécutée,bloqué,api-local-01.json,,Campagne ciblée autorisée dans un bac à sable ; fixtures de comptes/clé ; aucune exécution en production. Balayage de mutations refusé par revue automatique.
SCN-0606,API,API,PATCH : contrat de mutation / cron,/api/tcg/sealed/transactions/1,Base jetable et fixtures nécessaires,aucun,575af4390efbe9b658d1b3d9b47f2a9932b1fc03,n/a,Client HTTP Playwright,HTTP,"Validation, permissions, résultat et absence d’effets secondaires non autorisés",Requête non exécutée,bloqué,api-local-01.json,,Campagne ciblée autorisée dans un bac à sable ; fixtures de comptes/clé ; aucune exécution en production. Balayage de mutations refusé par revue automatique.
SCN-0607,API,API,POST : contrat de mutation / cron,/api/tcg/sealed/transactions/1/void,Base jetable et fixtures nécessaires,aucun,575af4390efbe9b658d1b3d9b47f2a9932b1fc03,n/a,Client HTTP Playwright,HTTP,"Validation, permissions, résultat et absence d’effets secondaires non autorisés",Requête non exécutée,bloqué,api-local-01.json,,Campagne ciblée autorisée dans un bac à sable ; fixtures de comptes/clé ; aucune exécution en production. Balayage de mutations refusé par revue automatique.
SCN-0608,API,API,POST : contrat de mutation / cron,/api/tcg/sealed/transactions,Base jetable et fixtures nécessaires,aucun,575af4390efbe9b658d1b3d9b47f2a9932b1fc03,n/a,Client HTTP Playwright,HTTP,"Validation, permissions, résultat et absence d’effets secondaires non autorisés",Requête non exécutée,bloqué,api-local-01.json,,Campagne ciblée autorisée dans un bac à sable ; fixtures de comptes/clé ; aucune exécution en production. Balayage de mutations refusé par revue automatique.
SCN-0609,API,API,POST : contrat de mutation / cron,/api/tcg/user-cards,Base jetable et fixtures nécessaires,aucun,575af4390efbe9b658d1b3d9b47f2a9932b1fc03,n/a,Client HTTP Playwright,HTTP,"Validation, permissions, résultat et absence d’effets secondaires non autorisés",Requête non exécutée,bloqué,api-local-01.json,,Campagne ciblée autorisée dans un bac à sable ; fixtures de comptes/clé ; aucune exécution en production. Balayage de mutations refusé par revue automatique.
SCN-0610,API,API,PATCH : contrat de mutation / cron,/api/tcg/user-cards,Base jetable et fixtures nécessaires,aucun,575af4390efbe9b658d1b3d9b47f2a9932b1fc03,n/a,Client HTTP Playwright,HTTP,"Validation, permissions, résultat et absence d’effets secondaires non autorisés",Requête non exécutée,bloqué,api-local-01.json,,Campagne ciblée autorisée dans un bac à sable ; fixtures de comptes/clé ; aucune exécution en production. Balayage de mutations refusé par revue automatique.
SCN-0611,API,API,DELETE : contrat de mutation / cron,/api/tcg/user-cards,Base jetable et fixtures nécessaires,aucun,575af4390efbe9b658d1b3d9b47f2a9932b1fc03,n/a,Client HTTP Playwright,HTTP,"Validation, permissions, résultat et absence d’effets secondaires non autorisés",Requête non exécutée,bloqué,api-local-01.json,,Campagne ciblée autorisée dans un bac à sable ; fixtures de comptes/clé ; aucune exécution en production. Balayage de mutations refusé par revue automatique.
SCN-0612,API,API,PUT : contrat de mutation / cron,/api/user-state,Base jetable et fixtures nécessaires,aucun,575af4390efbe9b658d1b3d9b47f2a9932b1fc03,n/a,Client HTTP Playwright,HTTP,"Validation, permissions, résultat et absence d’effets secondaires non autorisés",Requête non exécutée,bloqué,api-local-01.json,,Campagne ciblée autorisée dans un bac à sable ; fixtures de comptes/clé ; aucune exécution en production. Balayage de mutations refusé par revue automatique.
SCN-0613,API,API,PUT : contrat de mutation / cron,/api/v1/cards/sv03.5-199,Base jetable et fixtures nécessaires,aucun,575af4390efbe9b658d1b3d9b47f2a9932b1fc03,n/a,Client HTTP Playwright,HTTP,"Validation, permissions, résultat et absence d’effets secondaires non autorisés",Requête non exécutée,bloqué,api-local-01.json,,Campagne ciblée autorisée dans un bac à sable ; fixtures de comptes/clé ; aucune exécution en production. Balayage de mutations refusé par revue automatique.
SCN-0614,API,API,PATCH : contrat de mutation / cron,/api/v1/sealed/transactions/1,Base jetable et fixtures nécessaires,aucun,575af4390efbe9b658d1b3d9b47f2a9932b1fc03,n/a,Client HTTP Playwright,HTTP,"Validation, permissions, résultat et absence d’effets secondaires non autorisés",Requête non exécutée,bloqué,api-local-01.json,,Campagne ciblée autorisée dans un bac à sable ; fixtures de comptes/clé ; aucune exécution en production. Balayage de mutations refusé par revue automatique.
SCN-0615,API,API,POST : contrat de mutation / cron,/api/v1/sealed/transactions/1/void,Base jetable et fixtures nécessaires,aucun,575af4390efbe9b658d1b3d9b47f2a9932b1fc03,n/a,Client HTTP Playwright,HTTP,"Validation, permissions, résultat et absence d’effets secondaires non autorisés",Requête non exécutée,bloqué,api-local-01.json,,Campagne ciblée autorisée dans un bac à sable ; fixtures de comptes/clé ; aucune exécution en production. Balayage de mutations refusé par revue automatique.
SCN-0616,API,API,POST : contrat de mutation / cron,/api/v1/sealed/transactions,Base jetable et fixtures nécessaires,aucun,575af4390efbe9b658d1b3d9b47f2a9932b1fc03,n/a,Client HTTP Playwright,HTTP,"Validation, permissions, résultat et absence d’effets secondaires non autorisés",Requête non exécutée,bloqué,api-local-01.json,,Campagne ciblée autorisée dans un bac à sable ; fixtures de comptes/clé ; aucune exécution en production. Balayage de mutations refusé par revue automatique.
SCN-0617,Système,Navigation et contenus,Document système ou redirection,/robots.txt,Sans authentification ; GET sans effet métier,production,575af4390efbe9b658d1b3d9b47f2a9932b1fc03,n/a,Client HTTP Playwright,HTTP,"401 pour ressource personnelle / clé absente, 200 pour documentation publique ; 200/308 pour documents et redirections","HTTP 200; destination=; User-Agent: *
Allow: /
Allow: /api/og/
Disallow: /api/

User-Agent: ClaudeBot
Allow: /
Allow: /api/og/
Disallow: /api/
Disallow: /",réussi,systeme-et-api-lecture-production.json,,
SCN-0618,Système,Navigation et contenus,Document système ou redirection,/manifest.webmanifest,Sans authentification ; GET sans effet métier,production,575af4390efbe9b658d1b3d9b47f2a9932b1fc03,n/a,Client HTTP Playwright,HTTP,"401 pour ressource personnelle / clé absente, 200 pour documentation publique ; 200/308 pour documents et redirections","HTTP 200; destination=; {""name"":""Lunidex — Pokémon TCG collection tracker"",""short_name"":""Lunidex"",""description"":""Track Pokémon TCG sets, owned and missing",réussi,systeme-et-api-lecture-production.json,,
SCN-0619,Système,Navigation et contenus,Document système ou redirection,/opensearch.xml,Sans authentification ; GET sans effet métier,production,575af4390efbe9b658d1b3d9b47f2a9932b1fc03,n/a,Client HTTP Playwright,HTTP,"401 pour ressource personnelle / clé absente, 200 pour documentation publique ; 200/308 pour documents et redirections","HTTP 200; destination=; <?xml version=""1.0"" encoding=""UTF-8""?>
<OpenSearchDescription xmlns=""http://a9.com/-/spec/opensearch/1.1/"">
  <ShortName>Lunidex</",réussi,systeme-et-api-lecture-production.json,,
SCN-0620,Système,Navigation et contenus,Document système ou redirection,/llms.txt,Sans authentification ; GET sans effet métier,production,575af4390efbe9b658d1b3d9b47f2a9932b1fc03,n/a,Client HTTP Playwright,HTTP,"401 pour ressource personnelle / clé absente, 200 pour documentation publique ; 200/308 pour documents et redirections","HTTP 200; destination=; # Lunidex

> Lunidex is an independent, open-source, free-to-use, unofficial Pokémon web application and Pokémon TCG workspace. It",réussi,systeme-et-api-lecture-production.json,,
SCN-0621,Système,Navigation et contenus,Document système ou redirection,/llms-full.txt,Sans authentification ; GET sans effet métier,production,575af4390efbe9b658d1b3d9b47f2a9932b1fc03,n/a,Client HTTP Playwright,HTTP,"401 pour ressource personnelle / clé absente, 200 pour documentation publique ; 200/308 pour documents et redirections","HTTP 200; destination=; # Lunidex — grounding snapshot
# Reviewed against the application source: 2026-09-28
# This file is a factual navigation and entit",réussi,systeme-et-api-lecture-production.json,,
SCN-0622,Système,Navigation et contenus,Document système ou redirection,/ai.txt,Sans authentification ; GET sans effet métier,production,575af4390efbe9b658d1b3d9b47f2a9932b1fc03,n/a,Client HTTP Playwright,HTTP,"401 pour ressource personnelle / clé absente, 200 pour documentation publique ; 200/308 pour documents et redirections","HTTP 200; destination=; # AI discovery notes — Lunidex
# https://lunidex.app/ai.txt
# This informational file supplements robots.txt. It is not a replacem",réussi,systeme-et-api-lecture-production.json,,
SCN-0623,Système,Navigation et contenus,Document système ou redirection,/sitemap.xml,Sans authentification ; GET sans effet métier,production,575af4390efbe9b658d1b3d9b47f2a9932b1fc03,n/a,Client HTTP Playwright,HTTP,"401 pour ressource personnelle / clé absente, 200 pour documentation publique ; 200/308 pour documents et redirections","HTTP 200; destination=; <?xml version=""1.0"" encoding=""UTF-8""?>
<sitemapindex xmlns=""http://www.sitemaps.org/schemas/sitemap/0.9"">
  <sitemap><loc>https://",réussi,systeme-et-api-lecture-production.json,,
SCN-0624,Système,Navigation et contenus,Document système ou redirection,/go/audit-test,Sans authentification ; GET sans effet métier,production,575af4390efbe9b658d1b3d9b47f2a9932b1fc03,n/a,Client HTTP Playwright,HTTP,"401 pour ressource personnelle / clé absente, 200 pour documentation publique ; 200/308 pour documents et redirections","HTTP 308; destination=/fr/go/audit-test; Redirecting...
",réussi,systeme-et-api-lecture-production.json,,
SCN-0625,Système,Navigation et contenus,Document système ou redirection,/go/INVALID___,Sans authentification ; GET sans effet métier,production,575af4390efbe9b658d1b3d9b47f2a9932b1fc03,n/a,Client HTTP Playwright,HTTP,"401 pour ressource personnelle / clé absente, 200 pour documentation publique ; 200/308 pour documents et redirections","HTTP 308; destination=/fr/go/INVALID___; Redirecting...
",réussi,systeme-et-api-lecture-production.json,,
SCN-0626,Système,Références Pokémon,Document système ou redirection,/pokedex,Sans authentification ; GET sans effet métier,production,575af4390efbe9b658d1b3d9b47f2a9932b1fc03,n/a,Client HTTP Playwright,HTTP,"401 pour ressource personnelle / clé absente, 200 pour documentation publique ; 200/308 pour documents et redirections","HTTP 308; destination=/fr/pokedex; Redirecting...
",réussi,systeme-et-api-lecture-production.json,,
SCN-0627,Système,Navigation et contenus,Document système ou redirection,/xx/pokedex,Sans authentification ; GET sans effet métier,production,575af4390efbe9b658d1b3d9b47f2a9932b1fc03,n/a,Client HTTP Playwright,HTTP,"401 pour ressource personnelle / clé absente, 200 pour documentation publique ; 200/308 pour documents et redirections","HTTP 308; destination=/fr/xx/pokedex; Redirecting...
",réussi,systeme-et-api-lecture-production.json,,
SCN-0628,Système,Compte et espace personnel,Document système ou redirection,/fr/auth/reset-password?token=invalide,Sans authentification ; GET sans effet métier,production,575af4390efbe9b658d1b3d9b47f2a9932b1fc03,n/a,Client HTTP Playwright,HTTP,"401 pour ressource personnelle / clé absente, 200 pour documentation publique ; 200/308 pour documents et redirections","HTTP 200; destination=; <!DOCTYPE html><html data-dpl-id=""dpl_55uPXcXdnhC3DbPYG36ocpV6tzon"" lang=""fr"" class=""font-body __variable_fb3440 __variable_eff0f4",réussi,systeme-et-api-lecture-production.json,,
SCN-0629,API,API,Lecture HTTP anonyme,/api/user-state,Sans authentification ; GET sans effet métier,production,575af4390efbe9b658d1b3d9b47f2a9932b1fc03,n/a,Client HTTP Playwright,HTTP,"401 pour ressource personnelle / clé absente, 200 pour documentation publique ; 200/308 pour documents et redirections","HTTP 401; destination=; {""error"":""Authentication required""}",réussi,systeme-et-api-lecture-production.json,,
SCN-0630,API,API,Lecture HTTP anonyme,/api/account/export,Sans authentification ; GET sans effet métier,production,575af4390efbe9b658d1b3d9b47f2a9932b1fc03,n/a,Client HTTP Playwright,HTTP,"401 pour ressource personnelle / clé absente, 200 pour documentation publique ; 200/308 pour documents et redirections","HTTP 401; destination=; {""error"":""Authentication required""}",réussi,systeme-et-api-lecture-production.json,,
SCN-0631,API,API,Lecture HTTP anonyme,/api/account/api-keys,Sans authentification ; GET sans effet métier,production,575af4390efbe9b658d1b3d9b47f2a9932b1fc03,n/a,Client HTTP Playwright,HTTP,"401 pour ressource personnelle / clé absente, 200 pour documentation publique ; 200/308 pour documents et redirections","HTTP 401; destination=; {""error"":{""code"":""AUTHENTICATION_REQUIRED"",""message"":""Sign in to manage API keys.""}}",réussi,systeme-et-api-lecture-production.json,,
SCN-0632,API,API,Lecture HTTP anonyme,/api/friends,Sans authentification ; GET sans effet métier,production,575af4390efbe9b658d1b3d9b47f2a9932b1fc03,n/a,Client HTTP Playwright,HTTP,"401 pour ressource personnelle / clé absente, 200 pour documentation publique ; 200/308 pour documents et redirections","HTTP 401; destination=; {""error"":""Authentication required""}",réussi,systeme-et-api-lecture-production.json,,
SCN-0633,API,API,Lecture HTTP anonyme,/api/profile,Sans authentification ; GET sans effet métier,production,575af4390efbe9b658d1b3d9b47f2a9932b1fc03,n/a,Client HTTP Playwright,HTTP,"401 pour ressource personnelle / clé absente, 200 pour documentation publique ; 200/308 pour documents et redirections","HTTP 401; destination=; {""error"":""Authentication required""}",réussi,systeme-et-api-lecture-production.json,,
SCN-0634,API,API,Lecture HTTP anonyme,/api/v1/me,Sans authentification ; GET sans effet métier,production,575af4390efbe9b658d1b3d9b47f2a9932b1fc03,n/a,Client HTTP Playwright,HTTP,"401 pour ressource personnelle / clé absente, 200 pour documentation publique ; 200/308 pour documents et redirections","HTTP 401; destination=; {""error"":{""code"":""INVALID_API_KEY"",""message"":""A valid Lunidex API key is required.""}}",réussi,systeme-et-api-lecture-production.json,,
SCN-0635,API,API,Lecture HTTP anonyme,/api/v1/cards,Sans authentification ; GET sans effet métier,production,575af4390efbe9b658d1b3d9b47f2a9932b1fc03,n/a,Client HTTP Playwright,HTTP,"401 pour ressource personnelle / clé absente, 200 pour documentation publique ; 200/308 pour documents et redirections","HTTP 401; destination=; {""error"":{""code"":""INVALID_API_KEY"",""message"":""A valid Lunidex API key is required.""}}",réussi,systeme-et-api-lecture-production.json,,
SCN-0636,API,API,Lecture HTTP anonyme,/api/v1/openapi.json,Sans authentification ; GET sans effet métier,production,575af4390efbe9b658d1b3d9b47f2a9932b1fc03,n/a,Client HTTP Playwright,HTTP,"401 pour ressource personnelle / clé absente, 200 pour documentation publique ; 200/308 pour documents et redirections","HTTP 200; destination=; {""openapi"":""3.1.0"",""info"":{""title"":""Lunidex Public API"",""version"":""1.0.0"",""description"":""API for data synchronized to a Lunidex ac",réussi,systeme-et-api-lecture-production.json,,
SCN-0637,Système,Navigation et contenus,Sitemap annoncé : disponibilité et XML non vide,https://lunidex.app/sitemaps/static.xml,Visiteur ; session dédiée sans compte,production,575af4390efbe9b658d1b3d9b47f2a9932b1fc03,n/a,Client HTTP Playwright,HTTP,"HTTP 200, XML et au moins une URL",HTTP 200; 27 URL; 23113 caractères,réussi,sitemaps-01.json,,
SCN-0638,Système,Navigation et contenus,Sitemap annoncé : disponibilité et XML non vide,https://lunidex.app/sitemaps/static-fr.xml,Visiteur ; session dédiée sans compte,production,575af4390efbe9b658d1b3d9b47f2a9932b1fc03,n/a,Client HTTP Playwright,HTTP,"HTTP 200, XML et au moins une URL",HTTP 200; 27 URL; 23113 caractères,réussi,sitemaps-01.json,,
SCN-0639,Système,Navigation et contenus,Sitemap annoncé : disponibilité et XML non vide,https://lunidex.app/sitemaps/static-es.xml,Visiteur ; session dédiée sans compte,production,575af4390efbe9b658d1b3d9b47f2a9932b1fc03,n/a,Client HTTP Playwright,HTTP,"HTTP 200, XML et au moins une URL",HTTP 200; 26 URL; 22712 caractères,réussi,sitemaps-01.json,,
SCN-0640,Système,Navigation et contenus,Sitemap annoncé : disponibilité et XML non vide,https://lunidex.app/sitemaps/static-de.xml,Visiteur ; session dédiée sans compte,production,575af4390efbe9b658d1b3d9b47f2a9932b1fc03,n/a,Client HTTP Playwright,HTTP,"HTTP 200, XML et au moins une URL",HTTP 200; 26 URL; 22712 caractères,réussi,sitemaps-01.json,,
SCN-0641,Système,Navigation et contenus,Sitemap annoncé : disponibilité et XML non vide,https://lunidex.app/sitemaps/static-it.xml,Visiteur ; session dédiée sans compte,production,575af4390efbe9b658d1b3d9b47f2a9932b1fc03,n/a,Client HTTP Playwright,HTTP,"HTTP 200, XML et au moins une URL",HTTP 200; 26 URL; 22712 caractères,réussi,sitemaps-01.json,,
SCN-0642,Système,Navigation et contenus,Sitemap annoncé : disponibilité et XML non vide,https://lunidex.app/sitemaps/static-ja.xml,Visiteur ; session dédiée sans compte,production,575af4390efbe9b658d1b3d9b47f2a9932b1fc03,n/a,Client HTTP Playwright,HTTP,"HTTP 200, XML et au moins une URL",HTTP 200; 26 URL; 22712 caractères,réussi,sitemaps-01.json,,
SCN-0643,Système,Navigation et contenus,Sitemap annoncé : disponibilité et XML non vide,https://lunidex.app/sitemaps/static-ko.xml,Visiteur ; session dédiée sans compte,production,575af4390efbe9b658d1b3d9b47f2a9932b1fc03,n/a,Client HTTP Playwright,HTTP,"HTTP 200, XML et au moins une URL",HTTP 200; 26 URL; 22712 caractères,réussi,sitemaps-01.json,,
SCN-0644,Système,Navigation et contenus,Sitemap annoncé : disponibilité et XML non vide,https://lunidex.app/sitemaps/static-zh.xml,Visiteur ; session dédiée sans compte,production,575af4390efbe9b658d1b3d9b47f2a9932b1fc03,n/a,Client HTTP Playwright,HTTP,"HTTP 200, XML et au moins une URL",HTTP 200; 26 URL; 22712 caractères,réussi,sitemaps-01.json,,
SCN-0645,Système,Navigation et contenus,Sitemap annoncé : disponibilité et XML non vide,https://lunidex.app/sitemaps/guides.xml,Visiteur ; session dédiée sans compte,production,575af4390efbe9b658d1b3d9b47f2a9932b1fc03,n/a,Client HTTP Playwright,HTTP,"HTTP 200, XML et au moins une URL",HTTP 200; 20 URL; 12482 caractères,réussi,sitemaps-01.json,,
SCN-0646,Système,Navigation et contenus,Sitemap annoncé : disponibilité et XML non vide,https://lunidex.app/sitemaps/guides-fr.xml,Visiteur ; session dédiée sans compte,production,575af4390efbe9b658d1b3d9b47f2a9932b1fc03,n/a,Client HTTP Playwright,HTTP,"HTTP 200, XML et au moins une URL",HTTP 200; 20 URL; 12482 caractères,réussi,sitemaps-01.json,,
SCN-0647,Système,Navigation et contenus,Sitemap annoncé : disponibilité et XML non vide,https://lunidex.app/sitemaps/guides-es.xml,Visiteur ; session dédiée sans compte,production,575af4390efbe9b658d1b3d9b47f2a9932b1fc03,n/a,Client HTTP Playwright,HTTP,"HTTP 200, XML et au moins une URL",HTTP 200; 5 URL; 5627 caractères,réussi,sitemaps-01.json,,
SCN-0648,Système,Navigation et contenus,Sitemap annoncé : disponibilité et XML non vide,https://lunidex.app/sitemaps/guides-de.xml,Visiteur ; session dédiée sans compte,production,575af4390efbe9b658d1b3d9b47f2a9932b1fc03,n/a,Client HTTP Playwright,HTTP,"HTTP 200, XML et au moins une URL",HTTP 200; 5 URL; 5627 caractères,réussi,sitemaps-01.json,,
SCN-0649,Système,Navigation et contenus,Sitemap annoncé : disponibilité et XML non vide,https://lunidex.app/sitemaps/guides-it.xml,Visiteur ; session dédiée sans compte,production,575af4390efbe9b658d1b3d9b47f2a9932b1fc03,n/a,Client HTTP Playwright,HTTP,"HTTP 200, XML et au moins une URL",HTTP 200; 5 URL; 5627 caractères,réussi,sitemaps-01.json,,
SCN-0650,Système,Navigation et contenus,Sitemap annoncé : disponibilité et XML non vide,https://lunidex.app/sitemaps/guides-ja.xml,Visiteur ; session dédiée sans compte,production,575af4390efbe9b658d1b3d9b47f2a9932b1fc03,n/a,Client HTTP Playwright,HTTP,"HTTP 200, XML et au moins une URL",HTTP 200; 5 URL; 5627 caractères,réussi,sitemaps-01.json,,
SCN-0651,Système,Navigation et contenus,Sitemap annoncé : disponibilité et XML non vide,https://lunidex.app/sitemaps/guides-ko.xml,Visiteur ; session dédiée sans compte,production,575af4390efbe9b658d1b3d9b47f2a9932b1fc03,n/a,Client HTTP Playwright,HTTP,"HTTP 200, XML et au moins une URL",HTTP 200; 5 URL; 5627 caractères,réussi,sitemaps-01.json,,
SCN-0652,Système,Navigation et contenus,Sitemap annoncé : disponibilité et XML non vide,https://lunidex.app/sitemaps/guides-zh.xml,Visiteur ; session dédiée sans compte,production,575af4390efbe9b658d1b3d9b47f2a9932b1fc03,n/a,Client HTTP Playwright,HTTP,"HTTP 200, XML et au moins une URL",HTTP 200; 5 URL; 5627 caractères,réussi,sitemaps-01.json,,
SCN-0653,Système,Navigation et contenus,Sitemap annoncé : disponibilité et XML non vide,https://lunidex.app/sitemaps/pokemon.xml,Visiteur ; session dédiée sans compte,production,575af4390efbe9b658d1b3d9b47f2a9932b1fc03,n/a,Client HTTP Playwright,HTTP,"HTTP 200, XML et au moins une URL",HTTP 200; 1351 URL; 1295975 caractères,réussi,sitemaps-01.json,,
SCN-0654,Système,Navigation et contenus,Sitemap annoncé : disponibilité et XML non vide,https://lunidex.app/sitemaps/pokemon-fr.xml,Visiteur ; session dédiée sans compte,production,575af4390efbe9b658d1b3d9b47f2a9932b1fc03,n/a,Client HTTP Playwright,HTTP,"HTTP 200, XML et au moins une URL",HTTP 200; 1351 URL; 1295975 caractères,réussi,sitemaps-01.json,,
SCN-0655,Système,Navigation et contenus,Sitemap annoncé : disponibilité et XML non vide,https://lunidex.app/sitemaps/pokemon-es.xml,Visiteur ; session dédiée sans compte,production,575af4390efbe9b658d1b3d9b47f2a9932b1fc03,n/a,Client HTTP Playwright,HTTP,"HTTP 200, XML et au moins une URL",HTTP 200; 1351 URL; 1295975 caractères,réussi,sitemaps-01.json,,
SCN-0656,Système,Navigation et contenus,Sitemap annoncé : disponibilité et XML non vide,https://lunidex.app/sitemaps/pokemon-de.xml,Visiteur ; session dédiée sans compte,production,575af4390efbe9b658d1b3d9b47f2a9932b1fc03,n/a,Client HTTP Playwright,HTTP,"HTTP 200, XML et au moins une URL",HTTP 200; 1351 URL; 1295975 caractères,réussi,sitemaps-01.json,,
SCN-0657,Système,Navigation et contenus,Sitemap annoncé : disponibilité et XML non vide,https://lunidex.app/sitemaps/pokemon-it.xml,Visiteur ; session dédiée sans compte,production,575af4390efbe9b658d1b3d9b47f2a9932b1fc03,n/a,Client HTTP Playwright,HTTP,"HTTP 200, XML et au moins une URL",HTTP 200; 1351 URL; 1295975 caractères,réussi,sitemaps-01.json,,
SCN-0658,Système,Navigation et contenus,Sitemap annoncé : disponibilité et XML non vide,https://lunidex.app/sitemaps/pokemon-ja.xml,Visiteur ; session dédiée sans compte,production,575af4390efbe9b658d1b3d9b47f2a9932b1fc03,n/a,Client HTTP Playwright,HTTP,"HTTP 200, XML et au moins une URL",HTTP 200; 1351 URL; 1295975 caractères,réussi,sitemaps-01.json,,
SCN-0659,Système,Navigation et contenus,Sitemap annoncé : disponibilité et XML non vide,https://lunidex.app/sitemaps/pokemon-ko.xml,Visiteur ; session dédiée sans compte,production,575af4390efbe9b658d1b3d9b47f2a9932b1fc03,n/a,Client HTTP Playwright,HTTP,"HTTP 200, XML et au moins une URL",HTTP 200; 1351 URL; 1295975 caractères,réussi,sitemaps-01.json,,
SCN-0660,Système,Navigation et contenus,Sitemap annoncé : disponibilité et XML non vide,https://lunidex.app/sitemaps/pokemon-zh.xml,Visiteur ; session dédiée sans compte,production,575af4390efbe9b658d1b3d9b47f2a9932b1fc03,n/a,Client HTTP Playwright,HTTP,"HTTP 200, XML et au moins une URL",HTTP 200; 1351 URL; 1295975 caractères,réussi,sitemaps-01.json,,
SCN-0661,Système,TCG,Sitemap annoncé : disponibilité et XML non vide,https://lunidex.app/sitemaps/tcg-sets.xml,Visiteur ; session dédiée sans compte,production,575af4390efbe9b658d1b3d9b47f2a9932b1fc03,n/a,Client HTTP Playwright,HTTP,"HTTP 200, XML et au moins une URL",HTTP 200; 214 URL; 196684 caractères,réussi,sitemaps-01.json,,
SCN-0662,Système,TCG,Sitemap annoncé : disponibilité et XML non vide,https://lunidex.app/sitemaps/tcg-sets-fr.xml,Visiteur ; session dédiée sans compte,production,575af4390efbe9b658d1b3d9b47f2a9932b1fc03,n/a,Client HTTP Playwright,HTTP,"HTTP 200, XML et au moins une URL",HTTP 200; 214 URL; 196684 caractères,réussi,sitemaps-01.json,,
SCN-0663,Système,TCG,Sitemap annoncé : disponibilité et XML non vide,https://lunidex.app/sitemaps/tcg-sets-es.xml,Visiteur ; session dédiée sans compte,production,575af4390efbe9b658d1b3d9b47f2a9932b1fc03,n/a,Client HTTP Playwright,HTTP,"HTTP 200, XML et au moins une URL",HTTP 200; 214 URL; 196684 caractères,réussi,sitemaps-01.json,,
SCN-0664,Système,TCG,Sitemap annoncé : disponibilité et XML non vide,https://lunidex.app/sitemaps/tcg-sets-de.xml,Visiteur ; session dédiée sans compte,production,575af4390efbe9b658d1b3d9b47f2a9932b1fc03,n/a,Client HTTP Playwright,HTTP,"HTTP 200, XML et au moins une URL",HTTP 200; 214 URL; 196684 caractères,réussi,sitemaps-01.json,,
SCN-0665,Système,TCG,Sitemap annoncé : disponibilité et XML non vide,https://lunidex.app/sitemaps/tcg-sets-it.xml,Visiteur ; session dédiée sans compte,production,575af4390efbe9b658d1b3d9b47f2a9932b1fc03,n/a,Client HTTP Playwright,HTTP,"HTTP 200, XML et au moins une URL",HTTP 200; 214 URL; 196684 caractères,réussi,sitemaps-01.json,,
SCN-0666,Système,TCG,Sitemap annoncé : disponibilité et XML non vide,https://lunidex.app/sitemaps/tcg-sets-ja.xml,Visiteur ; session dédiée sans compte,production,575af4390efbe9b658d1b3d9b47f2a9932b1fc03,n/a,Client HTTP Playwright,HTTP,"HTTP 200, XML et au moins une URL",HTTP 200; 214 URL; 196684 caractères,réussi,sitemaps-01.json,,
SCN-0667,Système,TCG,Sitemap annoncé : disponibilité et XML non vide,https://lunidex.app/sitemaps/tcg-sets-ko.xml,Visiteur ; session dédiée sans compte,production,575af4390efbe9b658d1b3d9b47f2a9932b1fc03,n/a,Client HTTP Playwright,HTTP,"HTTP 200, XML et au moins une URL",HTTP 200; 214 URL; 196684 caractères,réussi,sitemaps-01.json,,
SCN-0668,Système,TCG,Sitemap annoncé : disponibilité et XML non vide,https://lunidex.app/sitemaps/tcg-sets-zh.xml,Visiteur ; session dédiée sans compte,production,575af4390efbe9b658d1b3d9b47f2a9932b1fc03,n/a,Client HTTP Playwright,HTTP,"HTTP 200, XML et au moins une URL",HTTP 200; 214 URL; 196684 caractères,réussi,sitemaps-01.json,,
SCN-0669,Système,TCG,Sitemap annoncé : disponibilité et XML non vide,https://lunidex.app/sitemaps/tcg-cards.xml,Visiteur ; session dédiée sans compte,production,575af4390efbe9b658d1b3d9b47f2a9932b1fc03,n/a,Client HTTP Playwright,HTTP,"HTTP 200, XML et au moins une URL",HTTP 200; 5934 URL; 5639224 caractères,réussi,sitemaps-02.json,,
SCN-0670,Système,TCG,Sitemap annoncé : disponibilité et XML non vide,https://lunidex.app/sitemaps/tcg-cards-2.xml,Visiteur ; session dédiée sans compte,production,575af4390efbe9b658d1b3d9b47f2a9932b1fc03,n/a,Client HTTP Playwright,HTTP,"HTTP 200, XML et au moins une URL",HTTP 200; 5934 URL; 5666424 caractères,réussi,sitemaps-02.json,,
SCN-0671,Système,TCG,Sitemap annoncé : disponibilité et XML non vide,https://lunidex.app/sitemaps/tcg-cards-3.xml,Visiteur ; session dédiée sans compte,production,575af4390efbe9b658d1b3d9b47f2a9932b1fc03,n/a,Client HTTP Playwright,HTTP,"HTTP 200, XML et au moins une URL",HTTP 200; 5934 URL; 5714174 caractères,réussi,sitemaps-02.json,,
SCN-0672,Système,TCG,Sitemap annoncé : disponibilité et XML non vide,https://lunidex.app/sitemaps/tcg-cards-4.xml,Visiteur ; session dédiée sans compte,production,575af4390efbe9b658d1b3d9b47f2a9932b1fc03,n/a,Client HTTP Playwright,HTTP,"HTTP 200, XML et au moins une URL",HTTP 200; 5932 URL; 5770548 caractères,réussi,sitemaps-02.json,,
SCN-0673,Système,TCG,Sitemap annoncé : disponibilité et XML non vide,https://lunidex.app/sitemaps/tcg-cards-fr-1.xml,Visiteur ; session dédiée sans compte,production,575af4390efbe9b658d1b3d9b47f2a9932b1fc03,n/a,Client HTTP Playwright,HTTP,"HTTP 200, XML et au moins une URL",HTTP 200; 5934 URL; 5639224 caractères,réussi,sitemaps-02.json,,
SCN-0674,Système,TCG,Sitemap annoncé : disponibilité et XML non vide,https://lunidex.app/sitemaps/tcg-cards-fr-2.xml,Visiteur ; session dédiée sans compte,production,575af4390efbe9b658d1b3d9b47f2a9932b1fc03,n/a,Client HTTP Playwright,HTTP,"HTTP 200, XML et au moins une URL",HTTP 200; 5934 URL; 5666424 caractères,réussi,sitemaps-02.json,,
SCN-0675,Système,TCG,Sitemap annoncé : disponibilité et XML non vide,https://lunidex.app/sitemaps/tcg-cards-fr-3.xml,Visiteur ; session dédiée sans compte,production,575af4390efbe9b658d1b3d9b47f2a9932b1fc03,n/a,Client HTTP Playwright,HTTP,"HTTP 200, XML et au moins une URL",HTTP 200; 5934 URL; 5714174 caractères,réussi,sitemaps-02.json,,
SCN-0676,Système,TCG,Sitemap annoncé : disponibilité et XML non vide,https://lunidex.app/sitemaps/tcg-cards-fr-4.xml,Visiteur ; session dédiée sans compte,production,575af4390efbe9b658d1b3d9b47f2a9932b1fc03,n/a,Client HTTP Playwright,HTTP,"HTTP 200, XML et au moins une URL",HTTP 200; 5932 URL; 5770548 caractères,réussi,sitemaps-02.json,,
SCN-0677,Système,TCG,Sitemap annoncé : disponibilité et XML non vide,https://lunidex.app/sitemaps/tcg-cards-es-1.xml,Visiteur ; session dédiée sans compte,production,575af4390efbe9b658d1b3d9b47f2a9932b1fc03,n/a,Client HTTP Playwright,HTTP,"HTTP 200, XML et au moins une URL",HTTP 200; 5934 URL; 5639224 caractères,réussi,sitemaps-02.json,,
SCN-0678,Système,TCG,Sitemap annoncé : disponibilité et XML non vide,https://lunidex.app/sitemaps/tcg-cards-es-2.xml,Visiteur ; session dédiée sans compte,production,575af4390efbe9b658d1b3d9b47f2a9932b1fc03,n/a,Client HTTP Playwright,HTTP,"HTTP 200, XML et au moins une URL",HTTP 200; 5934 URL; 5666424 caractères,réussi,sitemaps-02.json,,
SCN-0679,Système,TCG,Sitemap annoncé : disponibilité et XML non vide,https://lunidex.app/sitemaps/tcg-cards-es-3.xml,Visiteur ; session dédiée sans compte,production,575af4390efbe9b658d1b3d9b47f2a9932b1fc03,n/a,Client HTTP Playwright,HTTP,"HTTP 200, XML et au moins une URL",HTTP 200; 5934 URL; 5714174 caractères,réussi,sitemaps-02.json,,
SCN-0680,Système,TCG,Sitemap annoncé : disponibilité et XML non vide,https://lunidex.app/sitemaps/tcg-cards-es-4.xml,Visiteur ; session dédiée sans compte,production,575af4390efbe9b658d1b3d9b47f2a9932b1fc03,n/a,Client HTTP Playwright,HTTP,"HTTP 200, XML et au moins une URL",HTTP 200; 5932 URL; 5770548 caractères,réussi,sitemaps-02.json,,
SCN-0681,Système,TCG,Sitemap annoncé : disponibilité et XML non vide,https://lunidex.app/sitemaps/tcg-cards-de-1.xml,Visiteur ; session dédiée sans compte,production,575af4390efbe9b658d1b3d9b47f2a9932b1fc03,n/a,Client HTTP Playwright,HTTP,"HTTP 200, XML et au moins une URL",HTTP 200; 5934 URL; 5639224 caractères,réussi,sitemaps-02.json,,
SCN-0682,Système,TCG,Sitemap annoncé : disponibilité et XML non vide,https://lunidex.app/sitemaps/tcg-cards-de-2.xml,Visiteur ; session dédiée sans compte,production,575af4390efbe9b658d1b3d9b47f2a9932b1fc03,n/a,Client HTTP Playwright,HTTP,"HTTP 200, XML et au moins une URL",HTTP 200; 5934 URL; 5666424 caractères,réussi,sitemaps-02.json,,
SCN-0683,Système,TCG,Sitemap annoncé : disponibilité et XML non vide,https://lunidex.app/sitemaps/tcg-cards-de-3.xml,Visiteur ; session dédiée sans compte,production,575af4390efbe9b658d1b3d9b47f2a9932b1fc03,n/a,Client HTTP Playwright,HTTP,"HTTP 200, XML et au moins une URL",HTTP 200; 5934 URL; 5714174 caractères,réussi,sitemaps-02.json,,
SCN-0684,Système,TCG,Sitemap annoncé : disponibilité et XML non vide,https://lunidex.app/sitemaps/tcg-cards-de-4.xml,Visiteur ; session dédiée sans compte,production,575af4390efbe9b658d1b3d9b47f2a9932b1fc03,n/a,Client HTTP Playwright,HTTP,"HTTP 200, XML et au moins une URL",HTTP 200; 5932 URL; 5770548 caractères,réussi,sitemaps-02.json,,
SCN-0685,Système,TCG,Sitemap annoncé : disponibilité et XML non vide,https://lunidex.app/sitemaps/tcg-cards-it-1.xml,Visiteur ; session dédiée sans compte,production,575af4390efbe9b658d1b3d9b47f2a9932b1fc03,n/a,Client HTTP Playwright,HTTP,"HTTP 200, XML et au moins une URL",HTTP 200; 5934 URL; 5639224 caractères,réussi,sitemaps-02.json,,
SCN-0686,Système,TCG,Sitemap annoncé : disponibilité et XML non vide,https://lunidex.app/sitemaps/tcg-cards-it-2.xml,Visiteur ; session dédiée sans compte,production,575af4390efbe9b658d1b3d9b47f2a9932b1fc03,n/a,Client HTTP Playwright,HTTP,"HTTP 200, XML et au moins une URL",HTTP 200; 5934 URL; 5666424 caractères,réussi,sitemaps-02.json,,
SCN-0687,Système,TCG,Sitemap annoncé : disponibilité et XML non vide,https://lunidex.app/sitemaps/tcg-cards-it-3.xml,Visiteur ; session dédiée sans compte,production,575af4390efbe9b658d1b3d9b47f2a9932b1fc03,n/a,Client HTTP Playwright,HTTP,"HTTP 200, XML et au moins une URL",HTTP 200; 5934 URL; 5714174 caractères,réussi,sitemaps-02.json,,
SCN-0688,Système,TCG,Sitemap annoncé : disponibilité et XML non vide,https://lunidex.app/sitemaps/tcg-cards-it-4.xml,Visiteur ; session dédiée sans compte,production,575af4390efbe9b658d1b3d9b47f2a9932b1fc03,n/a,Client HTTP Playwright,HTTP,"HTTP 200, XML et au moins une URL",HTTP 200; 5932 URL; 5770548 caractères,réussi,sitemaps-02.json,,
SCN-0689,Système,TCG,Sitemap annoncé : disponibilité et XML non vide,https://lunidex.app/sitemaps/tcg-cards-ja-1.xml,Visiteur ; session dédiée sans compte,production,575af4390efbe9b658d1b3d9b47f2a9932b1fc03,n/a,Client HTTP Playwright,HTTP,"HTTP 200, XML et au moins une URL",HTTP 200; 5934 URL; 5639224 caractères,réussi,sitemaps-02.json,,
SCN-0690,Système,TCG,Sitemap annoncé : disponibilité et XML non vide,https://lunidex.app/sitemaps/tcg-cards-ja-2.xml,Visiteur ; session dédiée sans compte,production,575af4390efbe9b658d1b3d9b47f2a9932b1fc03,n/a,Client HTTP Playwright,HTTP,"HTTP 200, XML et au moins une URL",HTTP 200; 5934 URL; 5666424 caractères,réussi,sitemaps-02.json,,
SCN-0691,Système,TCG,Sitemap annoncé : disponibilité et XML non vide,https://lunidex.app/sitemaps/tcg-cards-ja-3.xml,Visiteur ; session dédiée sans compte,production,575af4390efbe9b658d1b3d9b47f2a9932b1fc03,n/a,Client HTTP Playwright,HTTP,"HTTP 200, XML et au moins une URL",HTTP 200; 5934 URL; 5714174 caractères,réussi,sitemaps-02.json,,
SCN-0692,Système,TCG,Sitemap annoncé : disponibilité et XML non vide,https://lunidex.app/sitemaps/tcg-cards-ja-4.xml,Visiteur ; session dédiée sans compte,production,575af4390efbe9b658d1b3d9b47f2a9932b1fc03,n/a,Client HTTP Playwright,HTTP,"HTTP 200, XML et au moins une URL",HTTP 200; 5932 URL; 5770548 caractères,réussi,sitemaps-02.json,,
SCN-0693,Système,TCG,Sitemap annoncé : disponibilité et XML non vide,https://lunidex.app/sitemaps/tcg-cards-ko-1.xml,Visiteur ; session dédiée sans compte,production,575af4390efbe9b658d1b3d9b47f2a9932b1fc03,n/a,Client HTTP Playwright,HTTP,"HTTP 200, XML et au moins une URL",HTTP 200; 5934 URL; 5639224 caractères,réussi,sitemaps-02.json,,
SCN-0694,Système,TCG,Sitemap annoncé : disponibilité et XML non vide,https://lunidex.app/sitemaps/tcg-cards-ko-2.xml,Visiteur ; session dédiée sans compte,production,575af4390efbe9b658d1b3d9b47f2a9932b1fc03,n/a,Client HTTP Playwright,HTTP,"HTTP 200, XML et au moins une URL",HTTP 200; 5934 URL; 5666424 caractères,réussi,sitemaps-02.json,,
SCN-0695,Système,TCG,Sitemap annoncé : disponibilité et XML non vide,https://lunidex.app/sitemaps/tcg-cards-ko-3.xml,Visiteur ; session dédiée sans compte,production,575af4390efbe9b658d1b3d9b47f2a9932b1fc03,n/a,Client HTTP Playwright,HTTP,"HTTP 200, XML et au moins une URL",HTTP 200; 5934 URL; 5714174 caractères,réussi,sitemaps-02.json,,
SCN-0696,Système,TCG,Sitemap annoncé : disponibilité et XML non vide,https://lunidex.app/sitemaps/tcg-cards-ko-4.xml,Visiteur ; session dédiée sans compte,production,575af4390efbe9b658d1b3d9b47f2a9932b1fc03,n/a,Client HTTP Playwright,HTTP,"HTTP 200, XML et au moins une URL",HTTP 200; 5932 URL; 5770548 caractères,réussi,sitemaps-02.json,,
SCN-0697,Système,TCG,Sitemap annoncé : disponibilité et XML non vide,https://lunidex.app/sitemaps/tcg-cards-zh-1.xml,Visiteur ; session dédiée sans compte,production,575af4390efbe9b658d1b3d9b47f2a9932b1fc03,n/a,Client HTTP Playwright,HTTP,"HTTP 200, XML et au moins une URL",HTTP 200; 5934 URL; 5639224 caractères,réussi,sitemaps-02.json,,
SCN-0698,Système,TCG,Sitemap annoncé : disponibilité et XML non vide,https://lunidex.app/sitemaps/tcg-cards-zh-2.xml,Visiteur ; session dédiée sans compte,production,575af4390efbe9b658d1b3d9b47f2a9932b1fc03,n/a,Client HTTP Playwright,HTTP,"HTTP 200, XML et au moins une URL",HTTP 200; 5934 URL; 5666424 caractères,réussi,sitemaps-02.json,,
SCN-0699,Système,TCG,Sitemap annoncé : disponibilité et XML non vide,https://lunidex.app/sitemaps/tcg-cards-zh-3.xml,Visiteur ; session dédiée sans compte,production,575af4390efbe9b658d1b3d9b47f2a9932b1fc03,n/a,Client HTTP Playwright,HTTP,"HTTP 200, XML et au moins une URL",HTTP 200; 5934 URL; 5714174 caractères,réussi,sitemaps-02.json,,
SCN-0700,Système,TCG,Sitemap annoncé : disponibilité et XML non vide,https://lunidex.app/sitemaps/tcg-cards-zh-4.xml,Visiteur ; session dédiée sans compte,production,575af4390efbe9b658d1b3d9b47f2a9932b1fc03,n/a,Client HTTP Playwright,HTTP,"HTTP 200, XML et au moins une URL",HTTP 200; 5932 URL; 5770548 caractères,réussi,sitemaps-02.json,,
SCN-0701,Système,Navigation et contenus,Sitemap annoncé : disponibilité et XML non vide,https://lunidex.app/sitemaps/sealed-products.xml,Visiteur ; session dédiée sans compte,production,575af4390efbe9b658d1b3d9b47f2a9932b1fc03,n/a,Client HTTP Playwright,HTTP,"HTTP 200, XML et au moins une URL",HTTP 200; 4349 URL; 4449179 caractères,réussi,sitemaps-03.json,,
SCN-0702,Système,Navigation et contenus,Sitemap annoncé : disponibilité et XML non vide,https://lunidex.app/sitemaps/sealed-products-fr.xml,Visiteur ; session dédiée sans compte,production,575af4390efbe9b658d1b3d9b47f2a9932b1fc03,n/a,Client HTTP Playwright,HTTP,"HTTP 200, XML et au moins une URL",HTTP 200; 4349 URL; 4449179 caractères,réussi,sitemaps-03.json,,
SCN-0703,Système,Navigation et contenus,Sitemap annoncé : disponibilité et XML non vide,https://lunidex.app/sitemaps/sealed-products-es.xml,Visiteur ; session dédiée sans compte,production,575af4390efbe9b658d1b3d9b47f2a9932b1fc03,n/a,Client HTTP Playwright,HTTP,"HTTP 200, XML et au moins une URL",HTTP 200; 4349 URL; 4449179 caractères,réussi,sitemaps-03.json,,
SCN-0704,Système,Navigation et contenus,Sitemap annoncé : disponibilité et XML non vide,https://lunidex.app/sitemaps/sealed-products-de.xml,Visiteur ; session dédiée sans compte,production,575af4390efbe9b658d1b3d9b47f2a9932b1fc03,n/a,Client HTTP Playwright,HTTP,"HTTP 200, XML et au moins une URL",HTTP 200; 4349 URL; 4449179 caractères,réussi,sitemaps-03.json,,
SCN-0705,Système,Navigation et contenus,Sitemap annoncé : disponibilité et XML non vide,https://lunidex.app/sitemaps/sealed-products-it.xml,Visiteur ; session dédiée sans compte,production,575af4390efbe9b658d1b3d9b47f2a9932b1fc03,n/a,Client HTTP Playwright,HTTP,"HTTP 200, XML et au moins une URL",HTTP 200; 4349 URL; 4449179 caractères,réussi,sitemaps-03.json,,
SCN-0706,Système,Navigation et contenus,Sitemap annoncé : disponibilité et XML non vide,https://lunidex.app/sitemaps/sealed-products-ja.xml,Visiteur ; session dédiée sans compte,production,575af4390efbe9b658d1b3d9b47f2a9932b1fc03,n/a,Client HTTP Playwright,HTTP,"HTTP 200, XML et au moins une URL",HTTP 200; 4349 URL; 4449179 caractères,réussi,sitemaps-03.json,,
SCN-0707,Système,Navigation et contenus,Sitemap annoncé : disponibilité et XML non vide,https://lunidex.app/sitemaps/sealed-products-ko.xml,Visiteur ; session dédiée sans compte,production,575af4390efbe9b658d1b3d9b47f2a9932b1fc03,n/a,Client HTTP Playwright,HTTP,"HTTP 200, XML et au moins une URL",HTTP 200; 4349 URL; 4449179 caractères,réussi,sitemaps-03.json,,
SCN-0708,Système,Navigation et contenus,Sitemap annoncé : disponibilité et XML non vide,https://lunidex.app/sitemaps/sealed-products-zh.xml,Visiteur ; session dédiée sans compte,production,575af4390efbe9b658d1b3d9b47f2a9932b1fc03,n/a,Client HTTP Playwright,HTTP,"HTTP 200, XML et au moins une URL",HTTP 200; 4349 URL; 4449179 caractères,réussi,sitemaps-03.json,,
SCN-0709,Système,Navigation et contenus,Sitemap annoncé : disponibilité et XML non vide,https://lunidex.app/sitemaps/moves.xml,Visiteur ; session dédiée sans compte,production,575af4390efbe9b658d1b3d9b47f2a9932b1fc03,n/a,Client HTTP Playwright,HTTP,"HTTP 200, XML et au moins une URL",HTTP 200; 937 URL; 891923 caractères,réussi,sitemaps-03.json,,
SCN-0710,Système,Navigation et contenus,Sitemap annoncé : disponibilité et XML non vide,https://lunidex.app/sitemaps/moves-fr.xml,Visiteur ; session dédiée sans compte,production,575af4390efbe9b658d1b3d9b47f2a9932b1fc03,n/a,Client HTTP Playwright,HTTP,"HTTP 200, XML et au moins une URL",HTTP 200; 937 URL; 891923 caractères,réussi,sitemaps-03.json,,
SCN-0711,Système,Navigation et contenus,Sitemap annoncé : disponibilité et XML non vide,https://lunidex.app/sitemaps/moves-es.xml,Visiteur ; session dédiée sans compte,production,575af4390efbe9b658d1b3d9b47f2a9932b1fc03,n/a,Client HTTP Playwright,HTTP,"HTTP 200, XML et au moins une URL",HTTP 200; 937 URL; 891923 caractères,réussi,sitemaps-03.json,,
SCN-0712,Système,Navigation et contenus,Sitemap annoncé : disponibilité et XML non vide,https://lunidex.app/sitemaps/moves-de.xml,Visiteur ; session dédiée sans compte,production,575af4390efbe9b658d1b3d9b47f2a9932b1fc03,n/a,Client HTTP Playwright,HTTP,"HTTP 200, XML et au moins une URL",HTTP 200; 937 URL; 891923 caractères,réussi,sitemaps-03.json,,
SCN-0713,Système,Navigation et contenus,Sitemap annoncé : disponibilité et XML non vide,https://lunidex.app/sitemaps/moves-it.xml,Visiteur ; session dédiée sans compte,production,575af4390efbe9b658d1b3d9b47f2a9932b1fc03,n/a,Client HTTP Playwright,HTTP,"HTTP 200, XML et au moins une URL",HTTP 200; 937 URL; 891923 caractères,réussi,sitemaps-03.json,,
SCN-0714,Système,Navigation et contenus,Sitemap annoncé : disponibilité et XML non vide,https://lunidex.app/sitemaps/moves-ja.xml,Visiteur ; session dédiée sans compte,production,575af4390efbe9b658d1b3d9b47f2a9932b1fc03,n/a,Client HTTP Playwright,HTTP,"HTTP 200, XML et au moins une URL",HTTP 200; 937 URL; 891923 caractères,réussi,sitemaps-03.json,,
SCN-0715,Système,Navigation et contenus,Sitemap annoncé : disponibilité et XML non vide,https://lunidex.app/sitemaps/moves-ko.xml,Visiteur ; session dédiée sans compte,production,575af4390efbe9b658d1b3d9b47f2a9932b1fc03,n/a,Client HTTP Playwright,HTTP,"HTTP 200, XML et au moins une URL",HTTP 200; 937 URL; 891923 caractères,réussi,sitemaps-03.json,,
SCN-0716,Système,Navigation et contenus,Sitemap annoncé : disponibilité et XML non vide,https://lunidex.app/sitemaps/moves-zh.xml,Visiteur ; session dédiée sans compte,production,575af4390efbe9b658d1b3d9b47f2a9932b1fc03,n/a,Client HTTP Playwright,HTTP,"HTTP 200, XML et au moins une URL",HTTP 200; 937 URL; 891923 caractères,réussi,sitemaps-03.json,,
SCN-0717,Système,Navigation et contenus,Sitemap annoncé : disponibilité et XML non vide,https://lunidex.app/sitemaps/abilities.xml,Visiteur ; session dédiée sans compte,production,575af4390efbe9b658d1b3d9b47f2a9932b1fc03,n/a,Client HTTP Playwright,HTTP,"HTTP 200, XML et au moins une URL",HTTP 200; 374 URL; 366924 caractères,réussi,sitemaps-03.json,,
SCN-0718,Système,Navigation et contenus,Sitemap annoncé : disponibilité et XML non vide,https://lunidex.app/sitemaps/abilities-fr.xml,Visiteur ; session dédiée sans compte,production,575af4390efbe9b658d1b3d9b47f2a9932b1fc03,n/a,Client HTTP Playwright,HTTP,"HTTP 200, XML et au moins une URL",HTTP 200; 374 URL; 366924 caractères,réussi,sitemaps-03.json,,
SCN-0719,Système,Navigation et contenus,Sitemap annoncé : disponibilité et XML non vide,https://lunidex.app/sitemaps/abilities-es.xml,Visiteur ; session dédiée sans compte,production,575af4390efbe9b658d1b3d9b47f2a9932b1fc03,n/a,Client HTTP Playwright,HTTP,"HTTP 200, XML et au moins une URL",HTTP 200; 374 URL; 366924 caractères,réussi,sitemaps-03.json,,
SCN-0720,Système,Navigation et contenus,Sitemap annoncé : disponibilité et XML non vide,https://lunidex.app/sitemaps/abilities-de.xml,Visiteur ; session dédiée sans compte,production,575af4390efbe9b658d1b3d9b47f2a9932b1fc03,n/a,Client HTTP Playwright,HTTP,"HTTP 200, XML et au moins une URL",HTTP 200; 374 URL; 366924 caractères,réussi,sitemaps-03.json,,
SCN-0721,Système,Navigation et contenus,Sitemap annoncé : disponibilité et XML non vide,https://lunidex.app/sitemaps/abilities-it.xml,Visiteur ; session dédiée sans compte,production,575af4390efbe9b658d1b3d9b47f2a9932b1fc03,n/a,Client HTTP Playwright,HTTP,"HTTP 200, XML et au moins une URL",HTTP 200; 374 URL; 366924 caractères,réussi,sitemaps-03.json,,
SCN-0722,Système,Navigation et contenus,Sitemap annoncé : disponibilité et XML non vide,https://lunidex.app/sitemaps/abilities-ja.xml,Visiteur ; session dédiée sans compte,production,575af4390efbe9b658d1b3d9b47f2a9932b1fc03,n/a,Client HTTP Playwright,HTTP,"HTTP 200, XML et au moins une URL",HTTP 200; 374 URL; 366924 caractères,réussi,sitemaps-03.json,,
SCN-0723,Système,Navigation et contenus,Sitemap annoncé : disponibilité et XML non vide,https://lunidex.app/sitemaps/abilities-ko.xml,Visiteur ; session dédiée sans compte,production,575af4390efbe9b658d1b3d9b47f2a9932b1fc03,n/a,Client HTTP Playwright,HTTP,"HTTP 200, XML et au moins une URL",HTTP 200; 374 URL; 366924 caractères,réussi,sitemaps-03.json,,
SCN-0724,Système,Navigation et contenus,Sitemap annoncé : disponibilité et XML non vide,https://lunidex.app/sitemaps/abilities-zh.xml,Visiteur ; session dédiée sans compte,production,575af4390efbe9b658d1b3d9b47f2a9932b1fc03,n/a,Client HTTP Playwright,HTTP,"HTTP 200, XML et au moins une URL",HTTP 200; 374 URL; 366924 caractères,réussi,sitemaps-03.json,,
SCN-0725,Système,Navigation et contenus,Sitemap annoncé : disponibilité et XML non vide,https://lunidex.app/sitemaps/items.xml,Visiteur ; session dédiée sans compte,production,575af4390efbe9b658d1b3d9b47f2a9932b1fc03,n/a,Client HTTP Playwright,HTTP,"HTTP 200, XML et au moins une URL",HTTP 200; 2000 URL; 1935472 caractères,réussi,sitemaps-03.json,,
SCN-0726,Système,Navigation et contenus,Sitemap annoncé : disponibilité et XML non vide,https://lunidex.app/sitemaps/items-fr.xml,Visiteur ; session dédiée sans compte,production,575af4390efbe9b658d1b3d9b47f2a9932b1fc03,n/a,Client HTTP Playwright,HTTP,"HTTP 200, XML et au moins une URL",HTTP 200; 2000 URL; 1935472 caractères,réussi,sitemaps-03.json,,
SCN-0727,Système,Navigation et contenus,Sitemap annoncé : disponibilité et XML non vide,https://lunidex.app/sitemaps/items-es.xml,Visiteur ; session dédiée sans compte,production,575af4390efbe9b658d1b3d9b47f2a9932b1fc03,n/a,Client HTTP Playwright,HTTP,"HTTP 200, XML et au moins une URL",HTTP 200; 2000 URL; 1935472 caractères,réussi,sitemaps-03.json,,
SCN-0728,Système,Navigation et contenus,Sitemap annoncé : disponibilité et XML non vide,https://lunidex.app/sitemaps/items-de.xml,Visiteur ; session dédiée sans compte,production,575af4390efbe9b658d1b3d9b47f2a9932b1fc03,n/a,Client HTTP Playwright,HTTP,"HTTP 200, XML et au moins une URL",HTTP 200; 2000 URL; 1935472 caractères,réussi,sitemaps-03.json,,
SCN-0729,Système,Navigation et contenus,Sitemap annoncé : disponibilité et XML non vide,https://lunidex.app/sitemaps/items-it.xml,Visiteur ; session dédiée sans compte,production,575af4390efbe9b658d1b3d9b47f2a9932b1fc03,n/a,Client HTTP Playwright,HTTP,"HTTP 200, XML et au moins une URL",HTTP 200; 2000 URL; 1935472 caractères,réussi,sitemaps-03.json,,
SCN-0730,Système,Navigation et contenus,Sitemap annoncé : disponibilité et XML non vide,https://lunidex.app/sitemaps/items-ja.xml,Visiteur ; session dédiée sans compte,production,575af4390efbe9b658d1b3d9b47f2a9932b1fc03,n/a,Client HTTP Playwright,HTTP,"HTTP 200, XML et au moins une URL",HTTP 200; 2000 URL; 1935472 caractères,réussi,sitemaps-03.json,,
SCN-0731,Système,Navigation et contenus,Sitemap annoncé : disponibilité et XML non vide,https://lunidex.app/sitemaps/items-ko.xml,Visiteur ; session dédiée sans compte,production,575af4390efbe9b658d1b3d9b47f2a9932b1fc03,n/a,Client HTTP Playwright,HTTP,"HTTP 200, XML et au moins une URL",HTTP 200; 2000 URL; 1935472 caractères,réussi,sitemaps-03.json,,
SCN-0732,Système,Navigation et contenus,Sitemap annoncé : disponibilité et XML non vide,https://lunidex.app/sitemaps/items-zh.xml,Visiteur ; session dédiée sans compte,production,575af4390efbe9b658d1b3d9b47f2a9932b1fc03,n/a,Client HTTP Playwright,HTTP,"HTTP 200, XML et au moins une URL",HTTP 200; 2000 URL; 1935472 caractères,réussi,sitemaps-03.json,,
SCN-0733,Performance,Navigation et contenus,Mesure 1 cold du cache navigateur,/fr,"Contexte neuf à froid, rechargement à chaud ; worker bloqué ; télémétrie bloquée ; fenêtre d’observation 2,5s",production,575af4390efbe9b658d1b3d9b47f2a9932b1fc03,fr,Chromium 149,1440 × 900,Mesure reproductible sur réponse 200 ; aucun seuil terrain prétendu,HTTP 200; DOM=359ms; LCP observé=428ms; ressources=69,réussi,performances-01.json,,
SCN-0734,Performance,Navigation et contenus,Mesure 1 warm du cache navigateur,/fr,"Contexte neuf à froid, rechargement à chaud ; worker bloqué ; télémétrie bloquée ; fenêtre d’observation 2,5s",production,575af4390efbe9b658d1b3d9b47f2a9932b1fc03,fr,Chromium 149,1440 × 900,Mesure reproductible sur réponse 200 ; aucun seuil terrain prétendu,HTTP 200; DOM=190ms; LCP observé=204ms; ressources=66,réussi,performances-01.json,,
SCN-0735,Performance,Références Pokémon,Mesure 1 cold du cache navigateur,/fr/pokedex,"Contexte neuf à froid, rechargement à chaud ; worker bloqué ; télémétrie bloquée ; fenêtre d’observation 2,5s",production,575af4390efbe9b658d1b3d9b47f2a9932b1fc03,fr,Chromium 149,1440 × 900,Mesure reproductible sur réponse 200 ; aucun seuil terrain prétendu,HTTP 200; DOM=331ms; LCP observé=376ms; ressources=122,réussi,performances-01.json,,
SCN-0736,Performance,Références Pokémon,Mesure 1 warm du cache navigateur,/fr/pokedex,"Contexte neuf à froid, rechargement à chaud ; worker bloqué ; télémétrie bloquée ; fenêtre d’observation 2,5s",production,575af4390efbe9b658d1b3d9b47f2a9932b1fc03,fr,Chromium 149,1440 × 900,Mesure reproductible sur réponse 200 ; aucun seuil terrain prétendu,HTTP 200; DOM=241ms; LCP observé=268ms; ressources=102,réussi,performances-01.json,,
SCN-0737,Performance,TCG,Mesure 1 cold du cache navigateur,/fr/tcg,"Contexte neuf à froid, rechargement à chaud ; worker bloqué ; télémétrie bloquée ; fenêtre d’observation 2,5s",production,575af4390efbe9b658d1b3d9b47f2a9932b1fc03,fr,Chromium 149,1440 × 900,Mesure reproductible sur réponse 200 ; aucun seuil terrain prétendu,HTTP 200; DOM=335ms; LCP observé=904ms; ressources=250,réussi,performances-01.json,,
SCN-0738,Performance,TCG,Mesure 1 warm du cache navigateur,/fr/tcg,"Contexte neuf à froid, rechargement à chaud ; worker bloqué ; télémétrie bloquée ; fenêtre d’observation 2,5s",production,575af4390efbe9b658d1b3d9b47f2a9932b1fc03,fr,Chromium 149,1440 × 900,Mesure reproductible sur réponse 200 ; aucun seuil terrain prétendu,HTTP 200; DOM=200ms; LCP observé=692ms; ressources=90,réussi,performances-01.json,,
SCN-0739,Performance,Navigation et contenus,Mesure 1 cold du cache navigateur,/fr,"Contexte neuf à froid, rechargement à chaud ; worker bloqué ; télémétrie bloquée ; fenêtre d’observation 2,5s","local isolé, build production",575af4390efbe9b658d1b3d9b47f2a9932b1fc03,fr,Chromium 149,1440 × 900,Mesure reproductible sur réponse 200 ; aucun seuil terrain prétendu,HTTP 200; DOM=186ms; LCP observé=300ms; ressources=65,réussi,performances-01.json,,
SCN-0740,Performance,Navigation et contenus,Mesure 1 warm du cache navigateur,/fr,"Contexte neuf à froid, rechargement à chaud ; worker bloqué ; télémétrie bloquée ; fenêtre d’observation 2,5s","local isolé, build production",575af4390efbe9b658d1b3d9b47f2a9932b1fc03,fr,Chromium 149,1440 × 900,Mesure reproductible sur réponse 200 ; aucun seuil terrain prétendu,HTTP 200; DOM=122ms; LCP observé=152ms; ressources=62,réussi,performances-01.json,,
SCN-0741,Performance,Références Pokémon,Mesure 1 cold du cache navigateur,/fr/pokedex,"Contexte neuf à froid, rechargement à chaud ; worker bloqué ; télémétrie bloquée ; fenêtre d’observation 2,5s","local isolé, build production",575af4390efbe9b658d1b3d9b47f2a9932b1fc03,fr,Chromium 149,1440 × 900,Mesure reproductible sur réponse 200 ; aucun seuil terrain prétendu,HTTP 200; DOM=717ms; LCP observé=836ms; ressources=121,réussi,performances-01.json,,
SCN-0742,Performance,Références Pokémon,Mesure 1 warm du cache navigateur,/fr/pokedex,"Contexte neuf à froid, rechargement à chaud ; worker bloqué ; télémétrie bloquée ; fenêtre d’observation 2,5s","local isolé, build production",575af4390efbe9b658d1b3d9b47f2a9932b1fc03,fr,Chromium 149,1440 × 900,Mesure reproductible sur réponse 200 ; aucun seuil terrain prétendu,HTTP 200; DOM=327ms; LCP observé=344ms; ressources=121,réussi,performances-01.json,,
SCN-0743,Performance,TCG,Mesure 1 cold du cache navigateur,/fr/tcg,"Contexte neuf à froid, rechargement à chaud ; worker bloqué ; télémétrie bloquée ; fenêtre d’observation 2,5s","local isolé, build production",575af4390efbe9b658d1b3d9b47f2a9932b1fc03,fr,Chromium 149,1440 × 900,Mesure reproductible sur réponse 200 ; aucun seuil terrain prétendu,HTTP 200; DOM=1140ms; LCP observé=1540ms; ressources=250,réussi,performances-01.json,,
SCN-0744,Performance,TCG,Mesure 1 warm du cache navigateur,/fr/tcg,"Contexte neuf à froid, rechargement à chaud ; worker bloqué ; télémétrie bloquée ; fenêtre d’observation 2,5s","local isolé, build production",575af4390efbe9b658d1b3d9b47f2a9932b1fc03,fr,Chromium 149,1440 × 900,Mesure reproductible sur réponse 200 ; aucun seuil terrain prétendu,HTTP 200; DOM=156ms; LCP observé=440ms; ressources=112,réussi,performances-01.json,,
SCN-0745,Performance,Navigation et contenus,Mesure 2 cold du cache navigateur,/fr,"Contexte neuf à froid, rechargement à chaud ; worker bloqué ; télémétrie bloquée ; fenêtre d’observation 2,5s",production,575af4390efbe9b658d1b3d9b47f2a9932b1fc03,fr,Chromium 149,1440 × 900,Mesure reproductible sur réponse 200 ; aucun seuil terrain prétendu,HTTP 200; DOM=371ms; LCP observé=376ms; ressources=69,réussi,performances-02.json,,
SCN-0746,Performance,Navigation et contenus,Mesure 2 warm du cache navigateur,/fr,"Contexte neuf à froid, rechargement à chaud ; worker bloqué ; télémétrie bloquée ; fenêtre d’observation 2,5s",production,575af4390efbe9b658d1b3d9b47f2a9932b1fc03,fr,Chromium 149,1440 × 900,Mesure reproductible sur réponse 200 ; aucun seuil terrain prétendu,HTTP 200; DOM=193ms; LCP observé=228ms; ressources=66,réussi,performances-02.json,,
SCN-0747,Performance,Références Pokémon,Mesure 2 cold du cache navigateur,/fr/pokedex,"Contexte neuf à froid, rechargement à chaud ; worker bloqué ; télémétrie bloquée ; fenêtre d’observation 2,5s",production,575af4390efbe9b658d1b3d9b47f2a9932b1fc03,fr,Chromium 149,1440 × 900,Mesure reproductible sur réponse 200 ; aucun seuil terrain prétendu,HTTP 200; DOM=325ms; LCP observé=364ms; ressources=122,réussi,performances-02.json,,
SCN-0748,Performance,Références Pokémon,Mesure 2 warm du cache navigateur,/fr/pokedex,"Contexte neuf à froid, rechargement à chaud ; worker bloqué ; télémétrie bloquée ; fenêtre d’observation 2,5s",production,575af4390efbe9b658d1b3d9b47f2a9932b1fc03,fr,Chromium 149,1440 × 900,Mesure reproductible sur réponse 200 ; aucun seuil terrain prétendu,HTTP 200; DOM=217ms; LCP observé=228ms; ressources=121,réussi,performances-02.json,,
SCN-0749,Performance,TCG,Mesure 2 cold du cache navigateur,/fr/tcg,"Contexte neuf à froid, rechargement à chaud ; worker bloqué ; télémétrie bloquée ; fenêtre d’observation 2,5s",production,575af4390efbe9b658d1b3d9b47f2a9932b1fc03,fr,Chromium 149,1440 × 900,Mesure reproductible sur réponse 200 ; aucun seuil terrain prétendu,HTTP 200; DOM=363ms; LCP observé=988ms; ressources=250,réussi,performances-02.json,,
SCN-0750,Performance,TCG,Mesure 2 warm du cache navigateur,/fr/tcg,"Contexte neuf à froid, rechargement à chaud ; worker bloqué ; télémétrie bloquée ; fenêtre d’observation 2,5s",production,575af4390efbe9b658d1b3d9b47f2a9932b1fc03,fr,Chromium 149,1440 × 900,Mesure reproductible sur réponse 200 ; aucun seuil terrain prétendu,HTTP 200; DOM=171ms; LCP observé=616ms; ressources=102,réussi,performances-02.json,,
SCN-0751,Performance,Navigation et contenus,Mesure 2 cold du cache navigateur,/fr,"Contexte neuf à froid, rechargement à chaud ; worker bloqué ; télémétrie bloquée ; fenêtre d’observation 2,5s","local isolé, build production",575af4390efbe9b658d1b3d9b47f2a9932b1fc03,fr,Chromium 149,1440 × 900,Mesure reproductible sur réponse 200 ; aucun seuil terrain prétendu,HTTP 200; DOM=275ms; LCP observé=252ms; ressources=65,réussi,performances-02.json,,
SCN-0752,Performance,Navigation et contenus,Mesure 2 warm du cache navigateur,/fr,"Contexte neuf à froid, rechargement à chaud ; worker bloqué ; télémétrie bloquée ; fenêtre d’observation 2,5s","local isolé, build production",575af4390efbe9b658d1b3d9b47f2a9932b1fc03,fr,Chromium 149,1440 × 900,Mesure reproductible sur réponse 200 ; aucun seuil terrain prétendu,HTTP 200; DOM=139ms; LCP observé=148ms; ressources=65,réussi,performances-02.json,,
SCN-0753,Performance,Références Pokémon,Mesure 2 cold du cache navigateur,/fr/pokedex,"Contexte neuf à froid, rechargement à chaud ; worker bloqué ; télémétrie bloquée ; fenêtre d’observation 2,5s","local isolé, build production",575af4390efbe9b658d1b3d9b47f2a9932b1fc03,fr,Chromium 149,1440 × 900,Mesure reproductible sur réponse 200 ; aucun seuil terrain prétendu,HTTP 200; DOM=735ms; LCP observé=712ms; ressources=121,réussi,performances-02.json,,
SCN-0754,Performance,Références Pokémon,Mesure 2 warm du cache navigateur,/fr/pokedex,"Contexte neuf à froid, rechargement à chaud ; worker bloqué ; télémétrie bloquée ; fenêtre d’observation 2,5s","local isolé, build production",575af4390efbe9b658d1b3d9b47f2a9932b1fc03,fr,Chromium 149,1440 × 900,Mesure reproductible sur réponse 200 ; aucun seuil terrain prétendu,HTTP 200; DOM=350ms; LCP observé=372ms; ressources=121,réussi,performances-02.json,,
SCN-0755,Performance,TCG,Mesure 2 cold du cache navigateur,/fr/tcg,"Contexte neuf à froid, rechargement à chaud ; worker bloqué ; télémétrie bloquée ; fenêtre d’observation 2,5s","local isolé, build production",575af4390efbe9b658d1b3d9b47f2a9932b1fc03,fr,Chromium 149,1440 × 900,Mesure reproductible sur réponse 200 ; aucun seuil terrain prétendu,HTTP 200; DOM=207ms; LCP observé=640ms; ressources=250,réussi,performances-02.json,,
SCN-0756,Performance,TCG,Mesure 2 warm du cache navigateur,/fr/tcg,"Contexte neuf à froid, rechargement à chaud ; worker bloqué ; télémétrie bloquée ; fenêtre d’observation 2,5s","local isolé, build production",575af4390efbe9b658d1b3d9b47f2a9932b1fc03,fr,Chromium 149,1440 × 900,Mesure reproductible sur réponse 200 ; aucun seuil terrain prétendu,HTTP 200; DOM=156ms; LCP observé=452ms; ressources=112,réussi,performances-02.json,,
SCN-0757,Performance,Navigation et contenus,Mesure 3 cold du cache navigateur,/fr,"Contexte neuf à froid, rechargement à chaud ; worker bloqué ; télémétrie bloquée ; fenêtre d’observation 2,5s",production,575af4390efbe9b658d1b3d9b47f2a9932b1fc03,fr,Chromium 149,1440 × 900,Mesure reproductible sur réponse 200 ; aucun seuil terrain prétendu,HTTP 200; DOM=231ms; LCP observé=272ms; ressources=66,réussi,performances-03.json,,
SCN-0758,Performance,Navigation et contenus,Mesure 3 warm du cache navigateur,/fr,"Contexte neuf à froid, rechargement à chaud ; worker bloqué ; télémétrie bloquée ; fenêtre d’observation 2,5s",production,575af4390efbe9b658d1b3d9b47f2a9932b1fc03,fr,Chromium 149,1440 × 900,Mesure reproductible sur réponse 200 ; aucun seuil terrain prétendu,HTTP 200; DOM=194ms; LCP observé=200ms; ressources=66,réussi,performances-03.json,,
SCN-0759,Performance,Références Pokémon,Mesure 3 cold du cache navigateur,/fr/pokedex,"Contexte neuf à froid, rechargement à chaud ; worker bloqué ; télémétrie bloquée ; fenêtre d’observation 2,5s",production,575af4390efbe9b658d1b3d9b47f2a9932b1fc03,fr,Chromium 149,1440 × 900,Mesure reproductible sur réponse 200 ; aucun seuil terrain prétendu,HTTP 200; DOM=442ms; LCP observé=368ms; ressources=122,réussi,performances-03.json,,
SCN-0760,Performance,Références Pokémon,Mesure 3 warm du cache navigateur,/fr/pokedex,"Contexte neuf à froid, rechargement à chaud ; worker bloqué ; télémétrie bloquée ; fenêtre d’observation 2,5s",production,575af4390efbe9b658d1b3d9b47f2a9932b1fc03,fr,Chromium 149,1440 × 900,Mesure reproductible sur réponse 200 ; aucun seuil terrain prétendu,HTTP 200; DOM=278ms; LCP observé=312ms; ressources=102,réussi,performances-03.json,,
SCN-0761,Performance,TCG,Mesure 3 cold du cache navigateur,/fr/tcg,"Contexte neuf à froid, rechargement à chaud ; worker bloqué ; télémétrie bloquée ; fenêtre d’observation 2,5s",production,575af4390efbe9b658d1b3d9b47f2a9932b1fc03,fr,Chromium 149,1440 × 900,Mesure reproductible sur réponse 200 ; aucun seuil terrain prétendu,HTTP 200; DOM=208ms; LCP observé=1016ms; ressources=250,réussi,performances-03.json,,
SCN-0762,Performance,TCG,Mesure 3 warm du cache navigateur,/fr/tcg,"Contexte neuf à froid, rechargement à chaud ; worker bloqué ; télémétrie bloquée ; fenêtre d’observation 2,5s",production,575af4390efbe9b658d1b3d9b47f2a9932b1fc03,fr,Chromium 149,1440 × 900,Mesure reproductible sur réponse 200 ; aucun seuil terrain prétendu,HTTP 200; DOM=253ms; LCP observé=496ms; ressources=90,réussi,performances-03.json,,
SCN-0763,Performance,Navigation et contenus,Mesure 3 cold du cache navigateur,/fr,"Contexte neuf à froid, rechargement à chaud ; worker bloqué ; télémétrie bloquée ; fenêtre d’observation 2,5s","local isolé, build production",575af4390efbe9b658d1b3d9b47f2a9932b1fc03,fr,Chromium 149,1440 × 900,Mesure reproductible sur réponse 200 ; aucun seuil terrain prétendu,HTTP 200; DOM=229ms; LCP observé=268ms; ressources=65,réussi,performances-03.json,,
SCN-0764,Performance,Navigation et contenus,Mesure 3 warm du cache navigateur,/fr,"Contexte neuf à froid, rechargement à chaud ; worker bloqué ; télémétrie bloquée ; fenêtre d’observation 2,5s","local isolé, build production",575af4390efbe9b658d1b3d9b47f2a9932b1fc03,fr,Chromium 149,1440 × 900,Mesure reproductible sur réponse 200 ; aucun seuil terrain prétendu,HTTP 200; DOM=117ms; LCP observé=148ms; ressources=65,réussi,performances-03.json,,
SCN-0765,Performance,Références Pokémon,Mesure 3 cold du cache navigateur,/fr/pokedex,"Contexte neuf à froid, rechargement à chaud ; worker bloqué ; télémétrie bloquée ; fenêtre d’observation 2,5s","local isolé, build production",575af4390efbe9b658d1b3d9b47f2a9932b1fc03,fr,Chromium 149,1440 × 900,Mesure reproductible sur réponse 200 ; aucun seuil terrain prétendu,HTTP 200; DOM=768ms; LCP observé=804ms; ressources=121,réussi,performances-03.json,,
SCN-0766,Performance,Références Pokémon,Mesure 3 warm du cache navigateur,/fr/pokedex,"Contexte neuf à froid, rechargement à chaud ; worker bloqué ; télémétrie bloquée ; fenêtre d’observation 2,5s","local isolé, build production",575af4390efbe9b658d1b3d9b47f2a9932b1fc03,fr,Chromium 149,1440 × 900,Mesure reproductible sur réponse 200 ; aucun seuil terrain prétendu,HTTP 200; DOM=318ms; LCP observé=328ms; ressources=121,réussi,performances-03.json,,
SCN-0767,Performance,TCG,Mesure 3 cold du cache navigateur,/fr/tcg,"Contexte neuf à froid, rechargement à chaud ; worker bloqué ; télémétrie bloquée ; fenêtre d’observation 2,5s","local isolé, build production",575af4390efbe9b658d1b3d9b47f2a9932b1fc03,fr,Chromium 149,1440 × 900,Mesure reproductible sur réponse 200 ; aucun seuil terrain prétendu,HTTP 200; DOM=200ms; LCP observé=780ms; ressources=250,réussi,performances-03.json,,
SCN-0768,Performance,TCG,Mesure 3 warm du cache navigateur,/fr/tcg,"Contexte neuf à froid, rechargement à chaud ; worker bloqué ; télémétrie bloquée ; fenêtre d’observation 2,5s","local isolé, build production",575af4390efbe9b658d1b3d9b47f2a9932b1fc03,fr,Chromium 149,1440 × 900,Mesure reproductible sur réponse 200 ; aucun seuil terrain prétendu,HTTP 200; DOM=131ms; LCP observé=416ms; ressources=100,réussi,performances-03.json,,
SCN-0769,Fonctionnel,Références Pokémon,Recherche par ID partiel,/fr/pokedex,Visiteur ; session dédiée sans compte,production,575af4390efbe9b658d1b3d9b47f2a9932b1fc03,fr,Chromium 149,1440 × 900,Correspondances d’ID,La recherche 25 trouve plusieurs IDs contenant 25,réussi,parcours-pokedex.json,,
SCN-0770,Fonctionnel,Références Pokémon,Recherche française avec accent,/fr/pokedex,Visiteur ; session dédiée sans compte,production,575af4390efbe9b658d1b3d9b47f2a9932b1fc03,fr,Chromium 149,1440 × 900,Évoli et ses formes,3 correspondances pour évoli,réussi,parcours-pokedex.json,,
SCN-0771,Fonctionnel,Références Pokémon,Recherche impossible et remise à zéro,/fr/pokedex,Visiteur ; session dédiée sans compte,production,575af4390efbe9b658d1b3d9b47f2a9932b1fc03,fr,Chromium 149,1440 × 900,"État vide explicite, puis liste",État vide et bouton de réinitialisation disponibles,réussi,parcours-pokedex.json,,
SCN-0772,Fonctionnel,Références Pokémon,Chargement supplémentaire,/fr/pokedex,Visiteur ; session dédiée sans compte,production,575af4390efbe9b658d1b3d9b47f2a9932b1fc03,fr,Chromium 149,1440 × 900,20 → 40 cartes,40 cartes après Voir plus,réussi,parcours-pokedex.json,,
SCN-0773,Fonctionnel,Références Pokémon,Filtres génération + type,/fr/pokedex?types=fire&gen=1,Visiteur ; session dédiée sans compte,production,575af4390efbe9b658d1b3d9b47f2a9932b1fc03,fr,Chromium 149,1440 × 900,"Espèces de Kanto de type Feu, avec formes",20 résultats cohérents ; formes régionales incluses par espèce,réussi,pokedex-filtres-resultats.json,,
SCN-0774,Fonctionnel,Références Pokémon,Persistance du filtre par URL,/fr/pokedex?types=fire&gen=1,Visiteur ; session dédiée sans compte,production,575af4390efbe9b658d1b3d9b47f2a9932b1fc03,fr,Chromium 149,1440 × 900,Filtres conservés au rechargement,"Même URL, mêmes résultats",réussi,pokedex-filtres-resultats.json,,
SCN-0775,Fonctionnel,Références Pokémon,Trois types contradictoires,/fr/pokedex,Visiteur ; session dédiée sans compte,production,575af4390efbe9b658d1b3d9b47f2a9932b1fc03,fr,Chromium 149,1440 × 900,"Aucun résultat, reset accessible",État vide puis retour à la liste,réussi,pokedex-filtres-resultats.json,,
SCN-0776,Fonctionnel,Références Pokémon,Retour navigateur après reset,/fr/pokedex,Visiteur ; session dédiée sans compte,production,575af4390efbe9b658d1b3d9b47f2a9932b1fc03,fr,Chromium 149,1440 × 900,Ancien filtre restauré,Retour vers la combinaison de trois types et état vide,réussi,references-recherche-retour.json,,
SCN-0777,Fonctionnel,Références Pokémon,Tri nom décroissant,/fr/pokedex,Visiteur ; session dédiée sans compte,production,575af4390efbe9b658d1b3d9b47f2a9932b1fc03,fr,Chromium 149,1440 × 900,Ordre Z→A et URL de tri,Zygarde avant Zorua ; sort=name-desc,réussi,pokedex-tri-et-statut.json,,
SCN-0778,Fonctionnel,Références Pokémon,"Vues Capturés et Manquants, visiteur",/fr/pokedex,Visiteur ; session dédiée sans compte,production,575af4390efbe9b658d1b3d9b47f2a9932b1fc03,fr,Chromium 149,1440 × 900,Capturés vide ; manquants présents,"Capturés vide, Manquants 20 cartes ; paramètres view conservés",réussi,pokedex-tri-et-statut.json,,
SCN-0779,Fonctionnel,Références Pokémon,Statut légendaire,/fr/pokedex,Visiteur ; session dédiée sans compte,production,575af4390efbe9b658d1b3d9b47f2a9932b1fc03,fr,Chromium 149,1440 × 900,Liste filtrée stabilisée,118 résultats après stabilisation,réussi,filtres-legendaire-taille-verifies.json,,
SCN-0780,Fonctionnel,Références Pokémon,Statut fabuleux,/fr/pokedex,Visiteur ; session dédiée sans compte,production,575af4390efbe9b658d1b3d9b47f2a9932b1fc03,fr,Chromium 149,1440 × 900,Liste de Pokémon fabuleux,34 résultats dont Mew et Celebi,réussi,pokedex-toutes-familles-filtres.json,,
SCN-0781,Fonctionnel,Références Pokémon,Groupe d’œufs,/fr/pokedex,Visiteur ; session dédiée sans compte,production,575af4390efbe9b658d1b3d9b47f2a9932b1fc03,fr,Chromium 149,1440 × 900,Monstre : résultats compatibles,107 résultats dont Bulbizarre,réussi,pokedex-toutes-familles-filtres.json,,
SCN-0782,Fonctionnel,Références Pokémon,Couleur,/fr/pokedex,Visiteur ; session dédiée sans compte,production,575af4390efbe9b658d1b3d9b47f2a9932b1fc03,fr,Chromium 149,1440 × 900,Bleu : résultats cohérents,206 résultats dont Carapuce,réussi,pokedex-toutes-familles-filtres.json,,
SCN-0783,Fonctionnel,Références Pokémon,Forme,/fr/pokedex,Visiteur ; session dédiée sans compte,production,575af4390efbe9b658d1b3d9b47f2a9932b1fc03,fr,Chromium 149,1440 × 900,Balle : résultats cohérents,78 résultats dont Voltorbe,réussi,pokedex-toutes-familles-filtres.json,,
SCN-0784,Fonctionnel,Références Pokémon,Borne BST au clavier,/fr/pokedex,Visiteur ; session dédiée sans compte,production,575af4390efbe9b658d1b3d9b47f2a9932b1fc03,fr,Chromium 149,1440 × 900,BST ≥ 800,Éthernatos forme spéciale seul résultat,réussi,pokedex-toutes-familles-filtres.json,,
SCN-0785,Fonctionnel,Références Pokémon,Borne PV au clavier,/fr/pokedex,Visiteur ; session dédiée sans compte,production,575af4390efbe9b658d1b3d9b47f2a9932b1fc03,fr,Chromium 149,1440 × 900,PV ≥ 255,Leuphorie et Éthernatos forme spéciale,réussi,pokedex-toutes-familles-filtres.json,,
SCN-0786,Fonctionnel,Références Pokémon,Borne poids au clavier,/fr/pokedex,Visiteur ; session dédiée sans compte,production,575af4390efbe9b658d1b3d9b47f2a9932b1fc03,fr,Chromium 149,1440 × 900,Poids ≥ 1200 kg : état vide,Aucun Pokémon trouvé,réussi,pokedex-toutes-familles-filtres.json,,
SCN-0787,Fonctionnel,Références Pokémon,Action personnelle avant initialisation,/fr/pokedex,Visiteur ; session dédiée sans compte,production,575af4390efbe9b658d1b3d9b47f2a9932b1fc03,fr,Chromium 149,1440 × 900,"Restriction explicite, pas d’écriture",Message de collection encore en chargement ; pas d’ajout,réussi,actions-anonymes-reproduction.json,,
SCN-0788,Fonctionnel,Références Pokémon,"Action équipe après initialisation, anonyme",/fr/pokedex,Visiteur ; session dédiée sans compte,production,575af4390efbe9b658d1b3d9b47f2a9932b1fc03,fr,Chromium 149,1440 × 900,Connexion demandée,"Modale de connexion après 8,5 secondes ; équipe non modifiée",réussi,auth-idle-et-partage-reproduction.json,,
SCN-0789,Fonctionnel,Références Pokémon,Onglets principaux,/fr/pokemon/pikachu,Visiteur ; session dédiée sans compte,production,575af4390efbe9b658d1b3d9b47f2a9932b1fc03,fr,Chromium 149,1440 × 900,"Contenu correspondant, URL et sélection","Stats, évolution, capacités et cartes accessibles",réussi,pokemon-onglets-complets.json,,
SCN-0790,Fonctionnel,Références Pokémon,Onglets secondaires,/fr/pokemon/pikachu,Visiteur ; session dédiée sans compte,production,575af4390efbe9b658d1b3d9b47f2a9932b1fc03,fr,Chromium 149,1440 × 900,Contenu correspondant et URL,"Talents, reproduction, builds, lieux, sprites et compétitif examinés",réussi,pokemon-onglets-complets.json,,
SCN-0791,Fonctionnel,Références Pokémon,Chromatique,/fr/pokemon/pikachu,Visiteur ; session dédiée sans compte,production,575af4390efbe9b658d1b3d9b47f2a9932b1fc03,fr,Chromium 149,1440 × 900,Sprite shiny affiché,"URL official-artwork/shiny/25.png chargée, naturalWidth243, aria-pressed=true",réussi,shiny-maze-preuve-stable.json,,
SCN-0792,Fonctionnel,Références Pokémon,Cri actuel,/fr/pokemon/pikachu,Visiteur ; session dédiée sans compte,production,575af4390efbe9b658d1b3d9b47f2a9932b1fc03,fr,Chromium 149,1440 × 900,Lecture média native démarrée,"Promise native play résolue, latest/25.ogg ; audition physique non vérifiée",réussi,cris-et-evolution-pokemon.json,,
SCN-0793,Fonctionnel,Références Pokémon,Cri historique,/fr/pokemon/pikachu,Visiteur ; session dédiée sans compte,production,575af4390efbe9b658d1b3d9b47f2a9932b1fc03,fr,Chromium 149,1440 × 900,Lecture média native démarrée,"Promise native play résolue, legacy/25.ogg",réussi,cri-historique-forme-retour.json,,
SCN-0794,Fonctionnel,Références Pokémon,Évolution → forme → retour,/fr/pokemon/pikachu,Visiteur ; session dédiée sans compte,production,575af4390efbe9b658d1b3d9b47f2a9932b1fc03,fr,Chromium 149,1440 × 900,Bonne forme et retour à l’onglet,"Raichu Alola, types Électrik/Psy ; retour tab=evolution sélectionné",réussi,cri-historique-forme-retour.json,,
SCN-0795,Fonctionnel,Références Pokémon,Recherche impossible,/fr/moves,Visiteur ; session dédiée sans compte,production,575af4390efbe9b658d1b3d9b47f2a9932b1fc03,fr,Chromium 149,1440 × 900,État vide et reset,Aucune capacité trouvée,réussi,references-recherche-retour.json,,
SCN-0796,Fonctionnel,Références Pokémon,Recherche nom et effet,/fr/abilities,Visiteur ; session dédiée sans compte,production,575af4390efbe9b658d1b3d9b47f2a9932b1fc03,fr,Chromium 149,1440 × 900,"Statik retrouvé, recherche impossible vide",Static retourne Statik ; zzz vide,réussi,references-recherche-retour.json,,
SCN-0797,Fonctionnel,Références Pokémon,Recherche potion,/fr/items,Visiteur ; session dédiée sans compte,production,575af4390efbe9b658d1b3d9b47f2a9932b1fc03,fr,Chromium 149,1440 × 900,Toutes les potions du sous-catalogue,4 potions retrouvées,réussi,references-recherche-retour.json,,
SCN-0798,Fonctionnel,Références Pokémon,Recherche impossible,/fr/items,Visiteur ; session dédiée sans compte,production,575af4390efbe9b658d1b3d9b47f2a9932b1fc03,fr,Chromium 149,1440 × 900,État vide et reset,No items found,réussi,references-recherche-retour.json,,
SCN-0799,Fonctionnel,Références Pokémon,Catégorie soin et tri par coût,/fr/items,Visiteur ; session dédiée sans compte,production,575af4390efbe9b658d1b3d9b47f2a9932b1fc03,fr,Chromium 149,1440 × 900,Coût décroissant,"Guérison 3000, Potion Max 2500, etc.",réussi,capacites-objets-filtres-apercu.json,,
SCN-0800,Fonctionnel,Outils et jeux,Lien partagé de comparaison,"/fr/compare?ids=25,6",Visiteur ; session dédiée sans compte,production,575af4390efbe9b658d1b3d9b47f2a9932b1fc03,fr,Chromium 149,1440 × 900,Deux Pokémon et statistiques,Pikachu et Dracaufeu ; total Dracaufeu 534,réussi,faq-comparaison-execute.json,,
SCN-0801,Fonctionnel,Outils et jeux,Recherche française/anglaise/ID,"/fr/compare?ids=25,6",Visiteur ; session dédiée sans compte,production,575af4390efbe9b658d1b3d9b47f2a9932b1fc03,fr,Chromium 149,1440 × 900,Correspondances et état vide,"Évoli, Eevee, Bulbizarre, ID 1 trouvés ; zzz vide",réussi,comparaison-reseau-corrige.json,,
SCN-0802,Fonctionnel,Outils et jeux,Ajout et retrait sur lien partagé,"/fr/compare?ids=25,6",Visiteur ; session dédiée sans compte,production,575af4390efbe9b658d1b3d9b47f2a9932b1fc03,fr,Chromium 149,1440 × 900,"URL de trois IDs, puis deux ; pas de sauvegarde distante","Évoli ajouté à l’URL, 3 cartes après reload, retrait ramène deux IDs",réussi,comparaison-types-mobile-execute.json,,
SCN-0803,Fonctionnel,Références Pokémon,Sélection du type Électrik,/fr/types,Visiteur ; session dédiée sans compte,production,575af4390efbe9b658d1b3d9b47f2a9932b1fc03,fr,Chromium 149,1440 × 900,Relations et Pokémon correspondants,"Fort contre Eau/Vol, faible face à Sol ; cellule Électrik/Sol=0×",réussi,comparaison-types-mobile-execute.json,,
SCN-0804,Fonctionnel,Références Pokémon,Clavier dans le tableau,/fr/types,Visiteur ; session dédiée sans compte,production,575af4390efbe9b658d1b3d9b47f2a9932b1fc03,fr,Chromium 149,1440 × 900,"Enter sélectionne, flèche déplace le focus",Électrik/Sol sélectionnée ; ArrowRight vers Électrik/Vol=2×,réussi,tcg-date-reset-et-matrice-clavier.json,,
SCN-0805,Fonctionnel,Outils et jeux,Calcul IV connu,/fr/ev-iv,Visiteur ; session dédiée sans compte,production,575af4390efbe9b658d1b3d9b47f2a9932b1fc03,fr,Chromium 149,1440 × 900,"Pikachu niveau50, nature neutre : plage IV",Stats entrées produisent IV 30–31,réussi,iv-normal-limites.json,,
SCN-0806,Fonctionnel,Outils et jeux,Niveau invalide,/fr/ev-iv,Visiteur ; session dédiée sans compte,production,575af4390efbe9b658d1b3d9b47f2a9932b1fc03,fr,Chromium 149,1440 × 900,Borne minimale 1,0 ramené à 1,réussi,iv-normal-limites.json,,
SCN-0807,Fonctionnel,Outils et jeux,Plan EV et limites,/fr/ev-iv,Visiteur ; session dédiée sans compte,production,575af4390efbe9b658d1b3d9b47f2a9932b1fc03,fr,Chromium 149,1440 × 900,"252 par stat, 510 au total, IV ≤31",252 PV +252 attaque +6 défense =510 ; IV99 ramené31,réussi,ev-plafonds.json,,
SCN-0808,Fonctionnel,Outils et jeux,Changement de niveau,/fr/ev-iv,Visiteur ; session dédiée sans compte,production,575af4390efbe9b658d1b3d9b47f2a9932b1fc03,fr,Chromium 149,1440 × 900,Statistiques recalculées,Résultats observés à niveaux50/100,réussi,ev-plafonds.json,,
SCN-0809,Fonctionnel,Outils et jeux,Calcul des dégâts,/fr/battle,Visiteur ; session dédiée sans compte,production,575af4390efbe9b658d1b3d9b47f2a9932b1fc03,fr,Chromium 149,1440 × 900,Résultat numérique cohérent avec conditions,Tonnerre81–96 ; critique/pluie120–144 ; OHKO/2HKO actualisés,réussi,degats-et-reproduction-selection.json,,
SCN-0810,Fonctionnel,Outils et jeux,Simulation de duel,/fr/battle,Visiteur ; session dédiée sans compte,production,575af4390efbe9b658d1b3d9b47f2a9932b1fc03,fr,Chromium 149,1440 × 900,"Vainqueur et journal, PV non négatifs",Pikachu gagne contre Carapuce en2 tours ; PV final0,réussi,combat-duel.json,,
SCN-0811,Fonctionnel,Outils et jeux,Parents et objets,/fr/breeding,Visiteur ; session dédiée sans compte,production,575af4390efbe9b658d1b3d9b47f2a9932b1fc03,fr,Chromium 149,1440 × 900,Compatibilité et paramètres appliqués,"Pikachu♀+Métamorph compatibles, Nœud Destin et Pierre Stase",réussi,reproduction-configuration.json,,
SCN-0812,Fonctionnel,Outils et jeux,Probabilité d’héritage,/fr/breeding,Visiteur ; session dédiée sans compte,production,575af4390efbe9b658d1b3d9b47f2a9932b1fc03,fr,Chromium 149,1440 × 900,5 IV hérités ; nature fixée ; probabilité calculée,"0,52%, 192 œufs moyens pour la configuration testée",réussi,reproduction-resultats-quiz.json,,
SCN-0813,Fonctionnel,Outils et jeux,Marathon complet,/fr/quiz,Visiteur ; session dédiée sans compte,production,575af4390efbe9b658d1b3d9b47f2a9932b1fc03,fr,Chromium 149,1440 × 900,Fin à cinq erreurs ; résultat cohérent,"2/7, 2 bonnes réponses et5 erreurs",réussi,quiz-marathon-parcours.json,,
SCN-0814,Fonctionnel,Outils et jeux,Protection contre réponses répétées,/fr/quiz,Visiteur ; session dédiée sans compte,production,575af4390efbe9b658d1b3d9b47f2a9932b1fc03,fr,Chromium 149,1440 × 900,Réponses désactivées durant transition,4 boutons désactivés après réponse,réussi,quiz-marathon-parcours.json,,
SCN-0815,Fonctionnel,Outils et jeux,Survie complète,/fr/quiz,Visiteur ; session dédiée sans compte,production,575af4390efbe9b658d1b3d9b47f2a9932b1fc03,fr,Chromium 149,1440 × 900,Fin après trois erreurs,Résultat0/3 après3 erreurs,réussi,quiz-survie-complete.json,,
SCN-0816,Fonctionnel,Outils et jeux,"Contre la montre, expiration réelle",/fr/quiz,Visiteur ; session dédiée sans compte,production,575af4390efbe9b658d1b3d9b47f2a9932b1fc03,fr,Chromium 149,1440 × 900,Fin à30 secondes,Minuteur30s puis résultat final après attente réelle,réussi,quiz-minuteur-fin.json,,
SCN-0817,Fonctionnel,Outils et jeux,"Stats, données et révélation",/fr/quiz,Visiteur ; session dédiée sans compte,production,575af4390efbe9b658d1b3d9b47f2a9932b1fc03,fr,Chromium 149,1440 × 900,Barres visibles avant réponse ; chiffres ensuite,"Chiffres ??? voulus, puis statistiques numériques révélées",réussi,quiz-stats-attente.json,,
SCN-0818,Fonctionnel,TCG,Recherche connue stabilisée,/fr/tcg,Visiteur ; session dédiée sans compte,production,575af4390efbe9b658d1b3d9b47f2a9932b1fc03,fr,Chromium 149,1440 × 900,Cartes Pikachu,Résultats Pikachu après attente,réussi,tcg-recherches-stabilisees.json,,
SCN-0819,Fonctionnel,TCG,Recherche impossible stabilisée,/fr/tcg,Visiteur ; session dédiée sans compte,production,575af4390efbe9b658d1b3d9b47f2a9932b1fc03,fr,Chromium 149,1440 × 900,"État vide, aucune ancienne carte","0 carte, aides de relance",réussi,tcg-recherches-stabilisees.json,,
SCN-0820,Fonctionnel,TCG,Extension151,/fr/tcg,Visiteur ; session dédiée sans compte,production,575af4390efbe9b658d1b3d9b47f2a9932b1fc03,fr,Chromium 149,1440 × 900,Cartes de l’extension choisie,"24 cartes, set=sv03.5",réussi,tcg-extension-tri-langue.json,,
SCN-0821,Fonctionnel,TCG,Tri numéro décroissant,/fr/tcg,Visiteur ; session dédiée sans compte,production,575af4390efbe9b658d1b3d9b47f2a9932b1fc03,fr,Chromium 149,1440 × 900,"207,206,205…","Premiers liens207,206,205,204,203",réussi,tcg-extension-tri-langue.json,,
SCN-0822,Fonctionnel,TCG,Charger plus,/fr/tcg,Visiteur ; session dédiée sans compte,production,575af4390efbe9b658d1b3d9b47f2a9932b1fc03,fr,Chromium 149,1440 × 900,24 →48 cartes,48 liens de cartes,réussi,tcg-extension-tri-langue.json,,
SCN-0823,Fonctionnel,TCG,Langue des cartes FR et rechargement,/fr/tcg,Visiteur ; session dédiée sans compte,production,575af4390efbe9b658d1b3d9b47f2a9932b1fc03,fr,Chromium 149,1440 × 900,"Cartes françaises, set et tri conservés",24 cartes françaises après stabilisation ; URL tcgLang=fr,réussi,tcg-langue-fr-et-fiche.json,,
SCN-0824,Fonctionnel,TCG,Vue liste et grille2,/fr/tcg,Visiteur ; session dédiée sans compte,production,575af4390efbe9b658d1b3d9b47f2a9932b1fc03,fr,Chromium 149,1440 × 900,Changement de présentation,24 cartes conservées ; radio Grille2 cochée,réussi,tcg-vues-filtres-avances.json,,
SCN-0825,Fonctionnel,TCG,Type + PV,/fr/tcg,Visiteur ; session dédiée sans compte,production,575af4390efbe9b658d1b3d9b47f2a9932b1fc03,fr,Chromium 149,1440 × 900,Charizard de type Feu avec PV≥300,"3 cartes, toutes PV330",réussi,tcg-types-pv-rarete.json,,
SCN-0826,Fonctionnel,TCG,Rareté combinée,/fr/tcg,Visiteur ; session dédiée sans compte,production,575af4390efbe9b658d1b3d9b47f2a9932b1fc03,fr,Chromium 149,1440 × 900,Illustration spéciale rare de Charizard,Seule sv03.5-199,réussi,tcg-rarete-dresseur-energie.json,,
SCN-0827,Fonctionnel,TCG,Dresseur Supporter,/fr/tcg,Visiteur ; session dédiée sans compte,production,575af4390efbe9b658d1b3d9b47f2a9932b1fc03,fr,Chromium 149,1440 × 900,Cartes Supporter de151,10 cartes après stabilisation,réussi,tcg-dresseur-illustrateur-prix.json,,
SCN-0828,Fonctionnel,TCG,Énergie de base,/fr/tcg,Visiteur ; session dédiée sans compte,production,575af4390efbe9b658d1b3d9b47f2a9932b1fc03,fr,Chromium 149,1440 × 900,Carte énergie correspondante,Énergie Psy de base207,réussi,tcg-rarete-dresseur-energie.json,,
SCN-0829,Fonctionnel,TCG,Illustrateur,/fr/tcg,Visiteur ; session dédiée sans compte,production,575af4390efbe9b658d1b3d9b47f2a9932b1fc03,fr,Chromium 149,1440 × 900,Correspondance miki kudo,Seule carte199 dans la recherche Charizard,réussi,tcg-dresseur-illustrateur-prix.json,,
SCN-0830,Fonctionnel,TCG,Prix minimal excluant,/fr/tcg,Visiteur ; session dédiée sans compte,production,575af4390efbe9b658d1b3d9b47f2a9932b1fc03,fr,Chromium 149,1440 × 900,Aucun résultat au-dessus de1000,État vide avec minPrice1000,réussi,tcg-dresseur-illustrateur-prix.json,,
SCN-0831,Fonctionnel,TCG,Date future et reset,/fr/tcg,Visiteur ; session dédiée sans compte,production,575af4390efbe9b658d1b3d9b47f2a9932b1fc03,fr,Chromium 149,1440 × 900,État vide puis dernière extension,Date2035 :0 carte ; Dernières cartes rétablit24,réussi,tcg-date-reset-et-matrice-clavier.json,,
SCN-0832,Fonctionnel,TCG,Stade2,/fr/tcg,Visiteur ; session dédiée sans compte,production,575af4390efbe9b658d1b3d9b47f2a9932b1fc03,fr,Chromium 149,1440 × 900,Cartes stade2 de la recherche,3 Charizard,réussi,tcg-legalite-et-devise-verifiees.json,,
SCN-0833,Fonctionnel,TCG,Filtre légalité,/fr/tcg,Visiteur ; session dédiée sans compte,production,575af4390efbe9b658d1b3d9b47f2a9932b1fc03,fr,Chromium 149,1440 × 900,Exclure une carte dont legal.standard=false,0 résultat ; source carte199 standard=false,réussi,tcg-legalite-et-devise-verifiees.json,,
SCN-0834,Fonctionnel,TCG,Fiche → modale → Échap,/fr/tcg/cards/sv03.5-199,Visiteur ; session dédiée sans compte,production,575af4390efbe9b658d1b3d9b47f2a9932b1fc03,fr,Chromium 149,1440 × 900,Détails complémentaires puis fermeture,"Attaques, illustrateur, faiblesse, liens ; modale fermée",réussi,marche-filtres-et-carte-modale.json,,
SCN-0835,Fonctionnel,TCG,Devise USD et rechargement,/fr/tcg/cards/sv03.5-199,Visiteur ; session dédiée sans compte,production,575af4390efbe9b658d1b3d9b47f2a9932b1fc03,fr,Chromium 149,1440 × 900,Source/prix USD persistants,"351,69$US viaTCGplayer, conservé après reload",réussi,tcg-legalite-et-devise-verifiees.json,,
SCN-0836,Fonctionnel,Scellés,Recherche151,/fr/tcg/sealed/market,Visiteur ; session dédiée sans compte,production,575af4390efbe9b658d1b3d9b47f2a9932b1fc03,fr,Chromium 149,1440 × 900,Produits correspondants,63 produits,réussi,marche-filtres-et-carte-modale.json,,
SCN-0837,Fonctionnel,Scellés,Pagination de recherche,/fr/tcg/sealed/market,Visiteur ; session dédiée sans compte,production,575af4390efbe9b658d1b3d9b47f2a9932b1fc03,fr,Chromium 149,1440 × 900,"Page suivante, q conservé",q=151&page=1 ; nouveaux produits,réussi,marche-filtres-et-carte-modale.json,,
SCN-0838,Fonctionnel,Scellés,Recherche impossible,/fr/tcg/sealed/market,Visiteur ; session dédiée sans compte,production,575af4390efbe9b658d1b3d9b47f2a9932b1fc03,fr,Chromium 149,1440 × 900,Zéro produit et message,Aucun produit scellé trouvé,réussi,marche-filtres-et-carte-modale.json,,
SCN-0839,Fonctionnel,Scellés,Catégorie Display,/fr/tcg/sealed/market,Visiteur ; session dédiée sans compte,production,575af4390efbe9b658d1b3d9b47f2a9932b1fc03,fr,Chromium 149,1440 × 900,Produits Display,619 produits ; category=53,réussi,marche-filtres-et-carte-modale.json,,
SCN-0840,Fonctionnel,Scellés,Fiche et alias de fiche,/fr/tcg/sealed/market/611877,Visiteur ; session dédiée sans compte,production,575af4390efbe9b658d1b3d9b47f2a9932b1fc03,fr,Chromium 149,1440 × 900,Fiche produit publique lisible,Fiche et /market/products/611877 répondent200,réussi,routes-fr-04.json,,
SCN-0841,Fonctionnel,Navigation et contenus,Recherche de question,/fr/faq,Visiteur ; session dédiée sans compte,production,575af4390efbe9b658d1b3d9b47f2a9932b1fc03,fr,Chromium 149,1440 × 900,Une question hors ligne,1 question correspondante,réussi,faq-comparaison-execute.json,,
SCN-0842,Fonctionnel,Navigation et contenus,Ouverture de réponse,/fr/faq,Visiteur ; session dédiée sans compte,production,575af4390efbe9b658d1b3d9b47f2a9932b1fc03,fr,Chromium 149,1440 × 900,Réponse lisible,Texte du fonctionnement hors ligne visible,réussi,faq-comparaison-execute.json,,
SCN-0843,Fonctionnel,Navigation et contenus,Recherche impossible,/fr/faq,Visiteur ; session dédiée sans compte,production,575af4390efbe9b658d1b3d9b47f2a9932b1fc03,fr,Chromium 149,1440 × 900,État vide clair,Aucune question trouvée,réussi,faq-comparaison-execute.json,,
SCN-0844,Fonctionnel,Navigation et contenus,Lien d’évitement au clavier,/fr,Visiteur ; session dédiée sans compte,production,575af4390efbe9b658d1b3d9b47f2a9932b1fc03,fr,Chromium 149,1440 × 900,Premier Tab puis Enter vers main,Aller au contenu principal → MAIN#home-main,réussi,clavier-recherche-types.json,,
SCN-0845,Fonctionnel,Navigation et contenus,Palette globale et focus,/fr,Visiteur ; session dédiée sans compte,production,575af4390efbe9b658d1b3d9b47f2a9932b1fc03,fr,Chromium 149,1440 × 900,"Recherche Pikachu, focus contenu dans la modale",Résultats Pokémon/capacités/objets et focus interne,réussi,clavier-recherche-types.json,,
SCN-0846,Fonctionnel,Navigation et contenus,Échap après stabilisation de la palette,/fr,Visiteur ; session dédiée sans compte,production,575af4390efbe9b658d1b3d9b47f2a9932b1fc03,fr,Chromium 149,1440 × 900,Fermeture et focus restitué,"Dialogue0, focusBUTTON",réussi,echap-survie-execute.json,,
SCN-0847,Fonctionnel,Références Pokémon,Menu mobile,/fr/types,Visiteur ; session dédiée sans compte,production,575af4390efbe9b658d1b3d9b47f2a9932b1fc03,fr,Chromium 149,1440 × 900,Destinations secondaires accessibles,"Collection, scellés, outils, compte et ressources listés",réussi,comparaison-types-mobile-execute.json,,
SCN-0848,Fonctionnel,Navigation et contenus,Consentement : refus et rechargement,/fr,Visiteur ; session dédiée sans compte,production,575af4390efbe9b658d1b3d9b47f2a9932b1fc03,fr,Chromium 149,1440 × 900,"Bannière fermée, choix conservé",Tout refuser disparaît et ne revient pas après reload,réussi,preferences-prod-consent-zoom.json,,
SCN-0849,Fonctionnel,Références Pokémon,Thème sombre,/fr/pokedex,Visiteur ; session dédiée sans compte,production,575af4390efbe9b658d1b3d9b47f2a9932b1fc03,fr,Chromium 149,1440 × 900,Thème appliqué et persisté,Classe dark après rechargement,réussi,preferences-production-resultat-stable.json,,
SCN-0850,Fonctionnel,Références Pokémon,"Réduction du mouvement, émulation",/fr/pokedex,Visiteur ; session dédiée sans compte,production,575af4390efbe9b658d1b3d9b47f2a9932b1fc03,fr,Chromium 149,1440 × 900,Préférence de média transmise,matchMedia reduced-motion=true ; pas de validation de toutes les animations,réussi,preferences-prod-consent-zoom.json,,
SCN-0851,Fonctionnel,Références Pokémon,Zoom CSS200% (simulation),/fr/pokedex,Visiteur ; session dédiée sans compte,production,575af4390efbe9b658d1b3d9b47f2a9932b1fc03,fr,Chromium 149,1440 × 900,Pas de débordement global dans cette simulation,scroll1424/client1424 ; ne valide pas le zoom natif,réussi,preferences-prod-consent-zoom.json,,
SCN-0852,Fonctionnel,TCG,Ouverture de connexion,/fr/tcg/start,Visiteur ; session dédiée sans compte,production,575af4390efbe9b658d1b3d9b47f2a9932b1fc03,fr,Chromium 149,1440 × 900,Modale claire et champs requis,"E-mail et mot de passe min6, connexion proposée",réussi,auth-email-password-invalides.json,,
SCN-0853,Fonctionnel,TCG,E-mail et mot de passe invalides,/fr/tcg/start,Visiteur ; session dédiée sans compte,production,575af4390efbe9b658d1b3d9b47f2a9932b1fc03,fr,Chromium 149,1440 × 900,Invalidité client détectée,E-mail sans@ et mot de passe3 caractères invalides,réussi,auth-email-password-invalides.json,,
SCN-0854,Fonctionnel,TCG,"Mode inscription, sans soumission",/fr/tcg/start,Visiteur ; session dédiée sans compte,production,575af4390efbe9b658d1b3d9b47f2a9932b1fc03,fr,Chromium 149,1440 × 900,"Nom, e-mail, mot de passe requis",3 champs requis présents,réussi,contact-erreurs-et-compte-sans-envoi.json,,
SCN-0855,Fonctionnel,TCG,Échap de connexion,/fr/tcg/start,Visiteur ; session dédiée sans compte,production,575af4390efbe9b658d1b3d9b47f2a9932b1fc03,fr,Chromium 149,1440 × 900,Fermeture sans soumission,Dialogue0,réussi,auth-email-password-invalides.json,,
SCN-0856,Fonctionnel,TCG,Récupération avec e-mail vide,/fr/tcg/start,Visiteur ; session dédiée sans compte,production,575af4390efbe9b658d1b3d9b47f2a9932b1fc03,fr,Chromium 149,1440 × 900,Erreur explicite avant requête,Saisissez d’abord votre adresse e-mail ; aucune requête non-GET,réussi,recuperation-email-vide-validee.json,,
SCN-0857,Fonctionnel,Compte et espace personnel,Lien sans jeton,/fr/auth/reset-password,Visiteur ; session dédiée sans compte,production,575af4390efbe9b658d1b3d9b47f2a9932b1fc03,fr,Chromium 149,1440 × 900,Lien invalide présenté explicitement,Lien invalide/expiré affiché,réussi,contact-validation-reset.json,,
SCN-0858,Fonctionnel,Références Pokémon,Paramètres d’URL invalides,/fr/pokedex,Visiteur ; session dédiée sans compte,production,575af4390efbe9b658d1b3d9b47f2a9932b1fc03,fr,Chromium 149,1440 × 900,Fallback utilisable,"types/gen/sort inconnus ignorés, liste de20",réussi,parametres-liens-limites.json,,
SCN-0859,Fonctionnel,Navigation et contenus,Campagne valide,/fr/go/audit-test,Visiteur ; session dédiée sans compte,production,575af4390efbe9b658d1b3d9b47f2a9932b1fc03,fr,Chromium 149,1440 × 900,307 vers démarrage interne,307 vers tcg/start avec source/campaign,réussi,outils-secondaires-controles.json,,
SCN-0860,Fonctionnel,Navigation et contenus,Campagne invalide,/fr/go/INVALID___,Visiteur ; session dédiée sans compte,production,575af4390efbe9b658d1b3d9b47f2a9932b1fc03,fr,Chromium 149,1440 × 900,404 sans redirection externe,HTTP404,réussi,outils-secondaires-controles.json,,
SCN-0861,Fonctionnel,Outils et jeux,Classique / Marathon : début et réponse,/fr/quiz,Visiteur ; session dédiée sans compte,production,575af4390efbe9b658d1b3d9b47f2a9932b1fc03,fr,Chromium 149,1440 × 900,"Partie lancée, proposition et retour de réponse",Une question et sa réponse exercées ; partie entière non validée par cette seule ligne,réussi,quiz-neuf-combinaisons.json,,
SCN-0862,Fonctionnel,Outils et jeux,Classique / Survie : début et réponse,/fr/quiz,Visiteur ; session dédiée sans compte,production,575af4390efbe9b658d1b3d9b47f2a9932b1fc03,fr,Chromium 149,1440 × 900,"Partie lancée, proposition et retour de réponse",Une question et sa réponse exercées ; partie entière non validée par cette seule ligne,réussi,quiz-neuf-combinaisons.json,,
SCN-0863,Fonctionnel,Outils et jeux,Classique / Contre la montre : début et réponse,/fr/quiz,Visiteur ; session dédiée sans compte,production,575af4390efbe9b658d1b3d9b47f2a9932b1fc03,fr,Chromium 149,1440 × 900,"Partie lancée, proposition et retour de réponse",Une question et sa réponse exercées ; partie entière non validée par cette seule ligne,réussi,quiz-neuf-combinaisons.json,,
SCN-0864,Fonctionnel,Outils et jeux,Silhouette / Marathon : début et réponse,/fr/quiz,Visiteur ; session dédiée sans compte,production,575af4390efbe9b658d1b3d9b47f2a9932b1fc03,fr,Chromium 149,1440 × 900,"Partie lancée, proposition et retour de réponse",Une question et sa réponse exercées ; partie entière non validée par cette seule ligne,réussi,quiz-six-combinaisons-reprise.json,,
SCN-0865,Fonctionnel,Outils et jeux,Silhouette / Survie : début et réponse,/fr/quiz,Visiteur ; session dédiée sans compte,production,575af4390efbe9b658d1b3d9b47f2a9932b1fc03,fr,Chromium 149,1440 × 900,"Partie lancée, proposition et retour de réponse",Une question et sa réponse exercées ; partie entière non validée par cette seule ligne,réussi,quiz-six-combinaisons-reprise.json,,
SCN-0866,Fonctionnel,Outils et jeux,Silhouette / Contre la montre : début et réponse,/fr/quiz,Visiteur ; session dédiée sans compte,production,575af4390efbe9b658d1b3d9b47f2a9932b1fc03,fr,Chromium 149,1440 × 900,"Partie lancée, proposition et retour de réponse",Une question et sa réponse exercées ; partie entière non validée par cette seule ligne,réussi,quiz-six-combinaisons-reprise.json,,
SCN-0867,Fonctionnel,Outils et jeux,Stats / Marathon : début et réponse,/fr/quiz,Visiteur ; session dédiée sans compte,production,575af4390efbe9b658d1b3d9b47f2a9932b1fc03,fr,Chromium 149,1440 × 900,"Partie lancée, proposition et retour de réponse",Une question et sa réponse exercées ; partie entière non validée par cette seule ligne,réussi,quiz-six-combinaisons-reprise.json,,
SCN-0868,Fonctionnel,Outils et jeux,Stats / Survie : début et réponse,/fr/quiz,Visiteur ; session dédiée sans compte,production,575af4390efbe9b658d1b3d9b47f2a9932b1fc03,fr,Chromium 149,1440 × 900,"Partie lancée, proposition et retour de réponse",Une question et sa réponse exercées ; partie entière non validée par cette seule ligne,réussi,quiz-six-combinaisons-reprise.json,,
SCN-0869,Fonctionnel,Outils et jeux,Stats / Contre la montre : début et réponse,/fr/quiz,Visiteur ; session dédiée sans compte,production,575af4390efbe9b658d1b3d9b47f2a9932b1fc03,fr,Chromium 149,1440 × 900,"Partie lancée, proposition et retour de réponse",Une question et sa réponse exercées ; partie entière non validée par cette seule ligne,réussi,quiz-six-combinaisons-reprise.json,,
SCN-0870,Fonctionnel,Références Pokémon,Identifiant/slug inexistant,/fr/pokemon/audit-inexistant,Visiteur ; session dédiée sans compte,production,575af4390efbe9b658d1b3d9b47f2a9932b1fc03,fr,Chromium 149,1440 × 900,404 et écran de récupération,"404, écran lisible avec liens de retour ; texte anglais traité séparément",réussi,invalides-et-partage.json,,
SCN-0871,Fonctionnel,Références Pokémon,Identifiant/slug inexistant,/fr/moves/audit-inexistant,Visiteur ; session dédiée sans compte,production,575af4390efbe9b658d1b3d9b47f2a9932b1fc03,fr,Chromium 149,1440 × 900,404 et écran de récupération,"404, écran lisible avec liens de retour ; texte anglais traité séparément",réussi,invalides-et-partage.json,,
SCN-0872,Fonctionnel,Références Pokémon,Identifiant/slug inexistant,/fr/abilities/audit-inexistant,Visiteur ; session dédiée sans compte,production,575af4390efbe9b658d1b3d9b47f2a9932b1fc03,fr,Chromium 149,1440 × 900,404 et écran de récupération,"404, écran lisible avec liens de retour ; texte anglais traité séparément",réussi,invalides-et-partage.json,,
SCN-0873,Fonctionnel,Références Pokémon,Identifiant/slug inexistant,/fr/items/audit-inexistant,Visiteur ; session dédiée sans compte,production,575af4390efbe9b658d1b3d9b47f2a9932b1fc03,fr,Chromium 149,1440 × 900,404 et écran de récupération,"404, écran lisible avec liens de retour ; texte anglais traité séparément",réussi,invalides-et-partage.json,,
SCN-0874,Fonctionnel,TCG,Identifiant/slug inexistant,/fr/tcg/cards/audit-inexistant,Visiteur ; session dédiée sans compte,production,575af4390efbe9b658d1b3d9b47f2a9932b1fc03,fr,Chromium 149,1440 × 900,404 et écran de récupération,"404, écran lisible avec liens de retour ; texte anglais traité séparément",réussi,invalides-et-partage.json,,
SCN-0875,Fonctionnel,TCG,Identifiant/slug inexistant,/fr/tcg/sets/audit-inexistant,Visiteur ; session dédiée sans compte,production,575af4390efbe9b658d1b3d9b47f2a9932b1fc03,fr,Chromium 149,1440 × 900,404 et écran de récupération,"404, écran lisible avec liens de retour ; texte anglais traité séparément",réussi,invalides-et-partage.json,,
SCN-0876,Fonctionnel,Navigation et contenus,Identifiant/slug inexistant,/fr/guides/audit-inexistant,Visiteur ; session dédiée sans compte,production,575af4390efbe9b658d1b3d9b47f2a9932b1fc03,fr,Chromium 149,1440 × 900,404 et écran de récupération,"404, écran lisible avec liens de retour ; texte anglais traité séparément",réussi,invalides-et-partage.json,,
SCN-0877,Fonctionnel,Navigation et contenus,Identifiant/slug inexistant,/fr/compare/audit-inexistant,Visiteur ; session dédiée sans compte,production,575af4390efbe9b658d1b3d9b47f2a9932b1fc03,fr,Chromium 149,1440 × 900,404 et écran de récupération,"404, écran lisible avec liens de retour ; texte anglais traité séparément",réussi,invalides-et-partage.json,,
SCN-0878,Fonctionnel,Scellés,Identifiant/slug inexistant,/fr/tcg/sealed/market/-1,Visiteur ; session dédiée sans compte,production,575af4390efbe9b658d1b3d9b47f2a9932b1fc03,fr,Chromium 149,1440 × 900,404 et écran de récupération,"404, écran lisible avec liens de retour ; texte anglais traité séparément",réussi,invalides-et-partage.json,,
SCN-0879,Fonctionnel,Références Pokémon,Recherche Tonnerre,/fr/moves,Visiteur ; session dédiée sans compte,production,575af4390efbe9b658d1b3d9b47f2a9932b1fc03,fr,Chromium 149,1440 × 900,Tonnerre doit être présent,"Aucune capacité, alors que /moves/thunderbolt existe",échoué,references-catalogues-tronques.json,BUG-001,
SCN-0880,Fonctionnel,Références Pokémon,Recherche Technicien,/fr/abilities,Visiteur ; session dédiée sans compte,production,575af4390efbe9b658d1b3d9b47f2a9932b1fc03,fr,Chromium 149,1440 × 900,Talent présent,"0 résultat, fiche technician existante",échoué,catalogues-reproduction-et-tcg-controles.json,BUG-001,
SCN-0881,Fonctionnel,Références Pokémon,Recherche Restes,/fr/items,Visiteur ; session dédiée sans compte,production,575af4390efbe9b658d1b3d9b47f2a9932b1fc03,fr,Chromium 149,1440 × 900,Objet présent,"0 résultat, fiche leftovers existante",échoué,references-catalogues-tronques.json,BUG-001,
SCN-0882,Fonctionnel,Références Pokémon,Recherche Thunderbolt en anglais,/en/moves,Visiteur ; session dédiée sans compte,production,575af4390efbe9b658d1b3d9b47f2a9932b1fc03,fr,Chromium 149,1440 × 900,Capacité présente,0 résultat avec catalogue48,échoué,catalogues-reproduction-et-tcg-controles.json,BUG-001,
SCN-0883,Fonctionnel,Références Pokémon,Filtres Feu + Spécial,/fr/moves,Visiteur ; session dédiée sans compte,production,575af4390efbe9b658d1b3d9b47f2a9932b1fc03,fr,Chromium 149,1440 × 900,Capacités Feu spéciales du catalogue entier,"Aucun résultat, limité aux48 premières entrées",échoué,capacites-objets-filtres-apercu.json,BUG-001,
SCN-0884,Fonctionnel,Outils et jeux,Ouverture équipe partagée,/fr/team/share?code=25-6-9&lang=fr,Visiteur ; session dédiée sans compte,production,575af4390efbe9b658d1b3d9b47f2a9932b1fc03,fr,Chromium 149,1440 × 900,Trois Pokémon consultables et lien conservé,"Redirection team, URL vidée, équipe0/6",échoué,auth-idle-et-partage-reproduction.json,BUG-002,
SCN-0885,Fonctionnel,Références Pokémon,Import sauvegarde puis navigation/reload,/fr/pokedex → /fr/favorites,Visiteur ; session dédiée sans compte,local isolé,575af4390efbe9b658d1b3d9b47f2a9932b1fc03,fr,Chromium 149,1440 × 900,Import réellement conservé ou refus explicite,"Succès annoncé, favori1 en navigation,0 après reload",échoué,import-consequences.json,BUG-003,
SCN-0886,Fonctionnel,Outils et jeux,Showdown valide sans cloud,/fr/team,Visiteur ; session dédiée sans compte,local isolé,575af4390efbe9b658d1b3d9b47f2a9932b1fc03,fr,Chromium 149,1440 × 900,Ajout réel ou refus sans confirmation de succès,Added1 et invitation à connexion simultanées ; équipe0/6,échoué,showdown-import-et-comparaison.json,BUG-004,
SCN-0887,Fonctionnel,Références Pokémon,Son/sprites après rechargement,/fr/pokedex,Visiteur ; session dédiée sans compte,local isolé,575af4390efbe9b658d1b3d9b47f2a9932b1fc03,fr,Chromium 149,1440 × 900,Préférences conservées,Revenus à true/false au lieu de false/true,échoué,preferences-verification.json,BUG-005,
SCN-0888,Fonctionnel,Références Pokémon,Son/sprites production après rechargement,/fr/pokedex,Visiteur ; session dédiée sans compte,production,575af4390efbe9b658d1b3d9b47f2a9932b1fc03,fr,Chromium 149,1440 × 900,Préférences conservées,Valeurs true/false restaurées après changementfalse/true,échoué,preferences-production-resultat-stable.json,BUG-005,
SCN-0889,Fonctionnel,TCG,"Hydratation FR/EN, contexte dédié",/fr/tcg/cards/sv03.5-199,Visiteur ; session dédiée sans compte,production,575af4390efbe9b658d1b3d9b47f2a9932b1fc03,fr,Chromium 149,1440 × 900,Pas d’exception React,Erreur418 dans les deux langues,échoué,hydration-carte-reproduction-dediee.json,BUG-006,
SCN-0890,Fonctionnel,Références Pokémon,Langue des commandes de l’interface,"/fr/items, /fr/battle, /fr/ev-iv, /fr/types",Visiteur ; session dédiée sans compte,production,575af4390efbe9b658d1b3d9b47f2a9932b1fc03,fr,Chromium 149,1440 × 900,Commandes traduites en français,"Sections et messages anglais ; tokens stats.offensive, quiz.time-attack",échoué,localisation-constats.json,BUG-007,
SCN-0891,Fonctionnel,TCG,Nom d’extension pendant chargement des métadonnées,/fr/tcg?set=sv03.5&q=charizard,Visiteur ; session dédiée sans compte,local isolé / réseau simulé,575af4390efbe9b658d1b3d9b47f2a9932b1fc03,fr,Chromium 149,1440 × 900,151 ou libellé de chargement neutre,"3 cartes151 annoncées dans30th Classic Collection, puis libellé151 rétabli",échoué,tcg-nom-extension-retarde-reproduction.json,BUG-015,
SCN-0892,Fonctionnel,Références Pokémon,Filtre taille25–25m,/fr/pokedex,Visiteur ; session dédiée sans compte,production,575af4390efbe9b658d1b3d9b47f2a9932b1fc03,fr,Chromium 149,1440 × 900,Respecter le maximum affiché ou annoncer25+,Dracaufeu Gigamax28m inclus ; borne supérieure ignorée au plafond,échoué,filtres-legendaire-taille-verifies.json,BUG-014,
SCN-0893,Fonctionnel,Outils et jeux,Doublons du lien partagé,"/fr/compare?ids=25,25,6,133",Visiteur ; session dédiée sans compte,production,575af4390efbe9b658d1b3d9b47f2a9932b1fc03,fr,Chromium 149,1440 × 900,IDs uniques avant limite de3,"Pikachu en double, Évoli omis, analyses de faiblesse faussées",échoué,comparaison-liens-invalides-reproduits.json,BUG-012,
SCN-0894,Fonctionnel,Outils et jeux,Erreur référence inexistante,/fr/compare?ids=9999999,Visiteur ; session dédiée sans compte,production,575af4390efbe9b658d1b3d9b47f2a9932b1fc03,fr,Chromium 149,1440 × 900,Signaler le Pokémon invalide,"404 amont, puis état vide générique sans erreur",échoué,comparaison-liens-invalides-reproduits.json,BUG-013,
SCN-0895,Fonctionnel,Références Pokémon,Bouton favori intégralement visible,/fr/pokedex,Visiteur ; session dédiée sans compte,production,575af4390efbe9b658d1b3d9b47f2a9932b1fc03,fr,Chromium 149,360 × 800,Cible44px visible,Découpe à droite du bouton par article overflow:hidden,échoué,actions-pokedex-geometrie-quatre-formats.json,BUG-008,
SCN-0896,Fonctionnel,Références Pokémon,Bouton favori intégralement visible,/fr/pokedex,Visiteur ; session dédiée sans compte,production,575af4390efbe9b658d1b3d9b47f2a9932b1fc03,fr,Chromium 149,390 × 844,Cible44px visible,Découpe à droite du bouton par article overflow:hidden,échoué,actions-pokedex-geometrie-quatre-formats.json,BUG-008,
SCN-0897,Fonctionnel,Navigation et contenus,Champs vides et e-mail invalide,/fr/contact,Visiteur ; session dédiée sans compte,local isolé,575af4390efbe9b658d1b3d9b47f2a9932b1fc03,fr,Chromium 149,1440 × 900,Erreurs françaises et focus au premier champ,"4 erreurs de champs, focusnom ; e-mail invalide identifié",réussi,contact-erreurs-et-compte-sans-envoi.json,,
SCN-0898,Fonctionnel,Navigation et contenus,Panne503 interceptée : chargement,/fr/contact,Visiteur ; session dédiée sans compte,local isolé / simulation navigateur,575af4390efbe9b658d1b3d9b47f2a9932b1fc03,fr,Chromium 149,1440 × 900,Bouton désactivé et formulaire occupé,"disabled=true, aria-busy=true",réussi,contact-panne-simulee-sans-envoi.json,,
SCN-0899,Fonctionnel,Navigation et contenus,Panne503 interceptée : récupération,/fr/contact,Visiteur ; session dédiée sans compte,local isolé / simulation navigateur,575af4390efbe9b658d1b3d9b47f2a9932b1fc03,fr,Chromium 149,1440 × 900,Message clair et valeurs conservées,"Message indisponible français, champs conservés, bouton réactivé ; aucun envoi réel",réussi,contact-panne-simulee-sans-envoi.json,,
SCN-0900,Fonctionnel,Références Pokémon,Export de données locales,/fr/pokedex,Visiteur ; session dédiée sans compte,local isolé,575af4390efbe9b658d1b3d9b47f2a9932b1fc03,fr,Chromium 149,1440 × 900,Téléchargement JSON exploitable,"Sauvegardev3 téléchargée, préférences de session présentes",réussi,preferences-verification.json,,
SCN-0901,Fonctionnel,Références Pokémon,Import JSON syntaxiquement invalide,/fr/pokedex,Visiteur ; session dédiée sans compte,local isolé,575af4390efbe9b658d1b3d9b47f2a9932b1fc03,fr,Chromium 149,1440 × 900,"Refus, aucune sauvegarde changée",Échec analyse JSON,réussi,imports-local-validation.json,,
SCN-0902,Fonctionnel,Références Pokémon,Import version inconnue,/fr/pokedex,Visiteur ; session dédiée sans compte,local isolé,575af4390efbe9b658d1b3d9b47f2a9932b1fc03,fr,Chromium 149,1440 × 900,Refus explicite,Unsupported backup version présenté,réussi,imports-local-validation.json,,
SCN-0903,Fonctionnel,Références Pokémon,Prévisualisation import valide,/fr/pokedex,Visiteur ; session dédiée sans compte,local isolé,575af4390efbe9b658d1b3d9b47f2a9932b1fc03,fr,Chromium 149,1440 × 900,Compteurs corrects avant confirmation,1 favori et autres compteurs0,réussi,imports-local-validation.json,,
SCN-0904,Fonctionnel,Outils et jeux,Showdown inconnu,/fr/team,Visiteur ; session dédiée sans compte,local isolé,575af4390efbe9b658d1b3d9b47f2a9932b1fc03,fr,Chromium 149,1440 × 900,Espèce inconnue et ajout désactivé,SPECIES NOT RECOGNIZED ; Add to Team disabled,réussi,showdown-import-et-comparaison.json,,
SCN-0905,Fonctionnel,Outils et jeux,"Showdown valide, prévisualisation",/fr/team,Visiteur ; session dédiée sans compte,local isolé,575af4390efbe9b658d1b3d9b47f2a9932b1fc03,fr,Chromium 149,1440 × 900,"Espèce, objet, talent, nature, attaques reconnus","Pikachu, Light Ball, Static, Timid, deux attaques",réussi,showdown-import-et-comparaison.json,,
SCN-0906,Fonctionnel,Outils et jeux,Création vide/valide sans compte,/fr/nuzlocke,Visiteur ; session dédiée sans compte,local isolé,575af4390efbe9b658d1b3d9b47f2a9932b1fc03,fr,Chromium 149,1440 × 900,"Pas de partie persistante, connexion demandée","Aucune partie créée, invitation à connexion",réussi,nuzlocke-showdown-observes.json,,
SCN-0907,Fonctionnel,TCG,TCGdex503 ciblé,/fr/tcg,Visiteur ; session dédiée sans compte,local isolé / simulation navigateur,575af4390efbe9b658d1b3d9b47f2a9932b1fc03,fr,Chromium 149,1440 × 900,"Message de panne, pas de faux état vide",Unable to load cards ; GET503 interceptés,réussi,tcgdex-503-simulation-reelle.json,,
SCN-0908,Fonctionnel,TCG,Reprise après panne TCGdex,/fr/tcg,Visiteur ; session dédiée sans compte,local isolé / simulation navigateur,575af4390efbe9b658d1b3d9b47f2a9932b1fc03,fr,Chromium 149,1440 × 900,Résultats reviennent au changement de recherche,24 cartes Pikachu après levée de l’interception,réussi,tcg-panne-reprise-confirmee.json,,
SCN-0909,Fonctionnel,Références Pokémon,"PWA : worker, cache et hors ligne revisité",/fr/pokedex,Visiteur ; session dédiée sans compte,local isolé,575af4390efbe9b658d1b3d9b47f2a9932b1fc03,fr,Chromium 149,1440 × 900,Page contrôlée mise en cache accessible hors ligne,Cachepages-v3 puis Pokédex complet hors ligne,réussi,pwa-revisite-cache.json,,
SCN-0910,Fonctionnel,Références Pokémon,PWA : document non encore mis en cache hors ligne,/fr/pokedex,Visiteur ; session dédiée sans compte,local isolé,575af4390efbe9b658d1b3d9b47f2a9932b1fc03,fr,Chromium 149,1440 × 900,Fallback explicite,Premier chargement avant contrôle du worker ; reload hors ligne affiche le fallback,réussi,pwa-hors-ligne.json,,
SCN-0911,Fonctionnel,Références Pokémon,Chunk Sentry facultatif en404,/fr/pokedex,Visiteur ; session dédiée sans compte,local isolé / simulation navigateur,575af4390efbe9b658d1b3d9b47f2a9932b1fc03,fr,Chromium 149,1440 × 900,Interface anonyme reste utilisable,Invitation à connexion à9s et18s ; aucune validation sync cloud,réussi,panne-un-chunk-differe-isole.json,,
SCN-0912,Fonctionnel,Références Pokémon,Choix langue FR→DE,/fr/pokedex,Visiteur ; session dédiée sans compte,local isolé,575af4390efbe9b658d1b3d9b47f2a9932b1fc03,fr,Chromium 149,1440 × 900,Navigation et cookie de langue,URL/de/pokedex et cookie langueDE après stabilisation,réussi,changement-langue-attente.json,,
SCN-0913,Fonctionnel,Références Pokémon,404 : collision clavier,/fr/pokemon/audit-inexistant,Visiteur ; session dédiée sans compte,local isolé,575af4390efbe9b658d1b3d9b47f2a9932b1fc03,fr,Chromium 149,1440 × 900,"Mur infranchissable, compteur inchangé",Steps0 et message de collision,réussi,maze-mouvement-reset-portail.json,,
SCN-0914,Fonctionnel,Références Pokémon,404 : pad directionnel,/fr/pokemon/audit-inexistant,Visiteur ; session dédiée sans compte,local isolé,575af4390efbe9b658d1b3d9b47f2a9932b1fc03,fr,Chromium 149,1440 × 900,Déplacement réel et compteur,Down : Steps1,réussi,maze-mouvement-reset-portail.json,,
SCN-0915,Fonctionnel,Références Pokémon,404 : remise à zéro avec R,/fr/pokemon/audit-inexistant,Visiteur ; session dédiée sans compte,local isolé,575af4390efbe9b658d1b3d9b47f2a9932b1fc03,fr,Chromium 149,1440 × 900,"Nouvelle partie, compteurs remis à zéro","Fragments0/3, Steps0 ; nouvelle grille",réussi,maze-mouvement-reset-portail.json,,
SCN-0916,Fonctionnel,Références Pokémon,404 : portail incomplet,/fr/pokemon/audit-inexistant,Visiteur ; session dédiée sans compte,local isolé,575af4390efbe9b658d1b3d9b47f2a9932b1fc03,fr,Chromium 149,1440 × 900,Sortie verrouillée avant collecte,"0/3, portail refusé ; Steps79",réussi,maze-mouvement-reset-portail.json,,
SCN-0917,Fonctionnel,Références Pokémon,"404 : fragments, victoire et retour",/fr/pokemon/audit-inexistant,Visiteur ; session dédiée sans compte,local isolé,575af4390efbe9b658d1b3d9b47f2a9932b1fc03,fr,Chromium 149,1440 × 900,3 fragments ouvrent le portail puis retour accueil,1/3 →2/3 →3/3 ; victoire246 pas puis /fr,réussi,maze-parcours-complet.json,,
SCN-0918,Fonctionnel,Outils et jeux,Capacités œuf : espèce sans capacités,/fr/breeding,Visiteur ; session dédiée sans compte,local isolé,575af4390efbe9b658d1b3d9b47f2a9932b1fc03,fr,Chromium 149,1440 × 900,État vide explicite,"Pikachu, 0 capacité, explication",réussi,capacites-oeuf-chargees.json,,
SCN-0919,Fonctionnel,Outils et jeux,Capacités œuf : espèce et filtre positif,/fr/breeding,Visiteur ; session dédiée sans compte,local isolé,575af4390efbe9b658d1b3d9b47f2a9932b1fc03,fr,Chromium 149,1440 × 900,Liste puis filtrage cohérent,"Bulbasaur19 capacités, curse seul résultat",réussi,capacites-oeuf-execution-validee.json,,
SCN-0920,Fonctionnel,Outils et jeux,Capacités œuf : panneau Sources,/fr/breeding,Visiteur ; session dédiée sans compte,local isolé,575af4390efbe9b658d1b3d9b47f2a9932b1fc03,fr,Chromium 149,1440 × 900,Conseil et lien disponibles,Conseil groupes monster/plant et lien Bulbapedia Curse,réussi,capacites-oeuf-execution-validee.json,,
SCN-0921,Fonctionnel,Outils et jeux,Capacités œuf : filtre impossible,/fr/breeding,Visiteur ; session dédiée sans compte,local isolé,575af4390efbe9b658d1b3d9b47f2a9932b1fc03,fr,Chromium 149,1440 × 900,État vide de recherche,"0 capacité correspondante à zz zaudit, saisi sans espaces",réussi,capacites-oeuf-execution-validee.json,,
SCN-0922,Fonctionnel,Outils et jeux,Capacités œuf : espèce inexistante,/fr/breeding,Visiteur ; session dédiée sans compte,local isolé,575af4390efbe9b658d1b3d9b47f2a9932b1fc03,fr,Chromium 149,1440 × 900,Erreur explicite distincte du vide,Erreur de chargement ; sources404 reproduites,réussi,capacites-oeuf-invalide-valide.json,,
SCN-0923,Fonctionnel,TCG,Latence artificielle TCGdex et reload,/fr/tcg?set=sv03.5&q=charizard,Visiteur ; session dédiée sans compte,local isolé / réseau simulé,575af4390efbe9b658d1b3d9b47f2a9932b1fc03,fr,Chromium 149,1440 × 900,"Chargement explicite puis cartes attendues, URL conservée","+700ms par GET ; 0→3 cartes Charizard de151,3 après reload ; incohérence de libellé couverte séparément par BUG-015",réussi,tcg-latence-simulation-validee.json,,
SCN-0924,Métier,Compte et espace personnel,Connexion avec compte valide,/fr/auth,Compte/fixtures de test autorisés,aucun,575af4390efbe9b658d1b3d9b47f2a9932b1fc03,fr,Chromium 149,1440 × 900,Résultat et conséquences persistantes à vérifier,Aucune exécution métier réelle,bloqué,limites-outillage.json,,"Compte de test, fixtures propriétaires A/B et service cloud de test nécessaires ; autorisation ciblée des écritures, envois ou suppressions. Aucun compte créé ni session personnelle utilisée."
SCN-0925,Métier,Compte et espace personnel,Inscription réelle et vérification e-mail,/fr/auth,Compte/fixtures de test autorisés,aucun,575af4390efbe9b658d1b3d9b47f2a9932b1fc03,fr,Chromium 149,1440 × 900,Résultat et conséquences persistantes à vérifier,Aucune exécution métier réelle,bloqué,limites-outillage.json,,"Compte de test, fixtures propriétaires A/B et service cloud de test nécessaires ; autorisation ciblée des écritures, envois ou suppressions. Aucun compte créé ni session personnelle utilisée."
SCN-0926,Métier,Compte et espace personnel,Récupération par e-mail réelle,/fr/auth,Compte/fixtures de test autorisés,aucun,575af4390efbe9b658d1b3d9b47f2a9932b1fc03,fr,Chromium 149,1440 × 900,Résultat et conséquences persistantes à vérifier,Aucune exécution métier réelle,bloqué,limites-outillage.json,,"Compte de test, fixtures propriétaires A/B et service cloud de test nécessaires ; autorisation ciblée des écritures, envois ou suppressions. Aucun compte créé ni session personnelle utilisée."
SCN-0927,Métier,Compte et espace personnel,Réinitialisation valide et changement de mot de passe,/fr/auth,Compte/fixtures de test autorisés,aucun,575af4390efbe9b658d1b3d9b47f2a9932b1fc03,fr,Chromium 149,1440 × 900,Résultat et conséquences persistantes à vérifier,Aucune exécution métier réelle,bloqué,limites-outillage.json,,"Compte de test, fixtures propriétaires A/B et service cloud de test nécessaires ; autorisation ciblée des écritures, envois ou suppressions. Aucun compte créé ni session personnelle utilisée."
SCN-0928,Métier,Compte et espace personnel,Déconnexion d’un compte connecté,/fr/auth,Compte/fixtures de test autorisés,aucun,575af4390efbe9b658d1b3d9b47f2a9932b1fc03,fr,Chromium 149,1440 × 900,Résultat et conséquences persistantes à vérifier,Aucune exécution métier réelle,bloqué,limites-outillage.json,,"Compte de test, fixtures propriétaires A/B et service cloud de test nécessaires ; autorisation ciblée des écritures, envois ou suppressions. Aucun compte créé ni session personnelle utilisée."
SCN-0929,Métier,Compte et espace personnel,"Session expirée, renouvellement et persistance entre appareils",/fr/auth,Compte/fixtures de test autorisés,aucun,575af4390efbe9b658d1b3d9b47f2a9932b1fc03,fr,Chromium 149,1440 × 900,Résultat et conséquences persistantes à vérifier,Aucune exécution métier réelle,bloqué,limites-outillage.json,,"Compte de test, fixtures propriétaires A/B et service cloud de test nécessaires ; autorisation ciblée des écritures, envois ou suppressions. Aucun compte créé ni session personnelle utilisée."
SCN-0930,Métier,Compte et espace personnel,Favoris et captures synchronisés,/fr/dashboard,Compte/fixtures de test autorisés,aucun,575af4390efbe9b658d1b3d9b47f2a9932b1fc03,fr,Chromium 149,1440 × 900,Résultat et conséquences persistantes à vérifier,Aucune exécution métier réelle,bloqué,limites-outillage.json,,"Compte de test, fixtures propriétaires A/B et service cloud de test nécessaires ; autorisation ciblée des écritures, envois ou suppressions. Aucun compte créé ni session personnelle utilisée."
SCN-0931,Métier,Compte et espace personnel,"Progression, badges et historique",/fr/dashboard,Compte/fixtures de test autorisés,aucun,575af4390efbe9b658d1b3d9b47f2a9932b1fc03,fr,Chromium 149,1440 × 900,Résultat et conséquences persistantes à vérifier,Aucune exécution métier réelle,bloqué,limites-outillage.json,,"Compte de test, fixtures propriétaires A/B et service cloud de test nécessaires ; autorisation ciblée des écritures, envois ou suppressions. Aucun compte créé ni session personnelle utilisée."
SCN-0932,Métier,Compte et espace personnel,Préférences synchronisées entre appareils,/fr/dashboard,Compte/fixtures de test autorisés,aucun,575af4390efbe9b658d1b3d9b47f2a9932b1fc03,fr,Chromium 149,1440 × 900,Résultat et conséquences persistantes à vérifier,Aucune exécution métier réelle,bloqué,limites-outillage.json,,"Compte de test, fixtures propriétaires A/B et service cloud de test nécessaires ; autorisation ciblée des écritures, envois ou suppressions. Aucun compte créé ni session personnelle utilisée."
SCN-0933,Métier,Compte et espace personnel,Export serveur du compte,/fr/dashboard,Compte/fixtures de test autorisés,aucun,575af4390efbe9b658d1b3d9b47f2a9932b1fc03,fr,Chromium 149,1440 × 900,Résultat et conséquences persistantes à vérifier,Aucune exécution métier réelle,bloqué,limites-outillage.json,,"Compte de test, fixtures propriétaires A/B et service cloud de test nécessaires ; autorisation ciblée des écritures, envois ou suppressions. Aucun compte créé ni session personnelle utilisée."
SCN-0934,Métier,Compte et espace personnel,Suppression réelle du compte et reprise de suppression,/fr/dashboard,Compte/fixtures de test autorisés,aucun,575af4390efbe9b658d1b3d9b47f2a9932b1fc03,fr,Chromium 149,1440 × 900,Résultat et conséquences persistantes à vérifier,Aucune exécution métier réelle,bloqué,limites-outillage.json,,"Compte de test, fixtures propriétaires A/B et service cloud de test nécessaires ; autorisation ciblée des écritures, envois ou suppressions. Aucun compte créé ni session personnelle utilisée."
SCN-0935,Métier,Outils et jeux,"Équipe propriétaire : ajouter6, doublon et septième membre",/fr/team,Compte/fixtures de test autorisés,aucun,575af4390efbe9b658d1b3d9b47f2a9932b1fc03,fr,Chromium 149,1440 × 900,Résultat et conséquences persistantes à vérifier,Aucune exécution métier réelle,bloqué,limites-outillage.json,,"Compte de test, fixtures propriétaires A/B et service cloud de test nécessaires ; autorisation ciblée des écritures, envois ou suppressions. Aucun compte créé ni session personnelle utilisée."
SCN-0936,Métier,Outils et jeux,Retrait et réorganisation de l’équipe,/fr/team,Compte/fixtures de test autorisés,aucun,575af4390efbe9b658d1b3d9b47f2a9932b1fc03,fr,Chromium 149,1440 × 900,Résultat et conséquences persistantes à vérifier,Aucune exécution métier réelle,bloqué,limites-outillage.json,,"Compte de test, fixtures propriétaires A/B et service cloud de test nécessaires ; autorisation ciblée des écritures, envois ou suppressions. Aucun compte créé ni session personnelle utilisée."
SCN-0937,Métier,Outils et jeux,Import sur équipe existante et données persistantes,/fr/team,Compte/fixtures de test autorisés,aucun,575af4390efbe9b658d1b3d9b47f2a9932b1fc03,fr,Chromium 149,1440 × 900,Résultat et conséquences persistantes à vérifier,Aucune exécution métier réelle,bloqué,limites-outillage.json,,"Compte de test, fixtures propriétaires A/B et service cloud de test nécessaires ; autorisation ciblée des écritures, envois ou suppressions. Aucun compte créé ni session personnelle utilisée."
SCN-0938,Métier,Outils et jeux,Export Showdown / image d’une équipe sauvegardée,/fr/team,Compte/fixtures de test autorisés,aucun,575af4390efbe9b658d1b3d9b47f2a9932b1fc03,fr,Chromium 149,1440 × 900,Résultat et conséquences persistantes à vérifier,Aucune exécution métier réelle,bloqué,limites-outillage.json,,"Compte de test, fixtures propriétaires A/B et service cloud de test nécessaires ; autorisation ciblée des écritures, envois ou suppressions. Aucun compte créé ni session personnelle utilisée."
SCN-0939,Métier,Outils et jeux,Partie persistante : création et rechargement,/fr/nuzlocke,Compte/fixtures de test autorisés,aucun,575af4390efbe9b658d1b3d9b47f2a9932b1fc03,fr,Chromium 149,1440 × 900,Résultat et conséquences persistantes à vérifier,Aucune exécution métier réelle,bloqué,limites-outillage.json,,"Compte de test, fixtures propriétaires A/B et service cloud de test nécessaires ; autorisation ciblée des écritures, envois ou suppressions. Aucun compte créé ni session personnelle utilisée."
SCN-0940,Métier,Outils et jeux,Rencontre unique par route et doublon,/fr/nuzlocke,Compte/fixtures de test autorisés,aucun,575af4390efbe9b658d1b3d9b47f2a9932b1fc03,fr,Chromium 149,1440 × 900,Résultat et conséquences persistantes à vérifier,Aucune exécution métier réelle,bloqué,limites-outillage.json,,"Compte de test, fixtures propriétaires A/B et service cloud de test nécessaires ; autorisation ciblée des écritures, envois ou suppressions. Aucun compte créé ni session personnelle utilisée."
SCN-0941,Métier,Outils et jeux,Statuts vivant/mort/boîte et statistiques,/fr/nuzlocke,Compte/fixtures de test autorisés,aucun,575af4390efbe9b658d1b3d9b47f2a9932b1fc03,fr,Chromium 149,1440 × 900,Résultat et conséquences persistantes à vérifier,Aucune exécution métier réelle,bloqué,limites-outillage.json,,"Compte de test, fixtures propriétaires A/B et service cloud de test nécessaires ; autorisation ciblée des écritures, envois ou suppressions. Aucun compte créé ni session personnelle utilisée."
SCN-0942,Métier,Outils et jeux,Modification et suppression d’une partie,/fr/nuzlocke,Compte/fixtures de test autorisés,aucun,575af4390efbe9b658d1b3d9b47f2a9932b1fc03,fr,Chromium 149,1440 × 900,Résultat et conséquences persistantes à vérifier,Aucune exécution métier réelle,bloqué,limites-outillage.json,,"Compte de test, fixtures propriétaires A/B et service cloud de test nécessaires ; autorisation ciblée des écritures, envois ou suppressions. Aucun compte créé ni session personnelle utilisée."
SCN-0943,Métier,Compte et espace personnel,"Profil personnel, pseudo, visibilité",/fr/friends,Compte/fixtures de test autorisés,aucun,575af4390efbe9b658d1b3d9b47f2a9932b1fc03,fr,Chromium 149,1440 × 900,Résultat et conséquences persistantes à vérifier,Aucune exécution métier réelle,bloqué,limites-outillage.json,,"Compte de test, fixtures propriétaires A/B et service cloud de test nécessaires ; autorisation ciblée des écritures, envois ou suppressions. Aucun compte créé ni session personnelle utilisée."
SCN-0944,Métier,Compte et espace personnel,Recherche de profil authentifiée,/fr/friends,Compte/fixtures de test autorisés,aucun,575af4390efbe9b658d1b3d9b47f2a9932b1fc03,fr,Chromium 149,1440 × 900,Résultat et conséquences persistantes à vérifier,Aucune exécution métier réelle,bloqué,limites-outillage.json,,"Compte de test, fixtures propriétaires A/B et service cloud de test nécessaires ; autorisation ciblée des écritures, envois ou suppressions. Aucun compte créé ni session personnelle utilisée."
SCN-0945,Métier,Compte et espace personnel,Envoi et acceptation de demande,/fr/friends,Compte/fixtures de test autorisés,aucun,575af4390efbe9b658d1b3d9b47f2a9932b1fc03,fr,Chromium 149,1440 × 900,Résultat et conséquences persistantes à vérifier,Aucune exécution métier réelle,bloqué,limites-outillage.json,,"Compte de test, fixtures propriétaires A/B et service cloud de test nécessaires ; autorisation ciblée des écritures, envois ou suppressions. Aucun compte créé ni session personnelle utilisée."
SCN-0946,Métier,Compte et espace personnel,"Refus, retrait et permissions ami/non-ami",/fr/friends,Compte/fixtures de test autorisés,aucun,575af4390efbe9b658d1b3d9b47f2a9932b1fc03,fr,Chromium 149,1440 × 900,Résultat et conséquences persistantes à vérifier,Aucune exécution métier réelle,bloqué,limites-outillage.json,,"Compte de test, fixtures propriétaires A/B et service cloud de test nécessaires ; autorisation ciblée des écritures, envois ou suppressions. Aucun compte créé ni session personnelle utilisée."
SCN-0947,Métier,Compte et espace personnel,Lecture propriétaire et autre utilisateur ; données réellement partagées,/fr/friends/[friendId],Compte/fixtures de test autorisés,aucun,575af4390efbe9b658d1b3d9b47f2a9932b1fc03,fr,Chromium 149,1440 × 900,Résultat et conséquences persistantes à vérifier,Aucune exécution métier réelle,bloqué,limites-outillage.json,,"Compte de test, fixtures propriétaires A/B et service cloud de test nécessaires ; autorisation ciblée des écritures, envois ou suppressions. Aucun compte créé ni session personnelle utilisée."
SCN-0948,Métier,Compte et espace personnel,Profil existant public et confidentialité,/fr/u/[handle],Compte/fixtures de test autorisés,aucun,575af4390efbe9b658d1b3d9b47f2a9932b1fc03,fr,Chromium 149,1440 × 900,Résultat et conséquences persistantes à vérifier,Aucune exécution métier réelle,bloqué,limites-outillage.json,,"Compte de test, fixtures propriétaires A/B et service cloud de test nécessaires ; autorisation ciblée des écritures, envois ou suppressions. Aucun compte créé ni session personnelle utilisée."
SCN-0949,Métier,TCG,Création d’album et activation de collection,/fr/tcg/collection,Compte/fixtures de test autorisés,aucun,575af4390efbe9b658d1b3d9b47f2a9932b1fc03,fr,Chromium 149,1440 × 900,Résultat et conséquences persistantes à vérifier,Aucune exécution métier réelle,bloqué,limites-outillage.json,,"Compte de test, fixtures propriétaires A/B et service cloud de test nécessaires ; autorisation ciblée des écritures, envois ou suppressions. Aucun compte créé ni session personnelle utilisée."
SCN-0950,Métier,TCG,"Possession, quantités, variantes et doublons",/fr/tcg/collection,Compte/fixtures de test autorisés,aucun,575af4390efbe9b658d1b3d9b47f2a9932b1fc03,fr,Chromium 149,1440 × 900,Résultat et conséquences persistantes à vérifier,Aucune exécution métier réelle,bloqué,limites-outillage.json,,"Compte de test, fixtures propriétaires A/B et service cloud de test nécessaires ; autorisation ciblée des écritures, envois ou suppressions. Aucun compte créé ni session personnelle utilisée."
SCN-0951,Métier,TCG,Progression entre album/extension/carte,/fr/tcg/collection,Compte/fixtures de test autorisés,aucun,575af4390efbe9b658d1b3d9b47f2a9932b1fc03,fr,Chromium 149,1440 × 900,Résultat et conséquences persistantes à vérifier,Aucune exécution métier réelle,bloqué,limites-outillage.json,,"Compte de test, fixtures propriétaires A/B et service cloud de test nécessaires ; autorisation ciblée des écritures, envois ou suppressions. Aucun compte créé ni session personnelle utilisée."
SCN-0952,Métier,TCG,"Notes, transactions personnelles et refresh",/fr/tcg/collection,Compte/fixtures de test autorisés,aucun,575af4390efbe9b658d1b3d9b47f2a9932b1fc03,fr,Chromium 149,1440 × 900,Résultat et conséquences persistantes à vérifier,Aucune exécution métier réelle,bloqué,limites-outillage.json,,"Compte de test, fixtures propriétaires A/B et service cloud de test nécessaires ; autorisation ciblée des écritures, envois ou suppressions. Aucun compte créé ni session personnelle utilisée."
SCN-0953,Métier,TCG,Collection multi-onglets et synchronisation,/fr/tcg/collection,Compte/fixtures de test autorisés,aucun,575af4390efbe9b658d1b3d9b47f2a9932b1fc03,fr,Chromium 149,1440 × 900,Résultat et conséquences persistantes à vérifier,Aucune exécution métier réelle,bloqué,limites-outillage.json,,"Compte de test, fixtures propriétaires A/B et service cloud de test nécessaires ; autorisation ciblée des écritures, envois ou suppressions. Aucun compte créé ni session personnelle utilisée."
SCN-0954,Métier,TCG,"Ajouter/retirer, doublons et persistance",/fr/tcg/wishlist,Compte/fixtures de test autorisés,aucun,575af4390efbe9b658d1b3d9b47f2a9932b1fc03,fr,Chromium 149,1440 × 900,Résultat et conséquences persistantes à vérifier,Aucune exécution métier réelle,bloqué,limites-outillage.json,,"Compte de test, fixtures propriétaires A/B et service cloud de test nécessaires ; autorisation ciblée des écritures, envois ou suppressions. Aucun compte créé ni session personnelle utilisée."
SCN-0955,Métier,TCG,Ajouter depuis catalogue ou fiche,/fr/tcg,Compte/fixtures de test autorisés,aucun,575af4390efbe9b658d1b3d9b47f2a9932b1fc03,fr,Chromium 149,1440 × 900,Résultat et conséquences persistantes à vérifier,Aucune exécution métier réelle,bloqué,limites-outillage.json,,"Compte de test, fixtures propriétaires A/B et service cloud de test nécessaires ; autorisation ciblée des écritures, envois ou suppressions. Aucun compte créé ni session personnelle utilisée. Action refusée par la revue automatique d’approbation."
SCN-0956,Métier,TCG,Comparaison TCG via liste personnelle,/fr/tcg,Compte/fixtures de test autorisés,aucun,575af4390efbe9b658d1b3d9b47f2a9932b1fc03,fr,Chromium 149,1440 × 900,Résultat et conséquences persistantes à vérifier,Aucune exécution métier réelle,bloqué,limites-outillage.json,,"Compte de test, fixtures propriétaires A/B et service cloud de test nécessaires ; autorisation ciblée des écritures, envois ou suppressions. Aucun compte créé ni session personnelle utilisée."
SCN-0957,Métier,TCG,Recherche enregistrée : créer/modifier/supprimer,/fr/tcg,Compte/fixtures de test autorisés,aucun,575af4390efbe9b658d1b3d9b47f2a9932b1fc03,fr,Chromium 149,1440 × 900,Résultat et conséquences persistantes à vérifier,Aucune exécution métier réelle,bloqué,limites-outillage.json,,"Compte de test, fixtures propriétaires A/B et service cloud de test nécessaires ; autorisation ciblée des écritures, envois ou suppressions. Aucun compte créé ni session personnelle utilisée."
SCN-0958,Métier,TCG,Filtres possédées/wishlist alimentés par de vraies données,/fr/tcg,Compte/fixtures de test autorisés,aucun,575af4390efbe9b658d1b3d9b47f2a9932b1fc03,fr,Chromium 149,1440 × 900,Résultat et conséquences persistantes à vérifier,Aucune exécution métier réelle,bloqué,limites-outillage.json,,"Compte de test, fixtures propriétaires A/B et service cloud de test nécessaires ; autorisation ciblée des écritures, envois ou suppressions. Aucun compte créé ni session personnelle utilisée."
SCN-0959,Métier,TCG,"Créer, éditer, dupliquer et supprimer un deck",/fr/tcg/deck-builder,Compte/fixtures de test autorisés,aucun,575af4390efbe9b658d1b3d9b47f2a9932b1fc03,fr,Chromium 149,1440 × 900,Résultat et conséquences persistantes à vérifier,Aucune exécution métier réelle,bloqué,limites-outillage.json,,"Compte de test, fixtures propriétaires A/B et service cloud de test nécessaires ; autorisation ciblée des écritures, envois ou suppressions. Aucun compte créé ni session personnelle utilisée."
SCN-0960,Métier,TCG,"Limites de cartes, comptage et validation",/fr/tcg/deck-builder,Compte/fixtures de test autorisés,aucun,575af4390efbe9b658d1b3d9b47f2a9932b1fc03,fr,Chromium 149,1440 × 900,Résultat et conséquences persistantes à vérifier,Aucune exécution métier réelle,bloqué,limites-outillage.json,,"Compte de test, fixtures propriétaires A/B et service cloud de test nécessaires ; autorisation ciblée des écritures, envois ou suppressions. Aucun compte créé ni session personnelle utilisée."
SCN-0961,Métier,TCG,Import/export d’un deck personnel,/fr/tcg/deck-builder,Compte/fixtures de test autorisés,aucun,575af4390efbe9b658d1b3d9b47f2a9932b1fc03,fr,Chromium 149,1440 × 900,Résultat et conséquences persistantes à vérifier,Aucune exécution métier réelle,bloqué,limites-outillage.json,,"Compte de test, fixtures propriétaires A/B et service cloud de test nécessaires ; autorisation ciblée des écritures, envois ou suppressions. Aucun compte créé ni session personnelle utilisée."
SCN-0962,Métier,Scellés,"Créer une position, quantité et coût",/fr/tcg/sealed/collection,Compte/fixtures de test autorisés,aucun,575af4390efbe9b658d1b3d9b47f2a9932b1fc03,fr,Chromium 149,1440 × 900,Résultat et conséquences persistantes à vérifier,Aucune exécution métier réelle,bloqué,limites-outillage.json,,"Compte de test, fixtures propriétaires A/B et service cloud de test nécessaires ; autorisation ciblée des écritures, envois ou suppressions. Aucun compte créé ni session personnelle utilisée."
SCN-0963,Métier,Scellés,Achat/vente et portefeuille,/fr/tcg/sealed/collection,Compte/fixtures de test autorisés,aucun,575af4390efbe9b658d1b3d9b47f2a9932b1fc03,fr,Chromium 149,1440 × 900,Résultat et conséquences persistantes à vérifier,Aucune exécution métier réelle,bloqué,limites-outillage.json,,"Compte de test, fixtures propriétaires A/B et service cloud de test nécessaires ; autorisation ciblée des écritures, envois ou suppressions. Aucun compte créé ni session personnelle utilisée."
SCN-0964,Métier,Scellés,Modification et archivage d’une position,/fr/tcg/sealed/collection,Compte/fixtures de test autorisés,aucun,575af4390efbe9b658d1b3d9b47f2a9932b1fc03,fr,Chromium 149,1440 × 900,Résultat et conséquences persistantes à vérifier,Aucune exécution métier réelle,bloqué,limites-outillage.json,,"Compte de test, fixtures propriétaires A/B et service cloud de test nécessaires ; autorisation ciblée des écritures, envois ou suppressions. Aucun compte créé ni session personnelle utilisée."
SCN-0965,Métier,Scellés,Créer/modifier/annuler transaction,/fr/tcg/sealed/journal,Compte/fixtures de test autorisés,aucun,575af4390efbe9b658d1b3d9b47f2a9932b1fc03,fr,Chromium 149,1440 × 900,Résultat et conséquences persistantes à vérifier,Aucune exécution métier réelle,bloqué,limites-outillage.json,,"Compte de test, fixtures propriétaires A/B et service cloud de test nécessaires ; autorisation ciblée des écritures, envois ou suppressions. Aucun compte créé ni session personnelle utilisée."
SCN-0966,Métier,Scellés,Historique et cohérence de soldes,/fr/tcg/sealed/journal,Compte/fixtures de test autorisés,aucun,575af4390efbe9b658d1b3d9b47f2a9932b1fc03,fr,Chromium 149,1440 × 900,Résultat et conséquences persistantes à vérifier,Aucune exécution métier réelle,bloqué,limites-outillage.json,,"Compte de test, fixtures propriétaires A/B et service cloud de test nécessaires ; autorisation ciblée des écritures, envois ou suppressions. Aucun compte créé ni session personnelle utilisée."
SCN-0967,Métier,Scellés,Calculs personnels de valeur et performance,/fr/tcg/sealed/analytics,Compte/fixtures de test autorisés,aucun,575af4390efbe9b658d1b3d9b47f2a9932b1fc03,fr,Chromium 149,1440 × 900,Résultat et conséquences persistantes à vérifier,Aucune exécution métier réelle,bloqué,limites-outillage.json,,"Compte de test, fixtures propriétaires A/B et service cloud de test nécessaires ; autorisation ciblée des écritures, envois ou suppressions. Aucun compte créé ni session personnelle utilisée."
SCN-0968,Métier,Scellés,Flux de trésorerie et exports personnels,/fr/tcg/sealed/cashflow,Compte/fixtures de test autorisés,aucun,575af4390efbe9b658d1b3d9b47f2a9932b1fc03,fr,Chromium 149,1440 × 900,Résultat et conséquences persistantes à vérifier,Aucune exécution métier réelle,bloqué,limites-outillage.json,,"Compte de test, fixtures propriétaires A/B et service cloud de test nécessaires ; autorisation ciblée des écritures, envois ou suppressions. Aucun compte créé ni session personnelle utilisée."
SCN-0969,Métier,Scellés,"Ajouter, modifier et supprimer source/alias",/fr/tcg/sealed/sources,Compte/fixtures de test autorisés,aucun,575af4390efbe9b658d1b3d9b47f2a9932b1fc03,fr,Chromium 149,1440 × 900,Résultat et conséquences persistantes à vérifier,Aucune exécution métier réelle,bloqué,limites-outillage.json,,"Compte de test, fixtures propriétaires A/B et service cloud de test nécessaires ; autorisation ciblée des écritures, envois ou suppressions. Aucun compte créé ni session personnelle utilisée."
SCN-0970,Métier,Outils et jeux,Créer et rejoindre salle multijoueur,/fr/battle,Compte/fixtures de test autorisés,aucun,575af4390efbe9b658d1b3d9b47f2a9932b1fc03,fr,Chromium 149,1440 × 900,Résultat et conséquences persistantes à vérifier,Aucune exécution métier réelle,bloqué,limites-outillage.json,,"Compte de test, fixtures propriétaires A/B et service cloud de test nécessaires ; autorisation ciblée des écritures, envois ou suppressions. Aucun compte créé ni session personnelle utilisée."
SCN-0971,Métier,Outils et jeux,Échanger messages et mises à jour entre deux joueurs,/fr/battle,Compte/fixtures de test autorisés,aucun,575af4390efbe9b658d1b3d9b47f2a9932b1fc03,fr,Chromium 149,1440 × 900,Résultat et conséquences persistantes à vérifier,Aucune exécution métier réelle,bloqué,limites-outillage.json,,"Compte de test, fixtures propriétaires A/B et service cloud de test nécessaires ; autorisation ciblée des écritures, envois ou suppressions. Aucun compte créé ni session personnelle utilisée."
SCN-0972,Métier,Outils et jeux,"Permissions adversaire, spectateur et autre utilisateur",/fr/battle,Compte/fixtures de test autorisés,aucun,575af4390efbe9b658d1b3d9b47f2a9932b1fc03,fr,Chromium 149,1440 × 900,Résultat et conséquences persistantes à vérifier,Aucune exécution métier réelle,bloqué,limites-outillage.json,,"Compte de test, fixtures propriétaires A/B et service cloud de test nécessaires ; autorisation ciblée des écritures, envois ou suppressions. Aucun compte créé ni session personnelle utilisée."
SCN-0973,Métier,Outils et jeux,Défi quotidien : lancement et réponses,/fr/quiz,Compte/fixtures de test autorisés,aucun,575af4390efbe9b658d1b3d9b47f2a9932b1fc03,fr,Chromium 149,1440 × 900,Résultat et conséquences persistantes à vérifier,Aucune exécution métier réelle,bloqué,limites-outillage.json,,"Compte de test, fixtures propriétaires A/B et service cloud de test nécessaires ; autorisation ciblée des écritures, envois ou suppressions. Aucun compte créé ni session personnelle utilisée. Action refusée par la revue automatique d’approbation."
SCN-0974,Métier,Outils et jeux,"Soumission réelle, anti-rejeu et classement",/fr/quiz,Compte/fixtures de test autorisés,aucun,575af4390efbe9b658d1b3d9b47f2a9932b1fc03,fr,Chromium 149,1440 × 900,Résultat et conséquences persistantes à vérifier,Aucune exécution métier réelle,bloqué,limites-outillage.json,,"Compte de test, fixtures propriétaires A/B et service cloud de test nécessaires ; autorisation ciblée des écritures, envois ou suppressions. Aucun compte créé ni session personnelle utilisée."
SCN-0975,Métier,Outils et jeux,"Sauvegarde records, badges et sessions",/fr/quiz,Compte/fixtures de test autorisés,aucun,575af4390efbe9b658d1b3d9b47f2a9932b1fc03,fr,Chromium 149,1440 × 900,Résultat et conséquences persistantes à vérifier,Aucune exécution métier réelle,bloqué,limites-outillage.json,,"Compte de test, fixtures propriétaires A/B et service cloud de test nécessaires ; autorisation ciblée des écritures, envois ou suppressions. Aucun compte créé ni session personnelle utilisée."
SCN-0976,Métier,Navigation et contenus,Envoi réel de message et réception,/fr/contact,Compte/fixtures de test autorisés,aucun,575af4390efbe9b658d1b3d9b47f2a9932b1fc03,fr,Chromium 149,1440 × 900,Résultat et conséquences persistantes à vérifier,Aucune exécution métier réelle,bloqué,limites-outillage.json,,"Compte de test, fixtures propriétaires A/B et service cloud de test nécessaires ; autorisation ciblée des écritures, envois ou suppressions. Aucun compte créé ni session personnelle utilisée."
SCN-0977,Métier,Navigation et contenus,Création/révocation d’une clé API,/fr/docs/api,Compte/fixtures de test autorisés,aucun,575af4390efbe9b658d1b3d9b47f2a9932b1fc03,fr,Chromium 149,1440 × 900,Résultat et conséquences persistantes à vérifier,Aucune exécution métier réelle,bloqué,limites-outillage.json,,"Compte de test, fixtures propriétaires A/B et service cloud de test nécessaires ; autorisation ciblée des écritures, envois ou suppressions. Aucun compte créé ni session personnelle utilisée."
SCN-0978,Métier,Navigation et contenus,Clé read : lecture propriétaire et refus de mutation,/fr/docs/api,Compte/fixtures de test autorisés,aucun,575af4390efbe9b658d1b3d9b47f2a9932b1fc03,fr,Chromium 149,1440 × 900,Résultat et conséquences persistantes à vérifier,Aucune exécution métier réelle,bloqué,limites-outillage.json,,"Compte de test, fixtures propriétaires A/B et service cloud de test nécessaires ; autorisation ciblée des écritures, envois ou suppressions. Aucun compte créé ni session personnelle utilisée."
SCN-0979,Métier,Navigation et contenus,Clé read_write : écriture et lecture après mutation,/fr/docs/api,Compte/fixtures de test autorisés,aucun,575af4390efbe9b658d1b3d9b47f2a9932b1fc03,fr,Chromium 149,1440 × 900,Résultat et conséquences persistantes à vérifier,Aucune exécution métier réelle,bloqué,limites-outillage.json,,"Compte de test, fixtures propriétaires A/B et service cloud de test nécessaires ; autorisation ciblée des écritures, envois ou suppressions. Aucun compte créé ni session personnelle utilisée."
SCN-0980,Métier,Navigation et contenus,Autre propriétaire et isolation des données,/fr/docs/api,Compte/fixtures de test autorisés,aucun,575af4390efbe9b658d1b3d9b47f2a9932b1fc03,fr,Chromium 149,1440 × 900,Résultat et conséquences persistantes à vérifier,Aucune exécution métier réelle,bloqué,limites-outillage.json,,"Compte de test, fixtures propriétaires A/B et service cloud de test nécessaires ; autorisation ciblée des écritures, envois ou suppressions. Aucun compte créé ni session personnelle utilisée."
SCN-0981,Métier,Navigation et contenus,Clé expirée/révoquée ; erreurs401/403/429 sous identité réelle,/fr/docs/api,Compte/fixtures de test autorisés,aucun,575af4390efbe9b658d1b3d9b47f2a9932b1fc03,fr,Chromium 149,1440 × 900,Résultat et conséquences persistantes à vérifier,Aucune exécution métier réelle,bloqué,limites-outillage.json,,"Compte de test, fixtures propriétaires A/B et service cloud de test nécessaires ; autorisation ciblée des écritures, envois ou suppressions. Aucun compte créé ni session personnelle utilisée."
SCN-0982,Métier,Navigation et contenus,Installation PWA native,/fr/offline,Compte/fixtures de test autorisés,aucun,575af4390efbe9b658d1b3d9b47f2a9932b1fc03,fr,Chromium 149,1440 × 900,Résultat et conséquences persistantes à vérifier,Aucune exécution métier réelle,bloqué,limites-outillage.json,,Navigateur interactif installable nécessaire ; applications natives inaccessibles (Mac verrouillé).
SCN-0983,Métier,Navigation et contenus,Permission et notification push réelle,/fr/offline,Compte/fixtures de test autorisés,aucun,575af4390efbe9b658d1b3d9b47f2a9932b1fc03,fr,Chromium 149,1440 × 900,Résultat et conséquences persistantes à vérifier,Aucune exécution métier réelle,bloqué,limites-outillage.json,,"Compte de test, fixtures propriétaires A/B et service cloud de test nécessaires ; autorisation ciblée des écritures, envois ou suppressions. Aucun compte créé ni session personnelle utilisée."
SCN-0984,Métier,Navigation et contenus,Session connectée hors ligne puis resynchronisation,/fr/offline,Compte/fixtures de test autorisés,aucun,575af4390efbe9b658d1b3d9b47f2a9932b1fc03,fr,Chromium 149,1440 × 900,Résultat et conséquences persistantes à vérifier,Aucune exécution métier réelle,bloqué,limites-outillage.json,,"Compte de test, fixtures propriétaires A/B et service cloud de test nécessaires ; autorisation ciblée des écritures, envois ou suppressions. Aucun compte créé ni session personnelle utilisée."
SCN-0985,Environnement,Navigation et contenus,Accès à la preview,https://lunidex-14vz9bgha-teeflo.vercel.app/fr,Accès sans session personnelle,preview protégée,Non observable dans l’application ; commit recensé : 3b84f1e32f5e21a9b530f9d44ec4314da0641f58,fr,Chromium 149,1440 × 900,Version de l’application observable,Page Login Vercel ; HTTP200 ne valide pas Lunidex,bloqué,previews-accessibilite.json,,Accès autorisé à la protection Vercel ou preview publique ; versions recensées dans environnement.json.
SCN-0986,Environnement,Navigation et contenus,Accès à la preview,https://lunidex-mjfgeu7s8-teeflo.vercel.app/fr,Accès sans session personnelle,preview protégée,Non observable dans l’application ; commit recensé : 4d9bcf10f0a80dd2b9121d0aee803d910c4b743c,fr,Chromium 149,1440 × 900,Version de l’application observable,Page Login Vercel ; HTTP200 ne valide pas Lunidex,bloqué,previews-accessibilite.json,,Accès autorisé à la protection Vercel ou preview publique ; versions recensées dans environnement.json.
SCN-0987,Environnement,Navigation et contenus,Accès à la preview,https://lunidex-c43j3vy62-teeflo.vercel.app/fr,Accès sans session personnelle,preview protégée,Non observable dans l’application ; commit recensé : b7c45143f33ec2864a6cf2122c0e949ab5141237,fr,Chromium 149,1440 × 900,Version de l’application observable,Page Login Vercel ; HTTP200 ne valide pas Lunidex,bloqué,previews-accessibilite.json,,Accès autorisé à la protection Vercel ou preview publique ; versions recensées dans environnement.json.
SCN-0988,Environnement,Navigation et contenus,Accès à la preview,https://lunidex-rgrqysk0l-teeflo.vercel.app/fr,Accès sans session personnelle,preview protégée,Non observable dans l’application ; commit recensé : db2d6cebcfd186a4efe7f0ba16a926fe7a4b45b9,fr,Chromium 149,1440 × 900,Version de l’application observable,Page Login Vercel ; HTTP200 ne valide pas Lunidex,bloqué,previews-accessibilite.json,,Accès autorisé à la protection Vercel ou preview publique ; versions recensées dans environnement.json.
SCN-0989,Environnement,Navigation et contenus,Second moteur de navigateur,toutes,Visiteur ; session dédiée sans compte,aucun,575af4390efbe9b658d1b3d9b47f2a9932b1fc03,fr,Chromium 149,1440 × 900,Test réel WebKit ou Firefox,Chromium seul ; module Playwright local absent ; applications natives inaccessibles,bloqué,limites-outillage.json,,Moteur alternatif opérationnel et session dédiée sans données personnelles.
SCN-0990,Accessibilité,Navigation et contenus,Zoom natif200%,toutes,Visiteur ; session dédiée sans compte,aucun,575af4390efbe9b658d1b3d9b47f2a9932b1fc03,fr,Chromium 149,1440 × 900,Reflow et interactions avec zoom réel,Seule simulation CSS exécutée,bloqué,limites-outillage.json,,Navigateur interactif isolé avec zoom natif contrôlable.
SCN-0991,Accessibilité,Navigation et contenus,Lecteur d’écran réel,toutes,Visiteur ; session dédiée sans compte,aucun,575af4390efbe9b658d1b3d9b47f2a9932b1fc03,fr,Chromium 149,1440 × 900,Annonce et navigation VoiceOver/NVDA,axe et clavier exécutés ; aucune audition de lecteur d’écran,bloqué,limites-outillage.json,,"Session native isolée, applications natives accessibles et lecteur d’écran pilotable."
SCN-0992,Variantes,Navigation et contenus,Toutes les entités distantes et toutes les combinaisons,routes dynamiques,Périmètre combinatoire non borné ; inventaires externes évolutifs,production,575af4390efbe9b658d1b3d9b47f2a9932b1fc03,fr,Chromium 149,1440 × 900,Données de chaque Pokémon/carte/produit et toutes les combinaisons vérifiées,Variantes représentatives et identifiants invalides testés ; autres entités et produit cartésien non exécutés,non exécuté,environnement.json,,"Définir un corpus fini, données figées et campagne dédiée ; pas un test de charge de production."
SCN-0993,Automatisé code,Navigation et contenus,npm test,dépôt,Node22.22.3 ; aucun .env ; aucun npm ci neuf revendiqué,"copie isolée, dépendances existantes partagées",575af4390efbe9b658d1b3d9b47f2a9932b1fc03,n/a,Chromium 149,CLI,Code de sortie0,"exit=0; 10.91s; 100 fichiers,474 tests",réussi,vitest.log,,
SCN-0994,Automatisé code,Navigation et contenus,npm run lint,dépôt,Node22.22.3 ; aucun .env ; aucun npm ci neuf revendiqué,"copie isolée, dépendances existantes partagées",575af4390efbe9b658d1b3d9b47f2a9932b1fc03,n/a,Chromium 149,CLI,Code de sortie0,exit=0; 35.65s,réussi,lint.log,,
SCN-0995,Automatisé code,Navigation et contenus,npm run typecheck,dépôt,Node22.22.3 ; aucun .env ; aucun npm ci neuf revendiqué,"copie isolée, dépendances existantes partagées",575af4390efbe9b658d1b3d9b47f2a9932b1fc03,n/a,Chromium 149,CLI,Code de sortie0,exit=0; 15.7s,réussi,types.log,,
SCN-0996,Automatisé code,Navigation et contenus,npm run seo:check,dépôt,Node22.22.3 ; aucun .env ; aucun npm ci neuf revendiqué,"copie isolée, dépendances existantes partagées",575af4390efbe9b658d1b3d9b47f2a9932b1fc03,n/a,Chromium 149,CLI,Code de sortie0,exit=0; 0.25s,réussi,seo.log,,
SCN-0997,Automatisé code,Navigation et contenus,npm run build,dépôt,Node22.22.3 ; aucun .env ; aucun npm ci neuf revendiqué,"copie isolée, dépendances existantes partagées",575af4390efbe9b658d1b3d9b47f2a9932b1fc03,n/a,Chromium 149,CLI,Code de sortie0,exit=0; 63.96s,réussi,build.log,,
SCN-0998,Automatisé code,Navigation et contenus,npx tsc --project packages/core/tsconfig.json --noEmit,dépôt,Node22.22.3 ; aucun .env ; aucun npm ci neuf revendiqué,"copie isolée, dépendances existantes partagées",575af4390efbe9b658d1b3d9b47f2a9932b1fc03,n/a,Chromium 149,CLI,Code de sortie0,exit=0; 1.53s,réussi,core.log,,
